Title;l1Num;QID;Labels
Searching an organization's document repositories for experts provides a cost effective solution for the task of expert finding. We present two general strategies to expert searching given a document collection which are formalized using generative probabilistic models. The first of these directly models an expert's knowledge based on the documents that they are associated with;1;[49848, 43229, 381160, 5447188, 240673, 759676, 381160, 185451, 49848, 486902, 9081, 381160, 49848];['document', 'organization', 'expert', 'solution', 'cost', 'task', 'expert', 'strategy', 'document', 'mathematical model', 'knowledge', 'expert', 'document']
Latent Semantic Indexing (LSI) is a technique for representing documents;1;[1806883, 1432932, 21162272, 49848];['Latent semantic analysis', 'Sumburgh Airport', 'means', 'document']
"We present a novel algorithm that creates document vectors with reduced dimensionality. This work was motivated by an application characterizing relationships among documents in a collection. Our algorithm yielded inter-document similarities with an average precision up to 17.8% higher than that of singular value decomposition (SVD) used for Latent Semantic Indexing. The best performance was achieved with dimensional reduction rates that were 43% higher than SVD on average. Our algorithm creates basis vectors for a reduced space by iteratively &ldquo;scaling&rdquo; vectors and computing eigenvectors. Unlike SVD";1;[8366, 44528, 4440864, 42213, 166142, 223642, 49848, 3052382, 8366, 254465, 19352408, 1241356, 1144560, 11229, 420904, 8366, 44528, 179310, 189569, 4169, 420904];['algorithm', 'Euclidean vector', 'dimension', 'work', 'application', 'interpersonal relationship', 'document', 'fonds', 'algorithm', 'similarity', 'precision', 'record', 'rate', 'percent', 'singular value decomposition', 'algorithm', 'Euclidean vector', 'computing', 'basis', 'outer space', 'singular value decomposition']
Searching online databases requires an information retrieval strategy formalized in the EURISKO expert system. This search strategy is based on different kinds of planning: at the highest level a plan orders a linear and hierarchical planning for the request interrogation and a dynamic planning for the request modification. The recent development of the system has allowed to supply some new judgements on this approach.;1;[7094076, 11028, 58778, 185451, 21146257, 309100, 207988, 1371819, 309100, 327018, 3041974, 1087043, 1395034, 58778, 3769186, 21162272];['online database', 'information', 'system', 'strategy', 'type', 'planning', 'spirit level', 'plan', 'planning', 'interrogation', 'Dynamic Planning', 'modding', 'new product development', 'system', 'judgement', 'means']
A data organization for information retrieval (IR) systems is described which uses the structures imposed on the stored information. Trees are used as the main structure of data as information contents are often hierarchically structured (e.g. classifications;1;[42848, 58778, 816826, 11388, 6671777, 11028, 127332, 5128386];['data', 'system', 'information retrieval', 'infrared radiation', 'structure', 'information', 'Charlotte Brontë', 'classification']
This paper proposes a novel;1;[11472, 8261];['paper', 'novel']
We argue that the ability to identify pairs of related terms is at the heart of what makes spectral retrieval work in practice. Schemes such as latent semantic indexing (LSI) and its descendants have this ability in the sense that they can be viewed as computing a matrix of term-term relatedness scores which is then used to expand the given documents (not the queries). For almost all existing spectral retrieval schemes;1;[1347367, 191290, 1071233, 1072, 42213, 334600, 187560, 1661153, 6495507, 1432932, 17278086, 1347367, 173253, 44337, 187947, 49848, 11169, 959962];['capability', 'ordered pair', 'terminal emulator', 'heart', 'work', 'practice', 'Scheme', 'Indexing', 'latent typing', 'Sumburgh Airport', 'Descendants', 'capability', 'sense', 'matrix', 'partitur', 'document', 'question mark', 'diagram']
We consider the following full-text search autocompletion feature. Imagine a user of a search engine typing a query. Then with every letter being typed;1;[42139305, 278368, 19541, 11169, 9788];['feature', 'user', 'search engine', 'question mark', 'letter']
This paper describes work in progress to develop a facility for natural language access to a variety of computer databases and database systems. This facility;1;[11472, 42213, 1963461, 4688921, 315, 3329375, 68, 176165, 4688921];['paper', 'work', 'OpenEdge Advanced Business Language', 'Affiliated institution', 'language', 'language variety', 'computer', 'database management system', 'Affiliated institution']
We present SETS;1;[1330208];['Stock Exchange of Thailand']
This paper describes a Block Structured Query Language (BSQL) to be used with relational data bases. The syntax of the language is presented and discussed. Facilities of the language are illustrated by examples of actual queries. In particular we demonstrate the ability of BSQL to obtain useful information from a relational data base that is incomplete. A relational calculus is then presented which forms a basis for a formalism which precisely describes the semantics of BSQL. Finally;1;[11472, 845739, 42848, 37437, 315, 4688921, 315, 12335479, 11169, 1347367, 11028, 42848, 1722436, 189569, 3655961, 39645];['paper', 'query language', 'data', 'syntax', 'language', 'Affiliated institution', 'language', 'template', 'question mark', 'capability', 'information', 'data', 'Relational calculus', 'basis', 'formalism', 'semantics']
"We present rpref ; our generalization of the bpref evaluation metric for assessing the quality of search engine results";1;[170084, 865746, 185957, 2995644];['generalization', 'metric function', 'quality', 'result']
Information retrieval system evaluation is complicated by the need for manually assessed relevance judgments. Large manually-built directories on the web open the door to new evaluation procedures. By assuming that web pages are the known relevant items for queries that exactly match their title;1;[27318, 190258, 12621536, 201456, 466, 36794, 190686, 36774, 859965, 11169, 56019];['test', 'need', 'judgment', 'directory', 'World Wide Web', 'door', 'subroutine', 'web page', 'item', 'question mark', 'military rank']
We review a query log of hundreds of millions of queries that constitute the total query traffic for an entire week of a general-purpose commercial web search service. Previously;1;[11197, 38526, 313354, 11169, 11169, 23387, 466, 706622];['logarithm', '1,000,000', 'hundred', 'question mark', 'question mark', 'week', 'World Wide Web', 'intention']
We describe a method for improving the precision of metasearch results based upon scoring the visual features of documents' surrogate representations. These surrogate scores are used during fusion in place of the original scores or ranks provided by the underlying search engines. Visual features are extracted from typical search result surrogate information;1;[190686, 19352408, 2995644, 42139305, 853614, 49848, 187947, 2593739, 82794, 187947, 56019, 19541, 42139305, 11028, 2995644, 16320113];['subroutine', 'precision', 'result', 'feature', 'identifier', 'document', 'partitur', 'fusion', 'geographic region', 'partitur', 'military rank', 'search engine', 'feature', 'information', 'result', 'The Search']
AIR represents a connectionist approach to the task of information retrieval. The system uses relevance feedback from its users to change its representation of authors;1;[5398059, 21162272, 759676, 816826, 58778, 445558, 278368, 853614, 482980];['Indian reservation of the United States', 'means', 'task', 'information retrieval', 'system', 'relevance feedback', 'user', 'identifier', 'author']
We discuss the complexity of explanation activity in human-human goal-directed dialogue;1;[723897, 423220, 131395];['complexity', 'activity', 'dialogue']
We report on a project which attempts to classify representations of the anomalous states of knowledge (ASKs) of users of document retrieval systems on the basis of structural characteristics of the representations;1;[170584, 853614, 7275, 9081, 278368, 58778, 189569, 937228, 853614];['project', 'identifier', 'state', 'knowledge', 'user', 'system', 'basis', 'property', 'identifier']
Within five years;1;[577];['year']
A high performance information filtering system has three main requirements: it must be effective in supplying users with useful information;1;[6031077, 1761598, 278368, 11028];['information filtering system', 'software requirements specification', 'user', 'information']
Although relevance feedback techniques have been investigated for more than 20 years;1;[21162272, 577];['means', 'year']
This short paper presents a light weight technique to merge results lists obtained from querying different databases. The motivation for such a technique is a general purpose search engine for Palm-OS based PDAs.;1;[11472, 11423, 27948, 8513, 644302, 21162272, 44167, 162768];['paper', 'mass', 'list', 'database', 'motivation', 'means', 'engine', 'personal digital assistant']
The thresholding of document scores has proved critical for the effectiveness of classification tasks. We review the most important approaches to thresholding;1;[2256906, 49848, 1296024, 759676, 21162272];['Thresholding', 'document', 'effectiveness', 'task', 'means']
We developed a prototype for integrated retrieval and aggregation of diverse information contained in scanned paper documents. Such complex document information processing combines several forms of image processing together with textual/linguistic processing to enable effective analysis of complex document collections;1;[207977, 27590475, 16002092, 11028, 11472, 49848, 183252, 478798, 1053535, 7754, 49848];['prototype', 'The Retrieval', 'Aggregation', 'information', 'paper', 'document', 'morphology', 'image', 'Processing', 'mathematical analysis', 'document']
We show that incorporating user behavior data can significantly improve ordering of top results in real web search setting. We examine alternatives for incorporating feedback into the ranking process and explore the contributions of user feedback compared to other common web search features. We report results of a large scale evaluation over 3;1;[42848, 14953108, 2995644, 466, 11366, 183635, 205663, 25096743, 183635, 466, 2995644, 179651];['data', 'collation', 'result', 'World Wide Web', 'alternative rock', 'feedback', 'process', 'Contribution', 'feedback', 'World Wide Web', 'result', 'scale']
This paper documents research toward building a complete lexicon containing all the words found in general newspaper text. It is intended to provide the reader with an understanding of the inherent limitations of existing vocabulary collection methods and the need for greater attention to multi-word phrases as the building blocks of text. Additionally;1;[42240, 11472, 6499736, 625642, 11032, 3445082, 46744, 7692348, 190686, 190258, 6501338, 1459435, 28457661, 234460];['research', 'paper', 'vocabulary', 'word', 'newspaper', 'reader', 'understanding', 'technical limitation', 'subroutine', 'need', 'attention', 'phrase', 'Building block', 'text']
Evaluating user preferences of web search results is crucial for search engine development;1;[278368, 466, 1395034];['user', 'World Wide Web', 'new product development']
A new variation of high order multiway tree structures;1;[214981, 223655];['variation', 'tree data structure']
We present an analysis of the structured relationships observed in a randomly sampled set of question-like queries submitted to a search engine for a popular online encyclopedic document collection. Our study shows that a relatively small number of binary relationships account for most of the queries in the sample. This empirically validates an approach of analyzing query logs to identify the relationships most relevant to user needs and populating corresponding fact tables from the collection for factoid question answering. Our analysis shows that such an approach can lead to substantial coverage of user questions.;1;[7754, 223642, 36161, 11169, 19541, 49848, 28106657, 11563, 223642, 11169, 49906, 21162272, 11169, 223642, 1972137, 3052382, 1074173, 7754, 21162272, 1798167, 278368];['mathematical analysis', 'interpersonal relationship', 'set', 'question mark', 'search engine', 'document', 'model sheet', 'number', 'interpersonal relationship', 'question mark', 'sample', 'means', 'question mark', 'interpersonal relationship', 'Fact table', 'fonds', 'question answering', 'mathematical analysis', 'means', 'coverage', 'user']
This paper presents searching approaches and user interface capabilities of DUO;1;[11472, 21162272, 47146, 1094291, 5206302];['paper', 'means', 'user interface', 'capability-based security', 'DUO']
Recent work has demonstrated that the assessment of pairwise object similarity can be approached in an axiomatic manner using information theory. We extend this concept specifically to document similarity and test the effectiveness of an information-theoretic measure for pairwise document similarity. We adapt query retrieval to rate the quality of document similarity measures and demonstrate that our proposed information-theoretic measure for document similarity yields statistically significant improvements over other popular measures of similarity.;1;[42213, 27318, 254465, 367293, 131222, 151885, 49848, 254465, 1296024, 192276, 49848, 11169, 185957, 192276, 192276, 49848, 21255975, 29017317, 254465];['work', 'test', 'similarity', 'convention', 'information theory', 'concept', 'document', 'similarity', 'effectiveness', 'measure', 'document', 'question mark', 'quality', 'measure', 'measure', 'document', 'improvement', 'similarity measure', 'similarity']
A novel Hardware Assisted Top-Doc (HAT) component is disclosed. HAT is an optimized content indexing device based on a modified inverted index structure. HAT accommodates patterns of different lengths and supports a varied posting list versus term count feature sustaining high reusability and efficiency. The developed component can be used either as an internal slave component or as an external co-processor and is efficient in resource demands as the component controllers take only a minimal percentage of the target device space leaving the majority of the space to term and posting entries. A Very High Speed Integrated Circuit (VHSIC) Hardware Description Language (VHDL) is used to model the HAT system.;1;[11653, 8261, 50825729, 1598365, 1598365, 3966, 6671777, 1598365, 2083958, 36253, 27948, 42139305, 1369184, 1034411, 11653, 11653, 33111, 180309, 1466064, 1554231, 11653, 11229, 4169, 18000, 4169, 1071233, 5380819, 173341, 80831, 1143384, 209455, 58778];['electronic component', 'novel', 'Dr DisRespect', 'heparin-induced thrombocytopenia', 'heparin-induced thrombocytopenia', 'computer hardware', 'structure', 'heparin-induced thrombocytopenia', 'pattern', 'length', 'list', 'feature', 'reusability', 'efficiency', 'electronic component', 'electronic component', 'Corsican', 'hyphen', 'processor', 'resource', 'electronic component', 'percent', 'outer space', 'age of majority', 'outer space', 'terminal emulator', 'entry', 'hardware description language', 'integrated circuit', 'VHSIC', 'VHDL', 'system']
In general terms the evaluation of a summary depends on how close it is to the chief points in the source text. This begets the question as to what are the chief points in the source text and how is this information used in itself in identifying the source text. This is crucially important when we discuss automatic evaluation of summaries. So the question of main points is the source text. Typically;1;[1071233, 27318, 7637199, 82818, 1754533, 189756, 82818, 1754533, 11028, 1754533, 27318, 7637199, 189756, 82818, 1754533];['terminal emulator', 'test', 'summary', 'railroad switch', 'source text', 'question', 'railroad switch', 'source text', 'information', 'source text', 'test', 'summary', 'question', 'railroad switch', 'source text']
Given the ranked lists of documents returned by multiple search engines in response to a given query;1;[27948, 49848, 19541, 7315950, 11169];['list', 'document', 'search engine', 'response', 'question mark']
The feature quantity;1;[42139305];['feature']
We present a unified framework for simultaneously solving both the pooling problem (the construction of efficient document pools for the evaluation of retrieval systems) and metasearch (the fusion of ranked lists returned by retrieval systems in order to increase performance). The implementation is based on the Hedge algorithm for online learning;1;[17053202, 759676, 385378, 49848, 27318, 58778, 2593739, 27948, 58778, 1473607, 35140, 245962, 8366, 7094097];['Unified Framework', 'task', 'construction', 'document', 'test', 'system', 'fusion', 'list', 'system', 'degree of a polynomial', 'performance', 'implementation', 'algorithm', 'online machine learning']
Our analysis combines the concerns of signature extraction and signature file organization which have usually been treated as separate issues. We also relax the uniform frequency and single term query assumptions and provide a comprehensive analysis for multiterm query environments where terms can be classified based on their query and database occurrence frequencies. The performance of three superimposed signature generation schemes is explored as they are applied to one dynamic signature file organization based on linear hashing: Linear Hashing with Superimposed Signatures (LHSS). First scheme (SM) allows all terms set the same number of bits regardless of their discriminatory power whereas the second and third methods (MMS and MMM) emphasize the terms with high query and low database occurrence frequencies. Of these three schemes;1;[7754, 206361, 844704, 188675, 43229, 86447, 11652, 11169, 7754, 11169, 1071233, 1190554, 11169, 8513, 35140, 959962, 43229, 6553456, 6553456, 7643450, 959962, 2211650, 1071233, 11563, 8805, 25342, 190686, 201605, 6770916, 1071233, 11169, 8513, 959962];['mathematical analysis', 'concern', 'extraction', 'signature', 'organization', 'issue', 'frequency', 'question mark', 'mathematical analysis', 'question mark', 'terminal emulator', 'occurrence', 'question mark', 'database', 'performance', 'diagram', 'organization', 'Linear hashing', 'Linear hashing', 'Superimposed', 'diagram', 'sadomasochism', 'terminal emulator', 'number', 'bit', 'power', 'subroutine', 'moment magnitude scale', 'marketing mix modeling', 'terminal emulator', 'question mark', 'database', 'diagram']
We propose a simple method for converting many standard measures of retrieval performance into metasearch algorithms. Our focus is both on the analysis of retrieval measures themselves and on the development of new metasearch algorithms. Given the conversion method proposed;1;[190686, 192276, 35140, 8366, 190909, 7754, 192276, 1395034, 8366, 190686];['subroutine', 'measure', 'performance', 'algorithm', 'focus', 'mathematical analysis', 'measure', 'new product development', 'algorithm', 'subroutine']
We consider the problem of large-scale retrieval evaluation;1;[759676, 179651];['task', 'scale']
The paper starts with a theoretical consideration of the requirements for a computerised information retrieval system to aid open learning within an educational establishment. The requirements for such a system include consideration of the need to fulfill information retrieval objectives and also educational objectives. These requirements are then considered in the context of the theoretical information retrieval work which has been carried out by Belkin and others and takes into account the representation of the user's anomalous state of knowledge. The paper then considers the practical problems of trying to implement such a system. Attention is focussed on the use of current and developing information technology to fulfill both information retrieval and educational objectives. It is shown that current systems as exemplified by PRESTEL;1;[11472, 1344851, 1761598, 121182, 385756, 574562, 1761598, 58778, 1344851, 190258, 11028, 3880557, 1761598, 196626, 11028, 283848, 1433373, 5190563, 853614, 7275, 278368, 9081, 11472, 759676, 58778, 29581389, 7901733, 11661, 3880557, 816826, 58778, 2044564];['paper', 'consideration', 'software requirements specification', 'information system', 'open learning', 'The Establishment', 'software requirements specification', 'system', 'consideration', 'need', 'information', 'objective', 'software requirements specification', 'context', 'information', 'Belkin International, Inc.', 'other', 'accountability', 'identifier', 'state', 'user', 'knowledge', 'paper', 'task', 'system', 'Attention', 'Use', 'information technology', 'objective', 'information retrieval', 'system', 'Prestel']
An evaluation methodology that targets ineffective topics is needed to support research on obtaining more consistent retrieval across topics. Using average values of traditional evaluation measures is not an appropriate methodology because it emphasizes effective topics: poorly performing topics' scores are by definition small;1;[185698, 2751586, 42240, 27590475, 2751586, 2796622, 25211005, 185698, 2751586, 187947, 2751586, 101072];['methodology', 'resolution', 'research', 'The Retrieval', 'resolution', 'mean', 'Evaluation measures', 'methodology', 'resolution', 'partitur', 'resolution', 'definition']
The following paper gives an overview on a text processing software called REALIST (Retrieval Aids by Linguistics and Statistics) which integrates different text processing techniques into a common surface. It supports the user by offering the environment of a given term;1;[11472, 7397, 27590475, 8162, 12483, 234460, 484298, 278368, 2249676, 1071233];['paper', 'software', 'The Retrieval', 'linguistics', 'statistics', 'text', 'surface', 'user', 'environment', 'terminal emulator']
A new means of evaluating the cluster hypothesis is introduced and the results of such an evaluation are presented for four collections. The results of retrieval experiments comparing a sequential search;1;[2796622, 41719, 2995644, 27318, 3052382, 2995644, 101965, 787903];['mean', 'hypothesis', 'result', 'test', 'fonds', 'result', 'experiment', 'linear search']
In organized health care;1;[31207];['health care']
The processing time and disk space requirements of an inverted index and top-down cluster search are compared. The cluster search is shown to use both more time and more disk space;1;[5293, 11471, 1671754, 206637, 206637, 11471, 5293];['floppy disk', 'time', 'Inverted index', 'computer cluster', 'computer cluster', 'time', 'floppy disk']
"This paper describes an automatic indexing procedure that uses the &ldquo;IS-A&rdquo; relations contained within WordNet and the set of nouns contained in a text to select a sense for each plysemous noun in the text. The result of the indexing procedure is a vector in which some of the terms represent word senses instead of word stems. Retrieval experiments comparing the effectivenss of these sense-based vectors vs. stem-based vectors show the stem-based vectors to be superior overall";1;[277521, 11472, 190686, 180309, 533822, 36161, 1084, 234460, 173253, 1084, 234460, 2995644, 190686, 44528, 1071233, 1570700, 625642, 101965, 44528, 44528, 44528];['relation', 'paper', 'subroutine', 'hyphen', 'WordNet', 'set', 'noun', 'text', 'sense', 'noun', 'text', 'result', 'subroutine', 'Euclidean vector', 'terminal emulator', 'word sense', 'word', 'experiment', 'Euclidean vector', 'Euclidean vector', 'Euclidean vector']
Transaction log analysis represents a powerful methodology which allows examination of both user commands and system responses when conducting an online information search. Machine-readable transaction log tapes from online catalogs are obtained and subsequently analyzed using stochastic pattern developments within parsed user sessions;1;[7754, 185698, 27318, 278368, 58778, 11028, 601401, 149757, 29937289, 1395034, 278368];['mathematical analysis', 'methodology', 'test', 'user', 'system', 'information', 'trade', 'Compact Audio Cassette', 'data catalog', 'new product development', 'user']
We investigate the criteria used by online searchers when assessing the relevance of web pages to information-seeking tasks. Twenty four searchers were given three tasks each;1;[5186556, 276769, 1074648, 36774, 759676, 276769, 759676];['Criteria', 'The Searchers', 'Relevance', 'web page', 'task', 'The Searchers', 'task']
Retrieval mechanisms are frequently compared by computing the respective average scores for some effectiveness metric across a common set of information needs or topics;1;[517596, 187947, 1296024, 36161, 2899888, 2751586];['mechanism', 'partitur', 'effectiveness', 'set', 'information need', 'resolution']
We report the statistically significant mean impacts of blind feedback;1;[4115667, 183635];['impact', 'feedback']
The TREC-8 Question Answering (QA) Track was the first large-scale evaluation of domain-independent question answering systems. In addition to fostering research on the QA task;1;[3213250, 836575, 179651, 58778, 32043, 42240, 836575];['The Track', 'quality assurance', 'scale', 'system', 'addition', 'research', 'quality assurance']
When investigating alternative estimates for term discriminativeness;1;[965330, 1071233];['project management estimation', 'terminal emulator']
In the selective dissemination of information (or publish/subscribe) paradigm;1;[28643, 840576, 11028];['paradigm', 'dissemination', 'information']
Hierarchical topic detection is a new task in the TDT 2004 evaluation program;1;[2751586, 759676, 40056, 7669881];['resolution', 'task', 'computer program', 'TDT']
Structural hints in XML-retrieval queries can be used to specify both the granularity of the search result (the target element) and where in a document to search (support elements). These hints might be interpreted either strictly or vaguely;1;[3135775, 11169, 28454956, 2995644, 11344, 49848, 11344, 3135775];['hint', 'question mark', 'Granularity', 'result', 'chemical element', 'document', 'chemical element', 'hint']
For many years it has been commonly held that a user who adds structural hints to a query will improve precision in an element retrieval search. At INEX 2005 we conducted an experiment to test this assumption. We present the unexpected result that structural hints in queries do not improve precision. An analysis of the topics and the judgments suggests that this is because users are particularly bad at giving structural hints.;1;[577, 278368, 3135775, 11169, 19352408, 11344, 924746, 101965, 29463760, 2995644, 3135775, 11169, 19352408, 7754, 2751586, 12621536, 278368, 3135775];['year', 'user', 'hint', 'question mark', 'precision', 'chemical element', 'Inex', 'experiment', 'modeling assumption', 'result', 'hint', 'question mark', 'precision', 'mathematical analysis', 'resolution', 'judgment', 'user', 'hint']
This paper deal with the necessity of consideration of organizational and user requirements to create the basis for the successful design of future office information servers. Today volumes of the order of 10.000 to 50.000 multimode documents and 1 to 10 million documents at a company level (companies with over 1000 employees) per system have to be archived. The average amount of filing is 12 to 16 running metres of paper per year;1;[11472, 11284009, 1344851, 1761598, 189569, 82604, 44127, 39297, 1473607, 49848, 49848, 783794, 783794, 13440398, 58778, 309314, 17146064, 11573, 11472, 577];['paper', 'Necessity', 'consideration', 'software requirements specification', 'basis', 'design', 'server', 'volume', 'degree of a polynomial', 'document', 'document', 'company', 'company', 'workforce', 'system', 'quantity', 'filing', 'metre', 'paper', 'year']
We propose a novel probabilistic retrieval model which weights terms according to their contexts in documents. The term weighting function of our model is similar to the language model and the binary independence model. The retrospective experiments (i.e.;1;[486902, 1071233, 196626, 49848, 1071233, 11348, 486902, 3621696, 3531721, 101965];['mathematical model', 'terminal emulator', 'context', 'document', 'terminal emulator', 'function', 'mathematical model', 'language model', 'Binary Independence Model', 'experiment']
Label propagation exploits the structure of the unlabeled documents by propagating the label information of the training documents to the unlabeled documents. The limitation with the existing label propagation approaches is that they can only deal with a single type of objects. We propose a framework;1;[3214296, 6671777, 49848, 11028, 49848, 49848, 7692348, 18127, 190087, 488383, 271680];['Label', 'structure', 'document', 'information', 'document', 'document', 'technical limitation', 'record label', 'data type', 'object', 'software framework']
This paper proposes an example-based phrase translation method in a Chinese to English cross-language information retrieval (CLIR) system. The method can generate much more accurate query translations than dictionary-based and common MT-based methods;1;[11472, 7553, 7850, 986551, 58778, 16952194, 190686, 7553, 190686];['paper', 'translation', 'Chinese', 'Cross-language information retrieval', 'system', 'Council on Library and Information Resources', 'subroutine', 'translation', 'subroutine']
The design of a file system has never been a simple nor a straightforward task because of its complexity. Heuristics and experience still play a major role in guiding the design process. To organize the entire design process in a more systematic manner;1;[82604, 174989, 759676, 723897, 201413, 282250, 214339, 2920267, 2920267, 367293];['design', 'file system', 'task', 'complexity', 'heuristic', 'qualia', 'role', 'Engineering design process', 'Engineering design process', 'convention']
This paper introduces a general framework for the use of translation probabilities in cross-language information retrieval based on the notion that information retrieval fundamentally requires matching what the searcher means with what the author of a document meant. That perspective yields a computational formulation that provides a natural way of combining what have been known as query and document translation. Two well-recognized techniques are shown to be a special case of this model under restrictive assumptions. Cross-language search results are reported that are statistically indistinguishable from strong monolingual baselines for both French and Chinese documents.;1;[11472, 271680, 7901733, 7553, 986551, 595523, 816826, 1192095, 482980, 49848, 20978643, 3077570, 17641254, 11169, 7553, 21162272, 2890061, 486902, 29463760, 315, 201610, 49848];['paper', 'software framework', 'Use', 'translation', 'Cross-language information retrieval', 'notion', 'information retrieval', 'Searcher', 'author', 'document', 'point of view', 'Formulation', 'Andrew John Henry Way', 'question mark', 'translation', 'means', 'special case', 'mathematical model', 'modeling assumption', 'language', 'status quo', 'document']
We propose a fully decentralized collaborative filtering approach that is self-organizing and operates in a distributed way. The relevances between downloading files (items) are stored locally at these items in so called item-based buddy tables and are updated each time that the items are downloaded. We then propose to use the language model to build recommendations for the different users based on the buddy tables of those items a user has downloaded previously. We have tested and compared our distributed collaborative filtering approach to centralized collaborative filtering and showed that it has similar performance. It is therefore a promising technique to facilitate recommendations in peer-to-peer networks.;1;[21162272, 3236990, 17641254, 1074648, 82753, 859965, 859965, 496946, 11471, 859965, 3621696, 1120221, 278368, 496946, 859965, 278368, 21162272, 94702, 35140, 21162272, 1120221, 141488, 7160407, 7160407];['means', 'self', 'Andrew John Henry Way', 'Relevance', 'computer file', 'item', 'item', 'table', 'time', 'item', 'language model', 'recommendation', 'user', 'table', 'item', 'user', 'means', 'collaborative filtering', 'performance', 'means', 'recommendation', 'graph', 'Peer of the realm', 'Peer of the realm']
Co-occurrence data is quite common in many real applications. Latent Semantic Analysis (LSA) has been successfully used to identify semantic relations in such data. However;1;[42848, 166142, 1806883, 1806883, 277521, 42848];['data', 'application', 'Latent semantic analysis', 'Latent semantic analysis', 'relation', 'data']
PageRank has been known to be a successful algorithm in ranking web sources. In order to avoid the rank sink problem;1;[184316, 8366, 466, 1473607, 56019];['PageRank', 'algorithm', 'World Wide Web', 'degree of a polynomial', 'military rank']
Memory-based methods for collaborative filtering predict new ratings by averaging (weighted) ratings between;1;[190686, 94702, 609276, 609276];['subroutine', 'collaborative filtering', 'climbing grade', 'climbing grade']
Accurately and effectively detecting the locations where search queries are truly about has huge potential impact on increasing search relevance. In this paper;1;[2221906, 11169, 4115667, 1074648, 11472];['geographic location', 'question mark', 'impact', 'Relevance', 'paper']
This paper analyzes the properties;1;[11472, 6422240];['paper', 'property']
Most existing clustering algorithms cluster highly related data objects such as Web pages and Web users separately. The interrelation among different types of data objects is either not considered;1;[42848, 206637, 8366, 36774, 466, 190087, 42848];['data', 'computer cluster', 'algorithm', 'web page', 'World Wide Web', 'data type', 'data']
We review here the results of one of the experiments performed at the 2003 Reliable Information Access (RIA) Workshop;1;[2995644, 101965, 29391000, 593289, 725485];['result', 'experiment', 'The Workshop', 'information access', 'rich Internet application']
Search algorithms incorporating some form of topic model have a long history in information retrieval. For example;1;[755673, 183252, 3532085, 309, 816826, 12335479];['search algorithm', 'morphology', 'topic model', 'history', 'information retrieval', 'template']
Contextual retrieval is a critical technique for facilitating many important applications such as mobile search;1;[27590475, 21162272, 166142, 6887228];['The Retrieval', 'means', 'application', 'Mobile search']
We present a framework in which probabilistic models for textual and visual information retrieval can be integrated seamlessly. The framework facilitates searching for imagery using textual descriptions and visual examples simultaneously. The underlying Language Models for text and Gaussian Mixture Models for images have proven successful in various retrieval tasks.;1;[271680, 486902, 816826, 271680, 4817665, 1200750, 12335479, 4044426, 234460, 11435, 478798, 759676];['software framework', 'mathematical model', 'information retrieval', 'software framework', 'imagery', 'description', 'template', 'Models', 'text', 'liquid', 'image', 'task']
The main conclusion from the metrics-based evaluation of video retrieval systems at TREC's video track is that non-interactive image retrieval from general collections using visual information only is not yet feasible. We show how a detailed analysis of retrieval results -- looking beyond mean average precision (MAP) scores on topical relevance -- gives significant insight in the main problems with the visual part of the retrieval model under study. Such an analytical approach proves an important addition to standard evaluation measures.;1;[2992075, 27318, 58778, 3312129, 10927554, 3052382, 11028, 7754, 2995644, 187947, 19352408, 635384, 1074648, 1553259, 759676, 7401, 486902, 28106657, 21162272, 32043, 25211005];['conclusion', 'test', 'system', 'track and field', 'image retrieval', 'fonds', 'information', 'mathematical analysis', 'result', 'partitur', 'precision', 'maximum a posteriori estimation', 'Relevance', 'insight', 'task', 'part', 'mathematical model', 'model sheet', 'means', 'addition', 'Evaluation measures']
In this poster we describe an investigation of topic similarity measures. We elicit assessments on the similarity of 10 pairs of topic from 76 subjects and use these as a benchmark to assess how well each measure performs. The measures have the potential to form the basis of a predictive technique;1;[429785, 21004260, 192276, 27318, 254465, 191290, 2751586, 164573, 816747, 192276, 192276, 1202245, 189569, 21162272];['poster', 'inquiry', 'measure', 'test', 'similarity', 'ordered pair', 'resolution', 'subject', 'benchmark', 'measure', 'measure', 'potential', 'basis', 'means']
We demonstrate an adaptive search system that works proactively to help searchers find relevant information. The system observes searcher interaction;1;[58778, 276769, 11028, 58778, 1665869];['system', 'The Searchers', 'information', 'system', 'interaction']
We present a system that offers a new way of assessing web document relevance and new approach to the web-based evaluation of such a system. Provisionally named WebDocSum;1;[58778, 11774623, 466, 3875179, 27318, 58778];['system', 'New Way', 'World Wide Web', 'New Approach', 'test', 'system']
We present a web search interface designed to encourage users to interact more fully with the results of a web search. Wrapping around a major commercial search engine;1;[466, 278368, 2995644, 466, 19541];['World Wide Web', 'user', 'result', 'World Wide Web', 'search engine']
In this poster;1;[429785];['poster']
In this paper we present an evaluation of techniques that are designed to encourage web searchers to interact more with the results of a web search. Two specific techniques are examined: the presentation of sentences that highly match the searcher's query and the use of implicit evidence. Implicit evidence is evidence captured from the searcher's interaction with the retrieval results and is used to automatically update the display. Our evaluation concentrates on the effectiveness and subject perception of these techniques. The results show;1;[11472, 27318, 21162272, 466, 2995644, 466, 21162272, 604733, 41796, 11169, 1192095, 7901733, 1347572, 1347572, 1347572, 1665869, 1192095, 2995644, 5290, 27318, 160402, 1296024, 21162272, 2995644];['paper', 'test', 'means', 'World Wide Web', 'result', 'World Wide Web', 'means', 'presentation', 'sentence', 'question mark', 'Searcher', 'Use', 'evidence', 'evidence', 'evidence', 'interaction', 'Searcher', 'result', 'computer monitor', 'test', 'perception', 'effectiveness', 'means', 'result']
Implicit relevance feedback (IRF) is the process by which a search system unobtrusively gathers evidence on searcher interests from their interaction with the system. IRF is a new method of gathering information on user interest and;1;[445558, 684885, 205663, 58778, 1347572, 170924, 1665869, 58778, 684885, 190686, 11028, 278368];['relevance feedback', 'International Rowing Federation', 'process', 'system', 'evidence', 'interest', 'interaction', 'system', 'International Rowing Federation', 'subroutine', 'information', 'user']
Information retrieval is conceptually fundamental in human communication as well as in man-computer communication. Computing and Information Retrieval professionals have the opportunity to apply information retrieval techniques within the second computer revolution to foster a new potential revolution in education;1;[816826, 1066689, 68, 702269, 5157629, 816826, 193538, 11028, 68, 10931, 8434];['information retrieval', 'human communication', 'computer', 'professional', 'Computing', 'information retrieval', 'Opportunity', 'information', 'computer', 'revolution', 'education']
A prototype information retrieval system for lawyers;1;[121182, 40348];['information system', 'lawyer']
An approach to determining an appropriate file structure for a given application is presented;1;[21162272, 82753, 166142];['means', 'computer file', 'application']
In this paper;1;[11472];['paper']
In this paper we;1;[11472];['paper']
Within the framework of the vector space models;1;[271680, 1187982];['software framework', 'vector space model']
An information retrieval model;1;[11028];['information']
In information retrieval;1;[816826];['information retrieval']
Dimensionality reduction plays an important role in efficient similarity search;1;[16000077, 214339, 608751];['dimensionality reduction', 'role', 'nearest neighbor search']
"Two methods are given to improve weighting schemes by using relevance information of a set of queries. The first method is to estimate parameter values of two independence models in information retrieval &mdash; the binary independence model and the non-binary independence model. The parameters estimated here are used to calculate optimal weights for terms in a different set of queries. Performance of this estimation is compared to the inverse document frequency method";1;[190686, 959962, 11028, 36161, 11169, 3531721, 190686, 194112, 486902, 816826, 3531721, 1413083, 11423, 1071233, 36161, 11169, 733968, 37113960, 49848];['subroutine', 'diagram', 'information', 'set', 'question mark', 'Binary Independence Model', 'subroutine', 'value', 'mathematical model', 'information retrieval', 'Binary Independence Model', 'parameter', 'mass', 'terminal emulator', 'set', 'question mark', 'Performance', 'estimate', 'document']
In this paper we address the issue of learning to rank for document retrieval. In the task;1;[11472, 86447, 1638872, 759676];['paper', 'issue', 'document retrieval', 'task']
This paper reports on and discusses a set of user experiments using the TREC 2003 Web interactive track protocol. The focus is on comparing humans and machine algorithms in terms of performance in a topic distillation task. We also investigated the effect of the search results layout in supporting the users' effort.We have demonstrated that machines can perform nearly as well as people on the topic distillation task. Given a system tailored to the task there is significant performance improvement and finally;1;[11472, 36161, 278368, 702761, 190909, 5, 8366, 1071233, 35140, 101017, 2995644, 2995644, 14536140, 278368, 11019, 5, 101017, 58778, 759676, 3643177];['paper', 'set', 'user', 'standard operating procedure', 'focus', 'human', 'algorithm', 'terminal emulator', 'performance', 'distillation', 'result', 'result', 'exertion', 'user', 'machine', 'human', 'distillation', 'system', 'task', 'Performance improvement']
"The term relevance weighting method has been shown to produce optimal information retrieval queries under well-defined conditions. The parameters needed to generate the term relevance factors cannot unfortunately be estimated accurately in practice; futhermore";1;[190686, 11169, 12136, 1413083, 760170, 334600];['subroutine', 'question mark', 'disease', 'parameter', 'enumerated type', 'practice']
Information filtering has made considerable progress in recent years. The predominant approaches are content-based methods and collaborative methods. Researchers have largely concentrated on either of the two approaches since a principled unifying framework is still lacking. This paper suggests that both approaches can be combined under a hierarchical Bayesian framework. Individual content-based user profiles are generated and collaboration between various user models is achieved via a common learned prior distribution. However;1;[6030654, 1963461, 577, 21162272, 190686, 5145846, 16968515, 21162272, 271680, 11472, 21162272, 271680, 252500, 1145523, 486902, 278090];['Information', 'OpenEdge Advanced Business Language', 'year', 'means', 'subroutine', 'Collaborative method', 'Researcher', 'means', 'software framework', 'paper', 'means', 'software framework', 'user profile', 'collaboration', 'mathematical model', 'prior probability']
Wide area networks provide a variety of information sources which can be exploited only by appropriate information retrieval techniques such as repeated automatic query of remote databases and bulletin boards. Distinctive features of the content and access methods of information on wide area nets are discussed from an IR perspective. The development;1;[11384, 3329375, 3523102, 11028, 11169, 8513, 168210, 1152224, 190686, 1260632, 1200690, 11028, 11500, 11388, 1395034];['wide area network', 'language variety', 'information source', 'information', 'question mark', 'database', 'Internet forum', 'distinctive feature', 'subroutine', 'content', 'Access', 'information', 'area', 'infrared radiation', 'new product development']
There have been significant advances in Cross-Language Information Retrieval (CLIR) in recent years. One of the major remaining reasons that CLIR does not perform as well as monolingual retrieval is the presence of out of vocabulary (OOV) terms. Previous work has either relied on manual intervention or has only been partially successful in solving this problem. We use a method that extends earlier work in this area by augmenting this with statistical analysis;1;[898429, 986551, 16952194, 577, 178354, 16952194, 27590475, 215408, 1071233, 42213, 179661, 759676, 190686, 42213, 11500, 12718609];['constantan', 'Cross-language information retrieval', 'Council on Library and Information Resources', 'year', 'reason', 'Council on Library and Information Resources', 'The Retrieval', 'Presence', 'terminal emulator', 'work', 'treatment', 'task', 'subroutine', 'work', 'area', 'statistical method']
Accurate cross-language information retrieval requires that query terms be correctly translated. Several new techniques to improve the translation of out of vocabulary terms in English-Chinese cross-language information retrieval have been developed. However;1;[986551, 11169, 21162272, 7553, 1071233, 986551];['Cross-language information retrieval', 'question mark', 'means', 'translation', 'terminal emulator', 'Cross-language information retrieval']
Real-world applications often require the classification of documents under situations of small number of features;1;[166142, 5128386, 49848, 2290680, 11563, 42139305];['application', 'classification', 'document', 'Situation', 'number', 'feature']
Latent semantic indexing (LSI) is a well-known unsupervised approach for dimensionality reduction in information retrieval. However if the output information (i.e. category labels) is available;1;[1661153, 1432932, 21162272, 16000077, 816826, 11028, 18127];['Indexing', 'Sumburgh Airport', 'means', 'dimensionality reduction', 'information retrieval', 'information', 'record label']
In this paper we use a Unified Relationship Matrix (URM) to represent a set of heterogeneous data objects (e.g.;1;[11472, 83495, 36161, 42848];['paper', 'The Matrix', 'set', 'data']
Web communities are web virtual broadcasting spaces where people can freely discuss anything. While such communities function as discussion boards;1;[466, 4169, 466, 5, 177634, 168210];['World Wide Web', 'outer space', 'World Wide Web', 'human', 'community', 'Internet forum']
This work evaluates a few search strategies for Arabic monolingual and cross-lingual retrieval;1;[42213, 185451, 27590475];['work', 'strategy', 'The Retrieval']
Semantic smoothing;1;[775963];['smoothing']
In this paper;1;[11472];['paper']
In this paper;1;[11472];['paper']
Most information retrieval systems on the Internet rely primarily on similarity ranking algorithms based solely on term frequency statistics. Information quality is usually ignored. This leads to the problem that documents are retrieved without regard to their quality. We present an approach that combines similarity-based similarity ranking with quality ranking in centralized and distributed search environments. Six quality metrics;1;[121182, 75, 8366, 12483, 3412851, 759676, 49848, 185957, 21162272, 254465, 526719, 2249676, 865746];['information system', 'Internet', 'algorithm', 'statistics', 'information quality', 'task', 'document', 'quality', 'means', 'similarity', 'ranking', 'environment', 'metric function']
The objective of Web forums is to create a shared space for open communications and discussions of specific topics and issues. The tremendous information behind forum sites is not fully-utilized yet. Most links between forum pages are automatically created;1;[3880557, 168210, 578801, 7096344, 2751586, 86447, 11028, 35127, 102014, 168210];['objective', 'Internet forum', 'Shared space', 'Open communication', 'resolution', 'issue', 'information', 'website', 'hyperlink', 'Internet forum']
A machine learning methodology for the disambiguation of acronym senses is presented;1;[185698, 48522, 101244];['methodology', 'word-sense disambiguation', 'acronym']
In this paper;1;[11472];['paper']
Many classification problems require classifiers to assign each single document into more than one category;1;[759676, 63153, 49848, 719395];['task', 'classifier', 'document', 'category']
Web link analysis has been proved to provide significant enhancement to the precision of Web search in practice. The PageRank algorithm;1;[466, 19352408, 466, 334600, 8366];['World Wide Web', 'precision', 'World Wide Web', 'practice', 'algorithm']
This paper evaluates an extraction-based approach to answering definitional questions. Our system extracted useful linguistic constructs called linguistic features from raw text using information extraction tools and formulated answers based on such features. The features employed include appositives;1;[11472, 21162272, 189756, 58778, 5164391, 42139305, 234460, 11028, 33622550, 42139305, 42139305];['paper', 'means', 'question', 'system', 'construct', 'feature', 'text', 'information', 'answer', 'feature', 'feature']
We propose a Bayesian extension to the ad-hoc Language Model. Many smoothed estimators used for the multinomial query model in ad-hoc Language Models (including Laplace and Bayes-smoothing) are approximations to the Bayesian predictive distribution. In this paper we derive the full predictive distribution in a form amenable to implementation by classical IR models;1;[184148, 3621696, 1130160, 11169, 4044426, 44481, 775963, 27058, 200726, 11472, 200726, 183252];['plug-in', 'language model', 'estimator', 'question mark', 'Models', 'Pierre-Simon Laplace', 'smoothing', 'approximation', 'probability distribution', 'paper', 'probability distribution', 'morphology']
This work proposes and evaluates a probabilistic cross-lingual retrieval system. The system uses a generative model to estimate the probability that a document in one language is relevant;1;[42213, 58778, 58778, 5532625, 9492, 49848, 315];['work', 'system', 'system', 'generative model', 'probability', 'document', 'language']
The RESEDA project is concerned with the construction of AI Information Retrieval systems working on databases containing biographical data. There exist in RESEDA two fundamental ways of retrieving information requested by a user. In the first case;1;[170584, 385378, 121182, 8513, 42848, 7315195, 17641254, 11028, 278368, 8188561];['project', 'construction', 'information system', 'database', 'data', 'Reseda', 'Andrew John Henry Way', 'information', 'user', 'letter case']
Memory-based approaches for collaborative filtering identify the similarity between two users by comparing their ratings on a set of items. In the past;1;[21162272, 94702, 254465, 278368, 609276, 36161, 859965, 192630];['means', 'collaborative filtering', 'similarity', 'user', 'climbing grade', 'set', 'item', 'past']
Link analysis algorithms have been extensively used in Web information retrieval. However;1;[8366, 466];['algorithm', 'World Wide Web']
"This paper describes the development of &ldquo;intelligent&rdquo; tools aimed at improving the retrieval facilities from large relational databases. When a natural language query does not correspond directly to the data contained in the base";1;[11472, 1395034, 39546, 27590475, 192588, 315, 42848, 11193];['paper', 'new product development', 'tool', 'The Retrieval', 'relational database', 'language', 'data', 'base']
Current Web search engines generally impose link analysis-based re-ranking on web-page retrieval. However;1;[4182287, 102014, 17070, 180309, 466, 180309];['web search engine', 'hyperlink', 'Réunion', 'hyphen', 'World Wide Web', 'hyphen']
"This paper describes the &ldquo;conceptual&rdquo; Knowledge Representation Language (KRL) proper to an environment for the construction and use of large Knowledge Bases and/or &ldquo;Intelligent&rdquo; Information Retrieval Systems. In the KRL";1;[11472, 7095059, 25245640, 6030654, 25245640];['paper', 'ontology language', 'KUKA Robot Language', 'Information', 'KUKA Robot Language']
The objective is to relate the effectiveness of retrieval;1;[3880557, 1296024, 27590475];['objective', 'effectiveness', 'The Retrieval']
Two stages in measurement of techniques for information retrieval are gathering of documents for relevance assessment and use of the assessments to numerically evaluate effectiveness. We consider both of these stages in the context of the TREC experiments;1;[339249, 12453, 21162272, 816826, 49848, 27318, 7901733, 27318, 1296024, 339249, 196626, 101965];['stagecoach', 'measurement', 'means', 'information retrieval', 'document', 'test', 'Use', 'test', 'effectiveness', 'stagecoach', 'context', 'experiment']
Query retrieval based on secondary keys is an important operation in retrieval systems. Such a query generally retrieves more than one data record which satisfies the query criterion. This paper studies the problem of record address allocation in disk-like devices so as to facilitate the fast retrieval of a set of records which are jointly accessed by a query. A heuristic scheme;1;[7271380, 23445, 3884033, 58778, 11169, 42848, 11169, 11472, 759676, 319608, 3966, 27590475, 36161, 178588, 11169, 959962];['Query', 'black', 'operation', 'system', 'question mark', 'data', 'question mark', 'paper', 'task', 'postal address', 'computer hardware', 'The Retrieval', 'set', 'gramophone record', 'question mark', 'diagram']
Automatic summarization of open domain spoken dialogues is a new research area. This paper introduces the task;1;[1394144, 146481, 42240, 11472, 759676];['automatic summarization', 'domain', 'research', 'paper', 'task']
Combining the output from multiple retrieval sources over the same document collection is of great importance to a number of retrieval tasks such as multimedia retrieval;1;[17148708, 128751, 49848, 11563, 759676, 131765];['output', 'source code', 'document', 'number', 'task', 'multimedia']
Organizing Web search results into clusters facilitates users' quick browsing through search results. Traditional clustering techniques are inadequate since they don't generate clusters with highly readable names. In this paper;1;[466, 206637, 278368, 2995644, 21162272, 206637, 1071027, 11472];['World Wide Web', 'computer cluster', 'user', 'result', 'means', 'computer cluster', 'personal name', 'paper']
Text categorization is an important research area in many Information Retrieval (IR) applications. To save the storage space and computation time in text categorization;1;[912550, 42240, 166142, 816826, 11388, 4169, 11471, 912550];['categorization', 'research', 'application', 'information retrieval', 'infrared radiation', 'outer space', 'time', 'categorization']
A novel method for simultaneous keyphrase extraction and generic text summarization is proposed by modeling text documents as weighted undirected and weighted bipartite graphs. Spectral graph clustering algorithms are useed for partitioning sentences of the documents into topical groups with sentence link priors being exploited to enhance clustering quality. Within each topical group;1;[8261, 844704, 1394144, 49848, 174733, 8366, 41796, 49848, 83478, 41796, 185957, 83478];['novel', 'extraction', 'automatic summarization', 'document', 'bipartite graph', 'algorithm', 'sentence', 'document', 'group', 'sentence', 'quality', 'group']
Existing measures for evaluating clustering results (e.g. F-measure) have the limitation of overestimating cluster quality because they usually adopt the greedy matching between classes (reference clusters) and clusters (system clusters) to allow multiple classes to correspond to one same cluster;1;[192276, 2995644, 6975395, 7692348, 206637, 1065144, 4479242, 206637, 206637, 58778, 4479242, 206637];['measure', 'result', 'F1 score', 'technical limitation', 'computer cluster', 'matching', 'class', 'computer cluster', 'computer cluster', 'system', 'class', 'computer cluster']
Thresholding strategies in automated text categorization are an underexplored area of research. This paper presents an examination of the effect of thresholding strategies on the performance of a classifier under various conditions. Using k-Nearest Neighbor (kNN) as the classifier and five evaluation benchmark collections as the testbets;1;[185451, 912550, 11500, 42240, 11472, 27318, 2995644, 185451, 35140, 63153, 12136, 5962, 483657, 63153, 27318];['strategy', 'categorization', 'area', 'research', 'paper', 'test', 'result', 'strategy', 'performance', 'classifier', 'disease', 'Boltzmann constant', 'Korea New Network', 'classifier', 'test']
The corpus analysis methods in Chinese keyword extraction look on the corpus as a single sample of language stochastic process. But the distributions of keywords in the whole corpus and in each document are very different from each other. The extraction based on global statistical information only can get significant keywords in the whole corpus. Max-duplicated strings contain the local significant keywords in each document. In this paper;1;[190686, 25053353, 461183, 49906, 176737, 200726, 1128340, 461183, 49848, 844704, 11028, 1128340, 461183, 184754, 1128340, 49848, 11472];['subroutine', 'keyword extraction', 'text corpus', 'sample', 'stochastic process', 'probability distribution', 'index term', 'text corpus', 'document', 'extraction', 'information', 'index term', 'text corpus', 'string', 'index term', 'document', 'paper']
We present a non-traditional retrieval problem we call subtopic retrieval. The subtopic retrieval problem is concerned with finding documents that cover many different subtopics of a query topic. In such a problem;1;[759676, 27590475, 759676, 49848, 11169, 759676];['task', 'The Retrieval', 'task', 'document', 'question mark', 'task']
Automated tracking of events from chronologically ordered document streams is a new challenge for statistical text classification. Existing learning techniques must be adapted or improved in order to effectively handle difficult situations where the number of positive training instances per event is extremely small;1;[466845, 10290214, 49848, 9011553, 234460, 133500, 1473607, 2290680, 11563, 918385, 10290214];['tracking', 'event', 'document', 'New Challenge', 'text', 'learning', 'degree of a polynomial', 'Situation', 'number', 'training', 'event']
Language modeling approaches to information retrieval are attractive and promising because they connect the problem of retrieval with that of language model estimation;1;[6149367, 21162272, 816826, 759676, 27590475, 315];['modelling', 'means', 'information retrieval', 'task', 'The Retrieval', 'language']
List question answering (QA) offers a unique challenge in effectively and efficiently locating a complete set of distinct answers from huge corpora or the Web. In TREC-12;1;[189756, 836575, 2988681, 36161, 33622550, 5172362, 466];['question', 'quality assurance', 'achievement', 'set', 'answer', 'Corpora', 'World Wide Web']
The optimal settings of retrieval parameters often depend on both the document collection and the query;1;[617332, 1413083, 49848, 11169];['setting', 'parameter', 'document', 'question mark']
For the task of near-duplicated document detection;1;[759676, 49848];['task', 'document']
An adaptive information filtering system monitors a document stream to identify the documents that match information needs specified by user profiles. As the system filters;1;[58778, 49848, 49848, 2899888, 252500, 58778];['system', 'document', 'document', 'information need', 'user profile', 'system']
"This paper describes a unique example-based mapping method for document retrieval. We discovered that the knowledge about relevance among queries and documents can be used to obtain empirical connections between query terms and the canonical concepts which are used for indexing the content of documents. These connections do not depend on whether there are shared terms among the queries and documents; therefore";1;[11472, 190686, 1638872, 9081, 1074648, 11169, 49848, 31924, 11169, 151885, 1260632, 49848, 31924, 1071233, 11169, 49848];['paper', 'subroutine', 'document retrieval', 'knowledge', 'Relevance', 'question mark', 'document', 'connection', 'question mark', 'concept', 'content', 'document', 'connection', 'terminal emulator', 'question mark', 'document']
Information filtering systems based on statistical retrieval models usually compute a numeric score indicating how well each document matches each profile. Documents with scores above profile-specificdissemination thresholdsare delivered.An optimal dissemination threshold is one that maximizes a given utility function based on the distributions of the scores of relevant and non-relevant documents. The parameters of the distribution can be estimated using relevance information;1;[6031077, 486902, 187947, 49848, 5117123, 904490, 187947, 5117123, 840576, 11348, 200726, 187947, 49848, 1413083, 200726, 11028];['information filtering system', 'mathematical model', 'partitur', 'document', 'profile', 'Document', 'partitur', 'profile', 'dissemination', 'function', 'probability distribution', 'partitur', 'document', 'parameter', 'probability distribution', 'information']
One of the major problems in question answering (QA) is that the queries are either too brief or often do not contain most relevant terms in the target corpus. In order to overcome this problem;1;[759676, 189756, 836575, 11169, 1071233, 198981, 1473607, 759676];['task', 'question', 'quality assurance', 'question mark', 'terminal emulator', 'target market', 'degree of a polynomial', 'task']
This paper shows how different measures of similarity derived from the citation information and the structural content (e.g.;1;[11472, 192276, 254465, 11028, 1260632];['paper', 'measure', 'similarity', 'information', 'content']
In this work;1;[42213];['work']
To alleviate the vocabulary problem;1;[759676];['task']
Support Vector Machines (SVMs) have been very successful in text classification. However;1;[282453, 234460];['support vector machine', 'text']
This paper addresses the problem of extending an adaptive information filtering system to make decisions about the novelty and redundancy of relevant documents. It argues that relevance and redundance should each be modelled explicitly and separately. A set of five redundancy measures are proposed and evaluated in experiments with and without redundancy thresholds. The experimental results demonstrate that the cosine similarity metric and a redundancy measure based on a mixture of language models are both effective for identifying redundant documents.;1;[11472, 759676, 6031077, 732833, 1185084, 1204361, 49848, 1074648, 36161, 192276, 101965, 1204361, 2995644, 1784941, 192276, 169336, 3621696, 49848];['paper', 'task', 'information filtering system', 'decision', 'novelty', 'redundancy', 'document', 'Relevance', 'set', 'measure', 'experiment', 'redundancy', 'result', 'cosine similarity', 'measure', 'mixture', 'language model', 'document']
In this paper;1;[11472];['paper']
Translating out-of-vocabulary (OOV) terms is a great challenge for the Cross-lingual Information Retrieval and Data-driven Machine Translation systems. Several approaches have been proposed to mine translations for OOV terms from the web;1;[324254, 1071233, 2988681, 58778, 816826, 21162272, 7553, 1071233, 466];['ontology', 'terminal emulator', 'achievement', 'system', 'information retrieval', 'means', 'translation', 'terminal emulator', 'World Wide Web']
This paper reports a cross-benchmark evaluation of regularized logistic regression (LR) and incremental Rocchio for adaptive filtering. Using four corpora from the Topic Detection and Tracking (TDT) forum and the Text Retrieval Conferences (TREC) we evaluated these methods with non-stationary topics at various granularity levels;1;[11472, 27318, 1132755, 1028575, 5172362, 168210, 20804322, 7831562, 7669881, 17042787, 190686, 2751586, 207988];['paper', 'test', 'logistic regression model', 'Avianca Costa Rica', 'Corpora', 'Internet forum', 'Topic', 'Tracking', 'TDT', 'Text', 'subroutine', 'resolution', 'spirit level']
Question classification is very important for question answering. This paper presents our research work on automatic question classification through machine learning approaches. We have experimented with five machine learning algorithms: Nearest Neighbors (NN);1;[2500238, 1074173, 11472, 42240, 189756, 11019, 8366, 14802842, 192776];['Renee Montoya', 'question answering', 'paper', 'research', 'question', 'machine', 'algorithm', 'Neighbors', 'artificial neural network']
Real-world applications of text categorization often require a system to deal with tens of thousands of categories defined over a large taxonomy. This paper addresses the problem with respect to a set of popular algorithms in text categorization;1;[166142, 912550, 58778, 43016, 23806, 719395, 8269924, 11472, 759676, 28510, 36161, 8366, 912550];['application', 'categorization', 'system', '1000', '10', 'category', 'taxonomy', 'paper', 'task', 'respect', 'set', 'algorithm', 'categorization']
We address the problem of integrating objects from a source taxonomy into a master taxonomy. This problem is not only currently pervasive on the web;1;[759676, 488383, 8269924, 8269924, 759676, 466];['task', 'object', 'taxonomy', 'taxonomy', 'task', 'World Wide Web']
In this paper;1;[11472];['paper']
In this paper;1;[11472];['paper']
Collaborative filtering techniques have become popular in the past decade as an effective way to help people deal with information overload. Recent research has identified significant vulnerabilities in collaborative filtering techniques. Shilling attacks;1;[21162272, 39911, 17641254, 5, 1130191, 42240, 631425, 21162272, 81672];['means', 'decade', 'Andrew John Henry Way', 'human', 'information overload', 'research', 'computer vulnerability', 'means', 'assault']
In this article we present novel learning methods for estimating the quality of results returned by a search engine in response to a query. Estimation is based on the agreement between the top results of the full query and the top results of its sub-queries. We demonstrate the usefulness of quality estimation for several applications;1;[103184, 133500, 185957, 2995644, 19541, 7315950, 11169, 37113960, 93288, 2995644, 11169, 2995644, 2811, 180309, 11169, 185957, 166142];['article', 'learning', 'quality', 'result', 'search engine', 'response', 'question mark', 'estimate', 'contract', 'result', 'question mark', 'result', 'submarine', 'hyphen', 'question mark', 'quality', 'application']
A large fraction of queries submitted to Web search enginesoccur very infrequently. We describe search log studiesaimed at elucidating behaviors associated with rare andcommon queries. We present several analyses and discussresearch directions.;1;[66055, 11169, 466, 11197, 9332, 11169, 7754, 29017603];['fraction', 'question mark', 'World Wide Web', 'logarithm', 'behavior', 'question mark', 'mathematical analysis', 'control']
In this paper we study the problem of finding most topical named entities among all entities in a document;1;[11472, 759676, 25047676, 35120, 49848];['paper', 'task', 'named entity', 'entity', 'document']
This demonstration will describe how Timber;1;[493386, 15054054];['exhibition match', 'Timber']
Traditional ranking schemes of the relevance of a Web page to a user query in a search engine are less appropriate when the search term contains geographic information. Often;1;[959962, 1074648, 36774, 11169, 19541, 1071233, 5915793];['diagram', 'Relevance', 'web page', 'question mark', 'search engine', 'terminal emulator', 'geographic information']
Active learning efficiently hones in on the decision boundary between relevant and irrelevant documents;1;[13537178, 732833, 49848];['Nathaniel Hone the Elder', 'decision', 'document']
This paper presents two new approaches of lexical chains for topic segmentation using weighted lexical chains (WLC) or weighted lexical links (WLL) between repeated occurrences of lemmas along the text. The main advantage of using these new approaches is the suppression of the empirical parameter called hiatus in lexical chain processing. An evaluation according to the WindowDiff measure on a large automatically built corpus shows slight improvements in WLL compared to state-of-the-art methods based on lexical chains.;1;[11472, 3875179, 6537687, 2751586, 6537687, 967616, 102014, 1190554, 207505, 234460, 4686406, 3875179, 1413083, 750663, 369377, 27318, 192276, 461183, 21255975, 190686, 7275, 735, 6537687];['paper', 'New Approach', 'lexical chain', 'resolution', 'lexical chain', 'World Lacrosse Championship', 'hyperlink', 'occurrence', 'lemma', 'text', 'advantage', 'New Approach', 'parameter', 'hiatus', 'total order', 'test', 'measure', 'text corpus', 'improvement', 'subroutine', 'state', 'art', 'lexical chain']
In this work;1;[42213];['work']
Query ambiguity prevents existing retrieval systems from returning reasonable results for every query. As there is already lots of work done on resolving ambiguity;1;[1140419, 58778, 2995644, 11169, 6501349, 42213, 1140419];['ambiguity', 'system', 'result', 'question mark', 'parking lot', 'work', 'ambiguity']
This paper describes two new techniques for increasing the accuracy oftopic label assignment to conversational speech from oral history interviews using supervised machine learning in conjunction with automatic speech recognition. The first;1;[11472, 21162272, 272035, 315, 309, 334384, 36484, 189436];['paper', 'means', 'accuracy and precision', 'language', 'history', 'supervised learning', 'conjunction', 'speech recognition']
Suppose you are on a mobile device with no keyboard (e.g.;1;[5082128, 250];['mobile device', 'computer keyboard']
An approach is presented to automatically build a search engine for large-scale music collections that can be queried through natural language. While existing approaches depend on explicit manual annotations and meta-data assigned to the individual audio pieces;1;[21162272, 19541, 638, 33742, 21162272, 857525, 42848, 7366];['means', 'search engine', 'music', 'natural language', 'means', 'annotation', 'data', 'song']
We present ESTER;1;[389443];['Ester']
In federated text retrieval systems;1;[58778];['system']
People often repeat Web searches;1;[33659, 466];['People', 'World Wide Web']
Since the debut of PageRank and HITS;1;[753601, 184316];['Debut', 'PageRank']
This paper presents a contribution to image indexing applied to the document creation task. The presented method ranks a set of photographs based on how well they aesthetically work within a predefined document. Color harmony;1;[11472, 25096743, 478798, 49848, 190686, 36161, 125191, 49848, 184421];['paper', 'Contribution', 'image', 'document', 'subroutine', 'set', 'photograph', 'document', 'harmony']
We examine the validity and power of the t-test;1;[18757, 25342, 309479];"['validity', 'power', ""Student's t-test""]"
This poster introduces a novel approach to information retrieval that uses statistical model averaging to improve latent semantic indexing (LSI). Instead of choosing a single dimensionality $k$ for LSI ;1;[429785, 21162272, 816826, 3284399, 1661153, 1432932, 4440864, 1432932];['poster', 'means', 'information retrieval', 'statistical models', 'Indexing', 'Sumburgh Airport', 'dimension', 'Sumburgh Airport']
Language modeling is an effective and theoretically attractive probabilistic framework for text information retrieval. The basic idea of this approach is to estimate a language model of a given document (or document set);1;[6149367, 271680, 234460, 131841, 21162272, 3621696, 49848, 36161];['modelling', 'software framework', 'text', 'idea', 'means', 'language model', 'document', 'set']
The effectiveness of information retrieval (IR) systems is influenced by the degree of term overlap between user queries and relevant documents. Query-document term mismatch;1;[1296024, 58778, 816826, 11388, 189533, 1071233, 278368, 49848, 1071233];['effectiveness', 'system', 'information retrieval', 'infrared radiation', 'academic degree', 'terminal emulator', 'user', 'document', 'terminal emulator']
Graph-ranking based algorithms (e.g. TextRank) have been proposed for multi-document summarization in recent years. However;1;[8366, 6934448, 577];['algorithm', 'Multi-document summarization', 'year']
Topic detection and tracking and topic segmentation play an important role in capturing the local and sequential information of documents. Previous work in this area usually focuses on single documents;1;[20804322, 1423946, 466845, 2751586, 214339, 11028, 49848, 42213, 11500, 49848];['Topic', 'segmentation', 'tracking', 'resolution', 'role', 'information', 'document', 'work', 'area', 'document']
Mobile spam in an increasing threat that may be addressed using filtering systems like those employed against email spam. We believe that email filtering techniques require some adaptation to reach good levels of performance on SMS spam;1;[83058, 707125, 58778, 13512320, 9158, 483921, 207988, 35140, 2061082];['electronic spam', 'threat', 'system', 'email spam', 'email', 'adaptation', 'spirit level', 'performance', 'System Center Configuration Manager']
In recent years;1;[577];['year']
Query-by-semantic-description (QBSD)is a natural paradigm for retrieving content from large databases of music. A major impediment to the development of good QBSD systems for music information retrieval has been the lack of a cleanly-labeled;1;[1200750, 28643, 1260632, 8513, 638, 264661, 1395034, 58778, 1163335, 1139338];['description', 'paradigm', 'content', 'database', 'music', 'obstacle', 'new product development', 'system', 'music information retrieval', 'Ex nihilo']
We investigate the robustness of three widely used IR relevance measures for large data collections with incomplete judgments. The relevance measures we consider are the bpref measure introduced by Buckley and Voorhees [7];1;[2524240, 11388, 42848, 12621536, 192276, 192276, 2019227, 22238164];['robustness', 'infrared radiation', 'data', 'judgment', 'measure', 'measure', 'Buckley', 'Voorhees']
Query expansion;1;[5488129];['Query expansion']
Standard machine learning techniques typically require ample training data in the form of labeled instances. In many situations it may be too tedious or costly to obtain sufficient labeled data for adequate classifier performance. However;1;[11019, 42848, 183252, 1664689, 2290680, 30673951, 35140];['machine', 'data', 'morphology', 'instance', 'Situation', 'Labeled data', 'performance']
Subscribers to the popular news or blog feeds (RSS/Atom) often face the problem of information overload as these feed sources usually deliver large number of items periodically. One solution to this problem could be clustering similar items in the feed reader to make the information more manageable for a user. Clustering items at the feed reader end is a challenging task as usually only a small part of the actual article is received through the feed. In this paper;1;[2400808, 38926, 30849, 16766305, 45432, 759676, 1130191, 2095, 41792217, 859965, 5447188, 759676, 859965, 498267, 11028, 278368, 859965, 498267, 759676, 7401, 103184, 2095, 11472];['User (telecommunications)', 'news', 'blog', 'Atom', 'Rich Site Summary', 'task', 'information overload', 'food', 'number of objects', 'item', 'solution', 'task', 'item', 'news aggregator', 'information', 'user', 'item', 'news aggregator', 'task', 'part', 'article', 'food', 'paper']
Contextual advertising or Context Match (CM) refers to the placement of commercial textual advertisements within the content of a generic web page;1;[1815904, 3112819, 811501, 1484784, 1260632, 36774];['contextual advertising', 'Match.com', 'construction management', 'Placement', 'content', 'web page']
Search engines can record which documents were clicked for which query;1;[19541, 49848, 11169];['search engine', 'document', 'question mark']
We propose a methodology for building a practical robust query classification system that can identify thousands of query classes with reasonable accuracy;1;[185698, 5962346, 43016, 11169, 272035];['methodology', 'classification system', '1000', 'question mark', 'accuracy and precision']
In this paper;1;[11472];['paper']
Text search over temporally versioned document collections such as web archives has received little attention as a research problem. As a consequence;1;[17042787, 49848, 7978505, 6501338, 42240, 261155];['Text', 'document', 'Web ARChive', 'attention', 'research', 'consequent']
Ranking is a very important topic in information retrieval. While algorithms for learning ranking models have been intensively studied;1;[526719, 2751586, 816826, 8366, 486902];['ranking', 'resolution', 'information retrieval', 'algorithm', 'mathematical model']
Professionals in the workplace need high-precision search tools capable of retrieving information that is useful and appropriate to the task at hand. One approach to identifying content;1;[1218318, 628858, 39546, 21162272, 1260632];['The Professionals', 'workplace', 'tool', 'means', 'content']
Evaluation of information retrieval systems is one of the core tasks in information retrieval. Problems include the inability to exhaustively label all documents for a topic;1;[5415283, 121182, 839647, 816826, 16736785, 49848, 2751586];['Evaluation', 'information system', 'magnetic-core memory', 'information retrieval', 'Problem', 'document', 'resolution']
We propose a novel method of analysing data gathered fromTREC or similar information retrieval evaluation experiments. We define two normalized versions of average precision;1;[190686, 42848, 11028, 3331189, 19352408];['subroutine', 'data', 'information', 'version, edition, or translation', 'precision']
We approach the problem of academic literature search by considering an unpublished manuscript as a query to a search system. We use the text of previous literature as well as the citation graph that connects it to find relevant related material. We evaluate our technique with manual and automatic evaluation methods;1;[759676, 8242, 87167, 11169, 58778, 234460, 8242, 5122403, 214609, 21162272, 190686];['task', 'literature', 'manuscript', 'question mark', 'system', 'text', 'literature', 'Citation graph', 'base material', 'means', 'subroutine']
Intersecting inverted indexes is a fundamental operation for many applications in information retrieval and databases. Efficient indexing for this operation is known to be a hard problem for arbitrary data distributions. However;1;[1671754, 3884033, 166142, 816826, 8513, 1661153, 3884033, 759676, 200726];['Inverted index', 'operation', 'application', 'information retrieval', 'database', 'Indexing', 'operation', 'task', 'probability distribution']
Almost all existing methods conduct the summarization tasks for single documents separately without interactions for each document under the assumption that the documents are considered independent of each other. This paper proposes a novel framework called CollabSum for collaborative single document summarizations by making use of mutual influences of multiple documents within a cluster context. In this study;1;[190686, 1394144, 49848, 1665869, 49848, 29463760, 49848, 11472, 271680, 49848, 7901733, 7741996, 49848, 206637, 28106657];['subroutine', 'automatic summarization', 'document', 'interaction', 'document', 'modeling assumption', 'document', 'paper', 'software framework', 'document', 'Use', 'The Influence', 'document', 'computer cluster', 'model sheet']
The enormous increase in recent years in the amount of information available online has led to a renewed interest in a broad range of IR-related areas that go beyond plain document retrieval. Some of this new attention has fallen on a subset of IR tasks;1;[17281278, 577, 309314, 11028, 170924, 182995, 11500, 1638872, 6501338, 177646, 11388];['increase', 'year', 'quantity', 'information', 'interest', 'kitchen stove', 'area', 'document retrieval', 'attention', 'subset', 'infrared radiation']
Recently [Manning et al.;1;[14629485, 222];['Manning', 'Albania']
The Relevant in Context retrieval task is document or article retrieval with a twist;1;[966793, 935222, 49848, 103184, 7858456];['Relevant', 'syllabus', 'document', 'article', 'twist']
Content-based Multimedia Information Retrieval can be defined as the task of matching a multi-modal information need against various components of a multimedia corpus and retrieving relevant elements. Generally the matching and retrieval takes place across multiple 'features' which can either be visual or audio;1;[6934776, 759676, 11028, 11653, 131765, 11344, 1065144, 27590475, 82794, 42139305, 53758993];['Multimedia information retrieval', 'task', 'information', 'electronic component', 'multimedia', 'chemical element', 'matching', 'The Retrieval', 'geographic region', 'feature', 'Audio']
Question-Answer portals such as Naver and Yahoo! Answers are growing in popularity. However;1;[186165, 485639, 37093, 2472038, 1357284];['web portal', 'Naver', 'Yahoo', 'Answer', 'popularity']
In the domain of video content retrieval;1;[146481, 34508];['domain', 'video']
A common motivation for personalised search systems is the ability to disambiguate queries based on some knowledge of a user's interests. An analysis of log files from three search providers;1;[644302, 58778, 1347367, 11169, 9081, 170924, 278368, 7754, 949532, 16320113];['motivation', 'system', 'capability', 'question mark', 'knowledge', 'interest', 'user', 'mathematical analysis', 'logging file', 'The Search']
The Web today includes many pages intended to deceive search engines;1;[466, 130838, 361698, 19541];['World Wide Web', 'Today', 'page', 'search engine']
The world wide web contains rich textual contents that areinterconnected via complex hyperlinks. This huge database violates the assumption held by most of conventional statistical methods that each web page is considered as an independent and identical sample. It is thus difficult to apply traditional mining or learning methods for solving web mining problems;1;[466, 1260632, 102014, 8513, 29463760, 190686, 36774, 49906, 190686, 44497, 466];['World Wide Web', 'content', 'hyperlink', 'database', 'modeling assumption', 'subroutine', 'web page', 'sample', 'subroutine', 'mining', 'World Wide Web']
In this paper we formulate image retrieval by text query as a vector space classification problem. This is achieved by creating a high-dimensional visual vocabulary that represents the image documents in great detail. We show how the representation of these image documents enables the application of well known text retrieval techniques such as Rocchio tf-idf and naíve Bayes to the semantic image retrieval problem. We tested these methods on a Corel images subset and achieve state-of-the-art retrieval performance using the proposed methods.;1;[11472, 10927554, 11169, 4169, 324254, 478798, 15059449, 853614, 478798, 166142, 234460, 13917, 37490204, 478798, 190686, 478798, 35140, 7275, 735, 190686];['paper', 'image retrieval', 'question mark', 'outer space', 'ontology', 'image', 'Detail', 'identifier', 'image', 'application', 'text', 'Île-de-France', 'Bayes', 'image', 'subroutine', 'image', 'performance', 'state', 'art', 'subroutine']
Modern information retrieval (IR) test collections violate the completeness assumption of the Cranfield paradigm. In order to maximise the available resources;1;[27318, 816826, 11388, 15846555, 28643, 1473607, 1554231];['test', 'information retrieval', 'infrared radiation', 'completeness', 'paradigm', 'degree of a polynomial', 'resource']
Are sponsored links;1;[102014];['hyperlink']
How good is an IR test collection? A series of papers in recent years has addressed the question by empirically enumerating the consistency of performance comparisons using alternate subsets of the collection. In this paper we propose using Test Theory;1;[11388, 170198, 11472, 577, 189756, 5163219, 35140, 177646, 3052382, 11472, 7705812];['infrared radiation', 'series', 'paper', 'year', 'question', 'consistency', 'performance', 'subset', 'fonds', 'paper', 'Test theory']
Query suggestion aims to suggest relevant queries for a given query;1;[690194, 11169, 11169];['suggestion', 'question mark', 'question mark']
We are interested in retrieving information from speech data like broadcast news;1;[11028, 315, 1539062];['information', 'language', 'Broadcast News']
We describe a novel system for evaluating and performing stream-based text categorization. Stream-based text categorization considers the text being categorized as a stream of symbols;1;[58778, 912550, 912550, 234460, 47521, 80071];['system', 'categorization', 'categorization', 'text', 'stream', 'symbol']
Mailing list archives in an enterprise are a valuable source for employees to dig into the past proceedings of the organization that could be relevant to their present task. Going through the proceedings of discussions about certain topics might be cumbersome and regular search techniques might not work in this context due to the genre that the documents belong to. In this paper;1;[166118, 4830453, 128751, 13440398, 1143604, 43229, 759676, 1143604, 2751586, 21162272, 196626, 188451, 49848, 11472];['archives', 'business', 'source code', 'workforce', 'proceedings', 'organization', 'task', 'proceedings', 'resolution', 'means', 'context', 'music genre', 'document', 'paper']
Effective organization of search results is critical for improving the utility of any search engine. Clustering search results is an effective way to organize search results;1;[43229, 2995644, 1951366, 19541, 2995644, 17641254, 2995644];['organization', 'result', 'public utility', 'search engine', 'result', 'Andrew John Henry Way', 'result']
Those who want to conceal the content of their communications can do so by replacing words that might trigger attention. For example;1;[1260632, 11024, 625642, 6501338, 12335479];['content', 'communication', 'word', 'attention', 'template']
Test collections are most useful when they are reusable;1;[467402];['Test']
In this paper;1;[11472];['paper']
Collection size is an important feature to represent the content summaries of a collection;1;[4049983, 42139305, 1260632, 3052382];['cardinality', 'feature', 'content', 'fonds']
Due to its high popularity;1;[1357284];['popularity']
The central problem for many applications in Information Retrieval is ranking and learning to rank is considered as a promising approach for addressing the issue. Ranking SVM;1;[759676, 166142, 816826, 21162272, 86447, 7293290];['task', 'application', 'information retrieval', 'means', 'issue', 'Ranking SVM']
Much of human activity defines an information context. We awaken;1;[423220, 11028];['activity', 'information']
The inherent ambiguity of short keyword queries demands for enhanced methods for Web retrieval. In this paper we propose to improve such Web queries by expanding them with terms collected from each user's Personal Information Repository;1;[1140419, 1128340, 4402708, 190686, 466, 11472, 466, 1071233, 6031177, 278368];['ambiguity', 'index term', 'demand', 'subroutine', 'World Wide Web', 'paper', 'World Wide Web', 'terminal emulator', 'Information repository', 'user']
User query is an element that specifies an information need;1;[11169, 11344, 11028];['question mark', 'chemical element', 'information']
This paper presents a new perspective of the probability ranking principle (PRP) by defining retrieval effectiveness in terms of our novel expected rank measure of a set of documents for a particular query. This perspective is based on preserving decision preferences;1;[11472, 9049757, 211364, 613879, 1296024, 1071233, 8261, 56019, 36161, 49848, 11169, 20978643, 1416170];['paper', 'New Perspective', 'principle', 'platelet-rich plasma', 'effectiveness', 'terminal emulator', 'novel', 'military rank', 'set', 'document', 'question mark', 'point of view', 'preference']
Clustering algorithms have been widely used in information retrieval applications. However;1;[8366, 6031188];['algorithm', 'Information retrieval applications']
Current approaches to identifying definitional sentences in the context of Question Answering mainly involve the use of linguistic or syntactic patterns to identify informative nuggets. This is insufficient as they do not address the novelty factor that a definitional nugget must also possess. This paper proposes to address the deficiency by building a Human Interest Model from external knowledge. It is hoped that such a model will allow the computation of human interest in the sentence with respect to the topic. We compare and contrast our model with current definitional question answering models to show that interestingness plays an important factor in definitional question answering.;1;[21162272, 41796, 196626, 1074173, 7901733, 2083958, 162954, 760170, 3489980, 11472, 1139338, 849189, 9081, 486902, 12525525, 170924, 41796, 28510, 2751586, 486902, 486902, 760170, 189756];['means', 'sentence', 'context', 'question answering', 'Use', 'pattern', 'Denver Nuggets', 'enumerated type', 'The Nugget', 'paper', 'Ex nihilo', 'Human', 'knowledge', 'mathematical model', 'computation', 'interest', 'sentence', 'respect', 'resolution', 'mathematical model', 'mathematical model', 'enumerated type', 'question']
Tokenization is a fundamental preprocessing step in Information Retrieval systems in which text is turned into index terms. This paper quantifies and compares the influence of various simple tokenization techniques on document retrieval effectiveness in two domains: biomedicine and news. As expected;1;[17086007, 17525443, 121182, 234460, 1128340, 11472, 7741996, 17086007, 49848, 146481, 864601, 38926];['tokenization', 'middle', 'information system', 'text', 'index term', 'paper', 'The Influence', 'tokenization', 'document', 'domain', 'biomedicine', 'news']
The presentation of query biased document snippets as part of results pages presented by search engines has become an expectation of search engine users. In this paper we explore the algorithms and data structures required as part of a search engine to allow efficient generation of query biased snippets. We begin by proposing and analysing a document compression method that reduces snippet generation time by 58% over a baseline using the zlib compression library. These experiments reveal that finding documents on secondary storage dominates the total cost of generating snippets;1;[604733, 11169, 49848, 7401, 361698, 19541, 1362683, 278368, 11472, 8366, 42848, 7401, 19541, 213381, 1120538, 11169, 2493, 11471, 11229, 201610, 2493, 101965, 49848, 66221, 1289588, 1120538];['presentation', 'question mark', 'document', 'part', 'page', 'search engine', 'expectation', 'user', 'paper', 'algorithm', 'data', 'part', 'search engine', 'generation', 'snippet', 'question mark', 'data compression', 'time', 'percent', 'status quo', 'data compression', 'experiment', 'document', 'computer data storage', 'Total cost', 'snippet']
Many online news/blog aggregators like Google;1;[30849, 95];['blog', 'Google']
The paper describes a maximum entropy based story segmentation system for Arabic;1;[11472, 58778];['paper', 'system']
This paper examines a new approach to information distillation over temporally ordered documents;1;[11472, 3875179, 11028, 49848];['paper', 'New Approach', 'information', 'document']
This paper presents a novel online video recommendation system called VideoReach;1;[11472, 58778];['paper', 'system']
We present a novel Web search interaction feature which;1;[466];['World Wide Web']
A (page or web) snippet is document excerpts allowing a user to understand if a document is indeed relevant without accessing it. This paper proposes an effective snippet generation method. The pseudo relevance feedback technique and text summarization techniques are applied to salient sentences extraction for generating good quality snippets. In the experimental results;1;[1120538, 361698, 466, 49848, 278368, 49848, 11472, 190686, 2598033, 234460, 844704, 185957, 2995644];['snippet', 'page', 'World Wide Web', 'document', 'user', 'document', 'paper', 'subroutine', 'pseudo-', 'text', 'extraction', 'quality', 'result']
In structured information retrieval;1;[816826];['information retrieval']
Identifying redundant information in sentences is useful for several applications such as summarization;1;[11028, 41796, 166142, 1394144];['information', 'sentence', 'application', 'automatic summarization']
New Event Detection (NED) aims at detecting from one or multiple streams of news stories that which one is reported on a new event (i.e. not reported previously). With the overwhelming volume of news available today;1;[14754876, 55, 47521, 38926, 199, 10290214, 39297, 38926, 130838];['New', 'Netherlands', 'stream', 'news', '1', 'event', 'volume', 'news', 'Today']
Geographic information retrieval (GIR) systems allow users to specify a geographic context;1;[58778, 5535057, 18035920, 278368, 196626];['system', 'Geographic information retrieval', 'GPR83', 'user', 'context']
This poster focuses on the study of term context dependence in the application of sentence retrieval. Based on Markov Random Field (MRF);1;[429785, 28106657, 12029, 166142, 41796, 176827, 176827];['poster', 'model sheet', 'addiction', 'application', 'sentence', 'Markov random field', 'Markov random field']
"A web page may be relevant to multiple topics; even when nominally on a single topic";1;[36774, 2751586, 2751586];['web page', 'resolution', 'resolution']
We introduce a new relevance scoring technique that enhances existing relevance scoring schemes with term position information. This technique uses chronological term rank (CTR) which captures the positions of terms as they occur in the sequence of words in a document. CTR is both conceptually and computationally simple when compared to other approaches that use document structure information;1;[21162272, 1074648, 959962, 11028, 21162272, 56019, 834872, 11488158, 1071233, 133250, 625642, 49848, 834872, 21162272, 11028];['means', 'Relevance', 'diagram', 'information', 'means', 'military rank', 'Crash Team Racing', 'corporate title', 'terminal emulator', 'sequence', 'word', 'document', 'Crash Team Racing', 'means', 'information']
We describe a preliminary analysis of queries created by 81 users for 4 topics from the TREC Robust Track. Our goal was to explore the potential benefits of using queries created by multiple users on retrieval performance for difficult topics. We first examine the overlap in users' queries and the overlap in results with respect to different queries for the same topic. We then explore the potential benefits of combining users' queries in various ways. Our results provide some evidence that having access to multiple users' queries can improve retrieval for individual searchers and for difficult topics.;1;[7754, 11169, 278368, 2751586, 3213250, 4503831, 2383321, 11169, 278368, 35140, 2751586, 5159092, 11169, 278368, 5159092, 2995644, 28510, 11169, 2751586, 2383321, 11169, 278368, 17641254, 2995644, 1347572, 1200690, 11169, 278368, 27590475, 276769, 2751586];['mathematical analysis', 'question mark', 'user', 'resolution', 'The Track', 'goal', 'yield', 'question mark', 'user', 'performance', 'resolution', 'concurrency', 'question mark', 'user', 'concurrency', 'result', 'respect', 'question mark', 'resolution', 'yield', 'question mark', 'user', 'Andrew John Henry Way', 'result', 'evidence', 'Access', 'question mark', 'user', 'The Retrieval', 'The Searchers', 'resolution']
We are developing support for creativity in learning through information discovery and exploratory search. Users engage in creative tasks;1;[1136376, 170658, 6031053, 5421358, 7771841, 759676];['support', 'creativity', 'information discovery', 'Exploratory search', 'The Users', 'task']
We investigate the difficult problem of matching semi-structured resumes and jobs in a large scale real-world collection. We compare standard approaches to Structured Relevance Models (SRM);1;[759676, 950511, 192581, 16502, 21162272, 1074648, 4107232];['task', 'résumé', 'job', 'world', 'means', 'Relevance', 'switched reluctance motor']
Temporal and spatial information in text documents is often expressed in a qualitative way. Moreover;1;[11028, 49848, 17641254];['information', 'document', 'Andrew John Henry Way']
This paper describes a large-scale evaluation of the effectiveness of HITS in comparison with other link-based ranking algorithms;1;[11472, 179651, 1296024, 1598365, 577714, 8366];['paper', 'scale', 'effectiveness', 'heparin-induced thrombocytopenia', 'comparison', 'algorithm']
Term dependency;1;[161243];['dependent territory']
We propose a language-model-based approach for addressing the performance robustness problem -- with respect to free-parameters' values -- of pseudo-feedback-based query-expansion methods. Given a query;1;[21162272, 35140, 28510, 194112, 1413083, 190686, 11169];['means', 'performance', 'respect', 'value', 'parameter', 'subroutine', 'question mark']
This paper presents a new management method for morphological variation of keywords. The method is called FCG;1;[11472, 190686, 214981, 1128340, 190686, 345538];['paper', 'subroutine', 'variation', 'index term', 'subroutine', 'Calouste Gulbenkian']
This poster investigates a novel query suggestion technique that selects query refinements through a combination of many users' post-query navigation patterns and the query logs of a large search engine. We compare this technique;1;[429785, 690194, 11169, 202805, 102066, 278368, 11197, 19541, 21162272];['poster', 'suggestion', 'question mark', 'combination', 'navigation', 'user', 'logarithm', 'search engine', 'means']
Many information sources contain information that can only be accessed through search-specific search engines. Federated search provides search solutions of this type of hidden information that cannot be searched by conventional search engines. In many scenarios of federated search;1;[3523102, 11028, 19541, 5440717, 5447188, 190087, 11028, 19541, 103076, 5440717];['information source', 'information', 'search engine', 'federated search', 'solution', 'data type', 'information', 'search engine', 'screenplay', 'federated search']
In the proposed PhD thesis;1;[187685];['doctoral thesis']
In this paper we present a novel filtering system;1;[11472, 58778];['paper', 'system']
This paper presents a study of incorporating domain-specific knowledge (i.e.;1;[11472, 28106657, 9081];['paper', 'model sheet', 'knowledge']
We describe a technique to automatically classify a web page into an existing bookmark category to help a user to bookmark a page. HyperBK compares a bag-of-words representation of the page to descriptions of categories in the user's bookmark file. Unlike default web browser dialog boxes in which the user may be presented with the category into which he or she saved the last bookmarked file;1;[21162272, 36774, 719395, 278368, 361698, 853614, 1323314, 625642, 361698, 1200750, 719395, 82753, 278368, 86915, 278368, 719395, 82753];['means', 'web page', 'category', 'user', 'page', 'identifier', 'bag', 'word', 'page', 'description', 'category', 'computer file', 'user', 'dialog box', 'user', 'category', 'computer file']
This research explores the relationship between Information Retrieval (IR) systems' effectiveness and users' performance (accuracy and speed) and their satisfaction with the retrieved results (precision of the results;1;[42240, 223642, 1296024, 58778, 816826, 11388, 35140, 278368, 272035, 3711325, 203994, 2995644, 19352408, 2995644];['research', 'interpersonal relationship', 'effectiveness', 'system', 'information retrieval', 'infrared radiation', 'performance', 'user', 'accuracy and precision', 'speed', 'euphoria', 'result', 'precision', 'result']
Many variants of language models have been proposed for information retrieval. Most existing models are based on multinomial distribution and would score documents based on query likelihood computed based on a query generation probabilistic model. In this paper;1;[362031, 3621696, 816826, 486902, 1147928, 49848, 11169, 486902, 213381, 11472];['variance', 'language model', 'information retrieval', 'mathematical model', 'multinomial distribution', 'document', 'question mark', 'mathematical model', 'generation', 'paper']
One way to help all users of commercial Web search engines be more successful in their searches is to better understand what those users with greater search expertise are doing;1;[17641254, 278368, 4182287, 16320113, 278368, 16320113];['Andrew John Henry Way', 'user', 'web search engine', 'The Search', 'user', 'The Search']
In this paper we study the trade-offs in designing efficient caching systems for Web search engines. We explore the impact of different approaches;1;[11472, 601401, 58778, 4182287, 4115667, 4656436];['paper', 'trade', 'system', 'web search engine', 'impact', 'A Different Approach']
It is often argued that in information extraction (IE);1;[1662562];['information extraction']
For enterprise search;1;[1344700];['Enterprise search']
We consider the problem of analyzing word trajectories in both time and frequency domains;1;[759676, 625642, 146481, 11471, 11652];['task', 'word', 'domain', 'time', 'frequency']
Many studies focus on the Web;1;[28106657, 466];['model sheet', 'World Wide Web']
We define a method to estimate the random and systematic errors resulting from incomplete relevance assessments.Mean Average Precision (MAP) computed over a large number of topics with a shallow assessment pool substantially outperforms -- for the same adjudication effort MAP computed over fewer topics with deeper pools;1;[190686, 29485, 27318, 254860, 635384, 1816844, 2751586, 27318, 357789, 635384, 2751586, 3253281];['subroutine', 'error', 'test', 'Precision', 'maximum a posteriori estimation', 'large number', 'resolution', 'test', 'adjudication', 'maximum a posteriori estimation', 'resolution', 'pond']
We propose an approach QRRS (Query Relaxative Ranking SVM) that divides a ranking function into different relaxation steps;1;[21162272, 282453, 7293293, 900475];['means', 'support vector machine', 'ranking function', 'relaxation']
In this paper;1;[11472];['paper']
Per-query relevance measures provide standardized;1;[192276, 11169];['measure', 'question mark']
Focused structured document retrieval employs the concept of best entry point (BEP);1;[1638872, 151885, 2005914, 506659];['document retrieval', 'concept', 'entry point', 'prostatic hypertrophy']
In real world use of test collection methods;1;[16502, 190686];['world', 'subroutine']
Many server selection methods suitable for distributed information retrieval applications rely;1;[44127];['server']
To facilitate the search for relevant information across a setof online distributed collections;1;[16320113, 11028, 3052382];['The Search', 'information', 'fonds']
Consensus clustering is the task of deriving a single labeling by applying a consensus function on a cluster ensemble. This work introduces BordaConsensus;1;[2994424, 759676, 6466900, 11348, 206637, 42213];['consensus', 'task', 'cartographic labeling', 'function', 'computer cluster', 'work']
Traditional text classification studied in the IR literature is mainly based on topics. That is;1;[234460, 11388, 2751586];['text', 'infrared radiation', 'resolution']
We investigate the diverse goals that people have when they issue the same query to a search engine;1;[4503831, 5, 11169, 19541];['goal', 'human', 'question mark', 'search engine']
The class imbalance problem has been known to hinder the learning performance of classification algorithms. Various real-world classification tasks such as text categorization suffer from this phenomenon. We demonstrate that active learning is capable of solving the problem.;1;[4479242, 35140, 8366, 16502, 912550, 483247, 1542052, 759676];['class', 'performance', 'algorithm', 'world', 'categorization', 'phenomenon', 'active learning', 'task']
A content-based personalized recommendation system learns user specific profiles from user feedback so that it can deliver information tailored to each individual user's interest. A system serving millions of users can learn a better user profile for a new user;1;[554950, 5117123, 278368, 183635, 11028, 170924, 278368, 58778, 38526, 278368, 252500, 278368];['recommender system', 'profile', 'user', 'feedback', 'information', 'interest', 'user', 'system', '1,000,000', 'user', 'user profile', 'user']
We present Confluence;1;[1125400];['Confluence']
This paper presents an experimental study of users assessing the quality of Google web search results. In particular we look at how users' satisfaction correlates with the effectiveness of Google as quantified by IR measures such as precision and the suite of Cumulative Gain measures (CG;1;[11472, 28106657, 278368, 185957, 95, 203994, 278368, 1296024, 95, 11388, 19352408, 203005, 192276, 7600677];['paper', 'model sheet', 'user', 'quality', 'Google', 'euphoria', 'user', 'effectiveness', 'Google', 'infrared radiation', 'precision', 'suite', 'measure', 'computer graphics']
We consider the problem of duplicate document detection for search evaluation. Given a query and a small number of web results for that query;1;[759676, 49848, 27318, 11169, 11563, 466, 11169];['task', 'document', 'test', 'question mark', 'number', 'World Wide Web', 'question mark']
Web search engines present lists of captions;1;[4182287, 27948, 5036909];['web search engine', 'list', 'Caption']
There has been increased interest in the use of simulated queries for evaluation and estimation purposes in Information Retrieval. However;1;[170924, 7901733, 11169, 706622, 27318, 37113960, 816826];['interest', 'Use', 'question mark', 'intention', 'test', 'estimate', 'information retrieval']
Using Saracevic's relevance types;1;[190087];['data type']
Opinion holder extraction research is important for discriminating between opinions that are viewed from different perspectives. In this paper;1;[42240, 3962655, 19601373, 11472];['research', 'opinion', 'Different Perspectives', 'paper']
Hash-based similarity search reduces a continuous similarity relation to the binary concept similar or not similar: two feature vectors are considered as similar if they are mapped on the same hash key. From its runtime performance this principle is unequaled--while being unaffected by dimensionality concerns at the same time. Similarity hashing is applied with great success for near similarity search in large document collections;1;[608751, 7517809, 151885, 44528, 175743, 35140, 211364, 4440864, 11471, 254465, 50000, 608751, 49848];['nearest neighbor search', 'Similarity relation', 'concept', 'Euclidean vector', '#', 'performance', 'principle', 'dimension', 'time', 'similarity', 'victory', 'nearest neighbor search', 'document']
Graphical models have been applied to various information retrieval and natural language processing tasks in the recent literature. In this paper;1;[1143367, 816826, 315, 8242, 11472];['graphical model', 'information retrieval', 'language', 'literature', 'paper']
Collection selection;1;[1954593];['The Collection']
Expertise retrieval has been largely unexplored on data other than the W3C collection. At the same time;1;[27590475, 42848, 11471];['The Retrieval', 'data', 'time']
Relevance judgments are used to compare text retrieval systems. Given a collection of documents and queries;1;[12621536, 58778, 3052382, 49848, 11169];['judgment', 'system', 'fonds', 'document', 'question mark']
This poster describes a potential problem with a relatively well used measure in Information Retrieval research: Kendall's Tau rank correlation coefficient. The coefficient is best known for its use in determining the similarity of test collections when ranking sets of retrieval runs. Threshold values for the coefficient have been defined and used in a number of published studies in information retrieval. However;1;[41690, 429785, 759676, 192276, 42240, 2361035, 50700, 7901733, 254465, 27318, 526719, 36161, 1210151, 194112, 50700, 11563, 28106657, 816826];['golden ratio', 'poster', 'task', 'measure', 'research', 'Kendall', 'coefficient', 'Use', 'similarity', 'test', 'ranking', 'set', 'run', 'value', 'coefficient', 'number', 'model sheet', 'information retrieval']
This paper reports on an experiment comparing the retrieval effectiveness of an interactive information retrieval (IIR) system which adapts to support different information seeking strategies;1;[11472, 101965, 1296024, 58778, 816826, 11028, 185451];['paper', 'experiment', 'effectiveness', 'system', 'information retrieval', 'information', 'strategy']
Relevance feedback is a powerful technique to enhance Content-Based Image Retrieval (CBIR) performance. It solicits the user's relevance judgments on the retrieved images returned by the CBIR systems. The user's labeling is then used to learn a classifier to distinguish between relevant and irrelevant images. However;1;[445558, 21162272, 35140, 10927554, 1128648, 12621536, 278368, 478798, 58778, 6466900, 278368, 63153, 478798];['relevance feedback', 'means', 'performance', 'image retrieval', 'content-based image retrieval', 'judgment', 'user', 'image', 'system', 'cartographic labeling', 'user', 'classifier', 'image']
The task of finding people who are experts on a topic has recently received increased attention. We introduce a different expert finding task for which a small number of example experts is given (instead of a natural language query);1;[759676, 5, 381160, 2751586, 6501338, 381160, 759676, 381160, 11563, 12335479, 315];['task', 'human', 'expert', 'resolution', 'attention', 'expert', 'task', 'expert', 'number', 'template', 'language']
This paper introduces a locality discriminating indexing (LDI) algorithm for document classification. Based on the hypothesis that samples from different classes reside in class-specific manifold structures;1;[11472, 1661153, 8366, 3612951, 302088, 41719, 49906, 771579, 6671777];['paper', 'Indexing', 'algorithm', 'Lindi Airport', 'document classification', 'hypothesis', 'sample', 'Different Class', 'structure']
Personal Information Management (PIM) is a rapidly growing area of research concerned with how people store;1;[1081067, 782752, 11500, 42240, 5];['personal information management', 'Protocol Independent Multicast', 'area', 'research', 'human']
Spam is a key problem in electronic communication;1;[606132, 759676, 11024];['Spam', 'task', 'communication']
Web spam can significantly deteriorate the quality of search engine results. Thus there is a large incentive for commercial search engines to detect spam pages efficiently and accurately. In this paper we present a spam detection system that combines link-based and content-based features;1;[466, 185957, 2995644, 1414816, 19541, 83058, 11472, 58778, 42139305];['World Wide Web', 'quality', 'result', 'incentive', 'search engine', 'electronic spam', 'paper', 'system', 'feature']
Topical classification of web queries has drawn recent interest because of the promise it offers in improving retrieval effectiveness and efficiency. However;1;[5128386, 466, 170924, 1426138, 1296024, 1034411];['classification', 'World Wide Web', 'interest', 'future', 'effectiveness', 'efficiency']
Low-cost methods for acquiring relevance judgments can be a boon to researchers who need to evaluate new retrieval tasks or topics but do not have the resources to make thousands of judgments. While these judgments are very useful for a one-time evaluation;1;[190686, 12621536, 4943558, 1650915, 759676, 2751586, 1554231, 43016, 12621536, 12621536, 11471];['subroutine', 'judgment', 'Boon', 'researcher', 'task', 'resolution', 'resource', '1000', 'judgment', 'judgment', 'time']
A methodology based on information nuggets has recently emerged as the de facto standard by which answers to complex questions are evaluated. After several implementations in the TREC question answering tracks;1;[185698, 11028, 399495, 189756, 245962, 189756, 3312129];['methodology', 'information', 'standard language', 'question', 'implementation', 'question', 'track and field']
This work presents a flexible XML selection language;1;[42213, 2115];['work', 'Extensible Markup Language']
We consider the problem of approximating the PageRank of a target node using only local information provided by a link server. We prove that local approximation of PageRank is feasible if and only if the graph has low in-degree and admits fast PageRank convergence. While natural graphs;1;[759676, 184316, 173106, 11028, 44127, 27058, 184316, 17514, 189533, 184316, 17514];['task', 'PageRank', 'network node', 'information', 'server', 'approximation', 'PageRank', 'graffiti', 'academic degree', 'PageRank', 'graffiti']
Search personalization has been pursued in many ways;1;[1000371, 17641254];['personalization', 'Andrew John Henry Way']
We address the task of separating personal from non-personal blogs;1;[759676, 30849];['task', 'blog']
Previous work on term dependency has not taken into account semantic information underlying query phrases. In this work;1;[42213, 161243, 11028, 5190563, 11169, 42213];['work', 'dependent territory', 'information', 'accountability', 'question mark', 'work']
With the prevalence of recording devices and the ease of media sharing;1;[719602, 3966, 19571551, 459221];['prevalence', 'computer hardware', 'ease', 'sharing']
Traditional information retrieval models assume that users express their information needs via text queries (i.e.;1;[11028, 278368, 2899888, 234460];['information', 'user', 'information need', 'text']
Address geocoding;1;[1346408];['geocoding']
Personalized search is a promising way to better serve different users' information needs. Search history is one of the major information sources for search personalization. We investigated the impact of history length on the effectiveness of personalized ranking. We carried out task-based user study for Web search;1;[7170667, 17641254, 2899888, 278368, 309, 3523102, 1000371, 4115667, 309, 1296024, 526719, 278368, 466];['Personalized search', 'Andrew John Henry Way', 'information need', 'user', 'history', 'information source', 'personalization', 'impact', 'history', 'effectiveness', 'ranking', 'user', 'World Wide Web']
In this paper we explore the use of parsimonious language models for web retrieval. These models are smaller thus more efficient than the standard language models and are therefore well suited for large-scale web retrieval. We have conducted experiments on four TREC topic sets;1;[11472, 7901733, 3621696, 466, 486902, 3621696, 466, 101965, 2751586];['paper', 'Use', 'language model', 'World Wide Web', 'mathematical model', 'language model', 'World Wide Web', 'experiment', 'resolution']
This paper describes a method to automatically acquire query translation pairs by mining web click-through data. The extraction requires no crawling or Chinese words segmentation;1;[11472, 190686, 11169, 42848, 844704, 1411725, 625642, 1423946];['paper', 'subroutine', 'question mark', 'data', 'extraction', 'crawling', 'word', 'segmentation']
We examine the effect of incorporating gaze-based attention feedback from the user on personalizing the search process. Employing eye tracking data;1;[2995644, 183635, 278368, 205663, 42848];['result', 'feedback', 'user', 'process', 'data']
We present a novel Web Image Semantic Analysis (WISA) system;1;[58778, 7449025, 466, 7950894];['system', 'Semantic Analysis', 'World Wide Web', 'WISA']
We demonstrate that regularization can improve feedback in a language modeling framework.;1;[2061913, 183635, 315];['regularization', 'feedback', 'language']
Motivated by our work with political scientists who need to manually analyze large Web archives of news sites;1;[42213, 901, 7978505, 35127];['work', 'scientist', 'Web ARChive', 'website']
In this paper;1;[11472];['paper']
We describe a method for applying parsimonious language models to re-estimate the term probabilities assigned by relevance models. We apply our method to six topic sets from test collections in five different genres. Our parsimonious relevance models (i) improve retrieval effectiveness in terms of MAP on all collections;1;[190686, 3621696, 1071233, 486902, 190686, 36161, 27318, 188451, 486902, 729138, 1296024, 1071233, 635384, 3052382];['subroutine', 'language model', 'terminal emulator', 'mathematical model', 'subroutine', 'set', 'test', 'music genre', 'mathematical model', 'integer data type', 'effectiveness', 'terminal emulator', 'maximum a posteriori estimation', 'fonds']
We introduce a novel approach to expert finding based on multi-step relevance propagation from documents to related candidates. Relevance propagation is modeled with an absorbing random walk. The evaluation on the two official Enterprise TREC data sets demonstrates the advantage of our method over the state-of-the-art method based on one-step propagation.;1;[21162272, 381160, 1074648, 49848, 618536, 1074648, 856741, 27318, 369987, 4686406, 190686, 190686, 7275, 735, 17525443];['means', 'expert', 'Relevance', 'document', 'candidate', 'Relevance', 'random walk', 'test', 'USS Enterprise', 'advantage', 'subroutine', 'subroutine', 'state', 'art', 'middle']
Designing effective ranking functions is a core problem for information retrieval and Web search since the ranking functions directly impact the relevance of the search results. The problem has been the focus of much of the research at the intersection of Web search and machine learning;1;[7293293, 839647, 816826, 466, 7293293, 1074648, 2995644, 759676, 190909, 42240, 185837, 466, 2539];['ranking function', 'magnetic-core memory', 'information retrieval', 'World Wide Web', 'ranking function', 'Relevance', 'result', 'task', 'focus', 'research', 'intersection', 'World Wide Web', 'machine learning']
Bug locating usually involves intensive search activities and incurs unpredictable cost of labor and time. An issue of information retrieval on bug locations is particularly addressed to facilitate identifying bugs from software code. In this paper;1;[1002251, 61788060, 240673, 14536140, 11471, 86447, 816826, 1390, 1390, 7397, 11472];['Bug', 'human activity', 'cost', 'exertion', 'time', 'issue', 'information retrieval', 'insect', 'insect', 'software', 'paper']
We investigate a representative case of sudden information need change of Web users. By analyzing search engine query logs;1;[8188561, 11028, 3090589, 466, 11169];['letter case', 'information', 'Change.org', 'World Wide Web', 'question mark']
There has been recent interest in collecting user or assessor preferences;1;[170924, 278368, 1416170];['interest', 'user', 'preference']
User feedback is considered to be a critical element in the information seeking process;1;[183635, 11344, 11028, 205663];['feedback', 'chemical element', 'information', 'process']
"This paper investigates the agreement of relevance assessments between official TREC judgments and those generated from an interactive IR experiment. Results show that 63% of documents judged relevant by our users matched official TREC judgments. Several factors contributed to differences in the agreements: the number of retrieved relevant documents; the number of relevant documents judged; system effectiveness per topic and the ranking of relevant documents.";1;[11472, 93288, 27318, 12621536, 11388, 18703883, 11229, 49848, 278368, 12621536, 760170, 4658963, 93288, 11563, 49848, 11563, 49848, 58778, 2751586, 526719, 49848];['paper', 'contract', 'test', 'judgment', 'infrared radiation', 'Results', 'percent', 'document', 'user', 'judgment', 'enumerated type', 'cadency', 'contract', 'number', 'document', 'number', 'document', 'system', 'resolution', 'ranking', 'document']
Previous scalability experiments found that early precision improves as collection size increases. However;1;[101965, 19352408, 3052382];['experiment', 'precision', 'fonds']
One of the central issues in learning to rank for information retrieval is to develop algorithms that construct ranking models by directly optimizing evaluation measures used in information retrieval such as Mean Average Precision (MAP) and Normalized Discounted Cumulative Gain (NDCG). Several such algorithms including SVMmap and AdaRank have been proposed and their effectiveness has been verified. However;1;[86447, 816826, 8366, 486902, 25211005, 816826, 2303661, 635384, 5281742, 8366, 1296024];['issue', 'information retrieval', 'algorithm', 'mathematical model', 'Evaluation measures', 'information retrieval', 'Mean', 'maximum a posteriori estimation', 'Discounted cumulative gain', 'algorithm', 'effectiveness']
Researchers have been studying and developing teaching materials for information retrieval (IR);1;[16968515, 214609, 816826, 11388];['Researcher', 'base material', 'information retrieval', 'infrared radiation']
Handling long queries can involve either pruning the query to retain only the important terms (reduction);1;[11169, 11169, 1071233, 1197709];['question mark', 'question mark', 'terminal emulator', 'reduction']
This work presents the use of click graphs in improving query intent classifiers;1;[42213, 7901733, 17514, 11169];['work', 'Use', 'graffiti', 'question mark']
Tags are user-generated labels for entities. Existing research on tag recommendation either focuses on improving its accuracy or on automating the process;1;[30612098, 18127, 35120, 42240, 17514, 272035, 205663];['Tag', 'record label', 'entity', 'research', 'graffiti', 'accuracy and precision', 'process']
The aim of the Forum for Information Retrieval Evaluation (FIRE) is to create a Cranfield-like evaluation framework in the spirit of TREC;1;[4503831, 5473037, 6030654, 1057040, 271680, 56139];['goal', 'Forum', 'Information', 'financial independence', 'software framework', 'distilled beverage']
In this paper;1;[11472];['paper']
Our aim is to investigate if and how the performance of Distributed Information Retrieval (DIR) systems can be improved through personalization. Toward this aim we are building a testbed of document collections and corresponding personalized relevance judgments. In this paper we discuss our intended approach for personalizing the three different phases of the DIR process. We also describe the test collection we are building and discuss our methodology for evaluating personalized DIR using relevance information taken from social bookmarking data.;1;[4503831, 35140, 58778, 27590475, 277012, 1000371, 4503831, 1318674, 49848, 12621536, 11472, 21162272, 185553, 205663, 27318, 185698, 277012, 11028, 42848];['goal', 'performance', 'system', 'The Retrieval', 'DIR', 'personalization', 'goal', 'testbed', 'document', 'judgment', 'paper', 'means', 'phase', 'process', 'test', 'methodology', 'DIR', 'information', 'data']
We analyse query length;1;[11169];['question mark']
In this paper;1;[11472];['paper']
Test collections are extensively used in the evaluation of information retrieval systems. Crucial to their use is the degree to which results from them predict user effectiveness. At first;1;[467402, 27318, 121182, 7901733, 189533, 278368];['Test', 'test', 'information system', 'Use', 'academic degree', 'user']
Collaborative tagging used in online social content systems is naturally characterized by many synonyms;1;[494291, 58778, 42106];['folksonomy', 'system', 'synonym']
In retrieval experiments;1;[101965];['experiment']
Search engine click logs provide an invaluable source of relevance information but this information is biased because we ignore which documents from the result list the users have actually seen before and after they clicked. Otherwise;1;[1048387, 19541, 11197, 128751, 11028, 11028, 49848, 27948, 278368];['point and click', 'search engine', 'logarithm', 'source code', 'information', 'information', 'document', 'list', 'user']
In the context of document retrieval in the biomedical domain;1;[196626, 1638872, 146481];['context', 'document retrieval', 'domain']
The goal of system evaluation in information retrieval has always been to determine which of a set of systems is superior on a given collection. The tool used to determine system ordering is an evaluation metric such as average precision;1;[4503831, 58778, 816826, 36161, 58778, 3052382, 39546, 58778, 865746, 19352408];['goal', 'system', 'information retrieval', 'set', 'system', 'fonds', 'tool', 'system', 'metric function', 'precision']
Opinion retrieval is a task of growing interest in social life and academic research;1;[7098285, 759676, 170924, 853725, 42240];['Opinión', 'task', 'interest', 'social relation', 'research']
Pseudo-feedback-based automatic query expansion yields effective retrieval performance on average;1;[183635, 5488129, 35140];['feedback', 'Query expansion', 'performance']
We investigate to what extent people making relevance judgements for a reusable IR test collection are exchangeable. We consider three classes of judge: gold standard judges;1;[389408, 5, 3769186, 11388, 4479242, 16533, 16533];['extent', 'human', 'judgement', 'infrared radiation', 'class', 'judge', 'judge']
We present findings from a log based study designed to track the adoption of features of a new real-time query refinement interface deployed on the Yahoo search engine. Several trends from the first four months are noted and discussed.;1;[639907, 28106657, 180472, 42139305, 23808, 19541, 13427002, 5151];['medical finding', 'model sheet', 'adoption', 'feature', 'interface', 'search engine', 'fad', 'month']
We combine techniques of XML Mining and Text Mining for the benefit of Information Retrieval. By manipulating the word sequence according to the XML structure of the marked-up text;1;[21162272, 2115, 676880, 2383321, 816826, 133250, 2115, 234460];['means', 'Extensible Markup Language', 'text mining', 'yield', 'information retrieval', 'sequence', 'Extensible Markup Language', 'text']
We present cluster-based retrieval (CBR) experiments on the largest available Turkish document collection. Our experiments evaluate retrieval effectiveness and efficiency on both an automatically generated clustering structure and a manual classification of documents. In particular;1;[101965, 27590475, 15605, 49848, 101965, 1296024, 1034411, 6671777, 5128386, 49848];['experiment', 'The Retrieval', 'cosmic microwave background radiation', 'document', 'experiment', 'effectiveness', 'efficiency', 'structure', 'classification', 'document']
Bag-of-words retrieval is popular among Question Answering (QA) system developers;1;[27590475, 4841361, 625642, 1074173, 58778];['The Retrieval', 'Bag', 'word', 'question answering', 'system']
This poster overviews the main characteristics of a flexible retrieval systems of shapes present in binary images and discusses some evaluation results. The system applies multiple indexing criteria of the shapes synthesizing distinct characteristics such as global features of the objects contour (Fourier Coefficients);1;[429785, 937228, 58778, 207961, 27318, 58778, 1661153, 207961, 937228, 42139305, 488383, 5165577, 2981756];['poster', 'property', 'system', 'shape', 'test', 'system', 'Indexing', 'shape', 'property', 'feature', 'object', 'Contour', 'Coefficients']
Modeling Web query reformulation processes is still an unsolved problem. In this paper we argue that lexical analysis is highly beneficial for this purpose. We propose to use the variation in Query Clarity;1;[466, 759676, 11472, 835922, 706622, 214981, 65046654];['World Wide Web', 'task', 'paper', 'lexical analysis', 'intention', 'variation', 'Clarity']
Information retrieval evaluation based on the pooling method is inherently biased against systems that did not contribute to the pool of judged documents. This may distort the results obtained about the relative quality of the systems evaluated and thus lead to incorrect conclusions about the performance of a particular ranking technique. We examine the magnitude of this effect and explore how it can be countered by automatically building an unbiased set of judgements from the original;1;[27318, 190686, 58778, 3253281, 49848, 2995644, 185957, 58778, 2992075, 35140, 21162272, 500062, 2995644, 36161, 3769186, 7102505];['test', 'subroutine', 'system', 'pond', 'document', 'result', 'quality', 'system', 'conclusion', 'performance', 'means', 'magnitude', 'result', 'set', 'judgement', 'Original']
This paper presents experiments using an algorithm of web page topic segmentation that show significant precision improvement in the retrieval of documents issued from the Web track corpus of TREC 2001. Instead of processing the whole document;1;[11472, 101965, 8366, 466, 19352408, 27590475, 49848, 466, 49848];['paper', 'experiment', 'algorithm', 'World Wide Web', 'precision', 'The Retrieval', 'document', 'World Wide Web', 'document']
Existing pseudo-relevance feedback methods typically perform averaging over the top-retrieved documents;1;[183635, 180309, 49848];['feedback', 'hyphen', 'document']
Online product reviews are one of the important opinion sources on the Web. This paper studies the problem of determining the semantic orientations (positive or negative) of opinions expressed on product features in reviews. Most existing approaches use a set of opinion words for the purpose. However;1;[40276, 128751, 466, 7132695, 759676, 2748415, 3962655, 40276, 265158, 21162272, 36161, 625642, 706622];['multiplication', 'source code', 'World Wide Web', 'paper studies', 'task', 'orientability', 'opinion', 'multiplication', 'review', 'means', 'set', 'word', 'intention']
In this paper;1;[11472];['paper']
Research in Information Retrieval usually shows performanceimprovement when many sources of evidence are combined to produce a ranking of documents (e.g.;1;[7315046, 816826, 128751, 1347572, 526719, 49848];['Research', 'information retrieval', 'source code', 'evidence', 'ranking', 'document']
The paper describes a user oriented performance evaluation measure for text segmentation. Experiments show that the proposed measure differentiates well between error distributions with varying user impact.;1;[11472, 192276, 1948408, 923733, 192276, 200726, 278368];['paper', 'measure', 'text segmentation', 'The Experiment', 'measure', 'probability distribution', 'user']
This paper proposes a method to combine text-based and citation-based retrieval methods in the invalidity patent search. Using the NTCIR-6 test collection including eight years of USPTO patents;1;[11472, 190686, 190686, 253623, 27318, 577, 253623];['paper', 'subroutine', 'subroutine', 'patent', 'test', 'year', 'patent']
ISKODOR integrates personal collections;1;[3052382];['fonds']
This paper addresses the problem of learning to classify textsby exploiting information derived from clustering both training and testing sets. The incorporation of knowledge resulting from clustering into the feature space representation of the texts is expected to boost the performance of a classifier. Experiments conducted on several widely used datasets demonstrate the effectiveness of the proposed algorithm especially for small training sets.;1;[11472, 759676, 11028, 36161, 918385, 1003030, 3178478, 9081, 42139305, 234460, 35140, 63153, 923733, 1172284, 1296024, 8366, 36161];['paper', 'task', 'information', 'set', 'training', 'test', 'incorporation', 'knowledge', 'feature', 'text', 'performance', 'classifier', 'The Experiment', 'data set', 'effectiveness', 'algorithm', 'set']
For digital library and information retrieval technologies to provide solutions for bridging the digital divide in developing countries;1;[212805, 11028, 5447188, 244752, 177323];['digital library', 'information', 'solution', 'digital divide', 'developing country']
The work presented in this paper is motivated by the practical need for content extraction;1;[42213, 11472, 190258, 1260632];['work', 'paper', 'need', 'content']
Pseudo-relevance feedback assumes that most frequent terms in the pseudo-feedback documents are useful for the retrieval. In this study;1;[445558, 180309, 1071233, 183635, 27590475, 28106657];['relevance feedback', 'hyphen', 'terminal emulator', 'feedback', 'The Retrieval', 'model sheet']
Memory-based collaborative filtering algorithms have been widely adopted in many popular recommender systems;1;[8366, 554950];['algorithm', 'recommender system']
In this paper;1;[11472];['paper']
Finding significant contextual features is a challenging task in the development of interactive information retrieval (IR) systems. This paper investigated a simple method to facilitate such a task by looking at aggregated relevance judgements of retrieved documents. Our study suggested that the agreement on relevance judgements can indicate the effectiveness of retrieved documents as the source of significant features. The effect of highly agreed documents gives us practical implication for the design of adaptive search models in interactive IR systems.;1;[42139305, 759676, 1395034, 58778, 816826, 11388, 11472, 190686, 759676, 3769186, 49848, 28106657, 93288, 3769186, 1296024, 49848, 128751, 42139305, 2995644, 49848, 7881229, 82604, 486902, 11388];['feature', 'task', 'new product development', 'system', 'information retrieval', 'infrared radiation', 'paper', 'subroutine', 'task', 'judgement', 'document', 'model sheet', 'contract', 'judgement', 'effectiveness', 'document', 'source code', 'feature', 'result', 'document', 'logical implication', 'design', 'mathematical model', 'infrared radiation']
The Web search engines maintain large-scale inverted indexes which are queried thousands of times per second by users eager for information. In order to cope with the vast amounts of query loads;1;[4182287, 1671754, 179651, 43016, 11471, 11574, 278368, 1473607, 309314, 11169];['web search engine', 'Inverted index', 'scale', '1000', 'time', 'second', 'user', 'degree of a polynomial', 'quantity', 'question mark']
We describe an approach for extracting semantics of tags;1;[21162272, 39645, 17514];['means', 'semantics', 'graffiti']
In this paper we investigate the consistency of answer assessment in a complex question answering task examining features of assessor consistency;1;[11472, 5163219, 27318, 189756, 759676, 42139305, 5163219];['paper', 'consistency', 'test', 'question', 'task', 'feature', 'consistency']
In this paper we address the task of automatically finding an expert within the organization;1;[11472, 759676, 381160, 43229];['paper', 'task', 'expert', 'organization']
Successful navigation from a relevant web page to other relevant pages depends on the page linking to other relevant pages. We measured the distance to travel from relevant page to relevant page and found a bimodal distribution of distances peaking at 4 and 15 hops. In an attempt to make it easier to navigate among relevant pages;1;[102066, 36774, 361698, 361698, 361698, 126017, 361698, 361698, 255598, 126017, 3214940, 29142, 361698];['navigation', 'web page', 'page', 'page', 'page', 'distance', 'page', 'page', 'bimodal distribution', 'distance', 'hops', 'attempt', 'page']
For the identification of plagiarized passages in large document collections we present retrieval strategies which rely on stochastic sampling and chunk indexes. Using the entire Wikipedia corpus we compile n-gram indexes and compare them to a new kind of fingerprint index in a plagiarism analysis use case. Our index provides an analysis speed-up by factor 1.5 and is an order of magnitude smaller;1;[2493413, 2115663, 49848, 185451, 873506, 5455479, 52, 41803, 873506, 21146257, 178022, 8188561, 873506, 7754, 760170, 518730, 500062];['identification', 'section', 'document', 'strategy', 'index', 'Fitness proportionate selection', 'Wikipedia', 'gram', 'index', 'type', 'fingerprint', 'letter case', 'index', 'mathematical analysis', 'enumerated type', 'order of magnitude', 'magnitude']
Disk access performance is a major bottleneck in traditional information retrieval systems. Compared to system memory;1;[35140, 18210350, 121182, 11140433];['performance', 'bottleneck', 'information system', 'primary memory']
In this paper we study term-based feedback for information retrieval in the language modeling approach. With term feedback a user directly judges the relevance of individual terms without interaction with feedback documents;1;[11472, 183635, 816826, 315, 183635, 278368, 1074648, 1071233, 1665869, 183635];['paper', 'feedback', 'information retrieval', 'language', 'feedback', 'user', 'Relevance', 'terminal emulator', 'interaction', 'feedback']
In most existing retrieval models;1;[486902];['mathematical model']
Ranking problem is becoming important in many fields;1;[759676, 190109];['task', 'field']
Query logs and pseudo-relevance feedback (PRF) offer ways in which terms to refine Web searchers' queries can be selected;1;[11197, 7271380, 445558, 180309, 32625952, 17641254, 1071233, 11169, 466];['logarithm', 'Query', 'relevance feedback', 'hyphen', 'Wellcome Trust Principal Research Fellowship', 'Andrew John Henry Way', 'terminal emulator', 'question mark', 'World Wide Web']
In question answering;1;[189756];['question']
While the PageRank algorithm has proven to be very effective for ranking Web pages;1;[8366, 36774];['algorithm', 'web page']
Machine learning is commonly used to improve ranked retrieval systems. Due to computational difficulties;1;[2539, 58778, 26269989];['machine learning', 'system', 'degree of difficulty']
Sponsored search is a major revenue source for search companies. Web searchers can issue any queries;1;[16320113, 850210, 783794, 466, 11169];['The Search', 'revenue', 'company', 'World Wide Web', 'question mark']
Effective ranking functions are an essential part of commercial search engines. We focus on developing a regression framework for learning ranking functions for improving relevance of search engines serving diverse streams of user queries. We explore supervised learning methodology from machine learning;1;[7293293, 7401, 19541, 208042, 7293293, 1074648, 19541, 47521, 278368, 185698, 2539];['ranking function', 'part', 'search engine', 'regression analysis', 'ranking function', 'Relevance', 'search engine', 'stream', 'user', 'methodology', 'machine learning']
Current prediction techniques;1;[748250];['prediction']
The choice of indexing terms used to represent documents crucially determines how e ective subsequent retrieval will be. IR systems commonly use rule-based stemmers to normalize surface word forms to combat the problem of not finding documents that contain words related to query terms by inflectional or derivational morphology. But such stemmers are not available in all languages. In this paper we explore the effectiveness of unsupervised morphological segmentation as an alternative to stemming using test sets in thirteen European languages. We find that unsupervised segmentation is significantly better than unnormalized words;1;[1775867, 1071233, 49848, 27590475, 11388, 183252, 759676, 49848, 625642, 11169, 38311, 315, 11472, 1296024, 1423946, 11366, 3985153, 315, 1423946, 625642];['choice', 'terminal emulator', 'document', 'The Retrieval', 'infrared radiation', 'morphology', 'task', 'document', 'word', 'question mark', 'morphology', 'language', 'paper', 'effectiveness', 'segmentation', 'alternative rock', 'Test set', 'language', 'segmentation', 'word']
How best to present query search results is an important problem in search engines and information retrieval systems. When a single query retrieves many results;1;[11169, 759676, 19541, 121182, 11169, 2995644];['question mark', 'task', 'search engine', 'information system', 'question mark', 'result']
The aim of an opinion finding system is not just to retrieve relevant documents;1;[4503831, 58778, 49848];['goal', 'system', 'document']
Text reuse occurs in many different types of documents and for many different reasons. One form of reuse;1;[846574, 190087, 49848, 178354, 183252, 846574];['reuse', 'data type', 'document', 'reason', 'morphology', 'reuse']
Clickthrough on search results have been successfully used to infer user interest and preferences;1;[2995644, 278368, 1416170];['result', 'user', 'preference']
With a growing number of works utilizing link information in enhancing document clustering;1;[11563, 42213, 11028, 49848];['number', 'work', 'information', 'document']
Question answering communities such as Naver and Yahoo! Answers have emerged as popular;1;[177634, 485639, 37093, 2472038];['community', 'Naver', 'Yahoo', 'Answer']
We describe a new approach to information retrieval: algorithmic mediation for intentional;1;[3875179, 816826, 223871];['New Approach', 'information retrieval', 'mediation']
In this paper we begin to investigate how to automatically determine the subjectivity orientation of questions posted by real users in community question answering (CQA) portals. Subjective questions seek answers containing private states;1;[11472, 1139554, 189756, 278368, 177634, 186165, 189756, 33622550, 7275];['paper', 'subjectivity', 'question', 'user', 'community', 'web portal', 'question', 'answer', 'state']
This paper proposes a new method for computing page importance;1;[11472, 190686, 361698];['paper', 'subroutine', 'page']
A recommender system must be able to suggest items that are likely to be preferred by the user. In most systems;1;[554950, 859965, 278368, 58778];['recommender system', 'item', 'user', 'system']
Kleio is an advanced information retrieval (IR) system developed at the UK National Centre for Text Mining (NaCTeM)1. The system offers textual and metadata searches across MEDLINE and provides enhanced searching functionality by leveraging terminology management technologies.;1;[22679279, 58778, 816826, 11388, 145, 676880, 58778, 16320113, 1540899, 48674419, 1725664];['Kleio Valentien', 'system', 'information retrieval', 'infrared radiation', 'United Kingdom', 'text mining', 'system', 'The Search', 'MEDLINE', 'Searching', 'terminology']
Although there are many papers examining ambiguity in Information Retrieval;1;[11472, 1140419, 816826];['paper', 'ambiguity', 'information retrieval']
Comments left by readers on Web documents contain valuable information that can be utilized in different information retrieval tasks including document search;1;[25095893, 3445082, 466, 11028, 11028, 49848];['Comment', 'reader', 'World Wide Web', 'information', 'information', 'document']
Most traditional text clustering methods are based on bag of words (BOW) representation based on frequency statistics in a set of documents. BOW;1;[190686, 1323314, 625642, 853614, 2789540, 12483, 36161, 49848, 2789540];['subroutine', 'bag', 'word', 'identifier', 'Bartow Municipal Airport', 'statistics', 'set', 'document', 'Bartow Municipal Airport']
There are many proposed methods for using clickthrough data for common queries to improve the quality of search results returned for that query. In this study we examine the search behaviour of users in a close-knit community on such queries. We argue that the benefit of using aggregated clickthrough data varies from task to task: it may improve document rankings for navigational or specific informational queries;1;[190686, 42848, 11169, 185957, 2995644, 11169, 28106657, 9332, 278368, 177634, 11169, 2383321, 42848, 759676, 759676, 49848, 11169];['subroutine', 'data', 'question mark', 'quality', 'result', 'question mark', 'model sheet', 'behavior', 'user', 'community', 'question mark', 'yield', 'data', 'task', 'task', 'document', 'question mark']
User feedback is considered to be a critical element in the information seeking process. An important aspect of the feedback cycle is relevance assessment that has progressively become a popular practice in web searching activities and interactive information retrieval (IR). The value of relevance assessment lies in the disambiguation of the user's information need;1;[183635, 11344, 11028, 205663, 208084, 11442, 27318, 334600, 466, 816826, 11388, 194112, 27318, 48522, 11028, 278368];['feedback', 'chemical element', 'information', 'process', 'aspect', 'bicycle', 'test', 'practice', 'World Wide Web', 'information retrieval', 'infrared radiation', 'value', 'test', 'word-sense disambiguation', 'information', 'user']
Research articles typically introduce new results or findings and relate them to knowledge entities of immediate relevance. However;1;[103184, 2995644, 639907, 35120, 1074648];['article', 'result', 'medical finding', 'entity', 'Relevance']
Ranking algorithms;1;[8366];['algorithm']
This poster presents an overview of the characteristics of a one-button information retrieval interface with closed captions from TV watching activities;1;[429785, 937228, 160464, 5036909, 61788060];['poster', 'property', 'button', 'Caption', 'human activity']
Clustering hypertext document collection is an important task in Information Retrieval. Most clustering methods are based on document content and do not take into account the hyper-text links. Here we propose a novel PageRank based clustering (PRC) algorithm which uses the hypertext structure. The PRC algorithm produces graph partitioning with high modularity and coverage. The comparison of the PRC algorithm with two content based clustering algorithms shows that there is a good match between PRC clustering and content based clustering.;1;[93241, 759676, 816826, 190686, 49848, 5190563, 102014, 184316, 622825, 8366, 148, 93241, 148, 17514, 912009, 1798167, 577714, 148, 1260632, 8366, 37507, 148, 622825];"['hypertext', 'task', 'information retrieval', 'subroutine', 'document', 'accountability', 'hyperlink', 'PageRank', 'cluster analysis', 'algorithm', ""People's Republic of China"", 'hypertext', ""People's Republic of China"", 'graffiti', 'modularity', 'coverage', 'comparison', ""People's Republic of China"", 'content', 'algorithm', 'match', ""People's Republic of China"", 'cluster analysis']"
We consider the problem of large scale retrieval evaluation. Recently two methods based on random sampling were proposed as a solution to the extensive effort required to judge tens of thousands of documents. While the first method proposed by Aslam et al. [1] is quite accurate and efficient;1;[759676, 179651, 190686, 210868, 5447188, 14536140, 43016, 23806, 49848, 190686, 222];['task', 'scale', 'subroutine', 'sampling', 'solution', 'exertion', '1000', '10', 'document', 'subroutine', 'Albania']
In most previous work on personalized search algorithms;1;[42213, 755673];['work', 'search algorithm']
Question answering systems increasingly need to deal with complex information needs that require more than simple factoid answers. The evaluation of such systems is usually carried out using precision- or recall-based system performance metrics. Previous work has demonstrated that when users are shown two search result lists side-by-side;1;[47525747, 11028, 2451922, 27318, 58778, 58778, 42213, 278368, 2995644, 26382, 26382];['question-answering engine', 'information', 'factoid', 'test', 'system', 'system', 'work', 'user', 'result', 'side', 'side']
We address the task of (blog) feed distillation: to find blogs that are principally devoted to a given topic. The task may be viewed as an association finding task;1;[759676, 2095, 30849, 30849, 2751586, 759676, 988108];['task', 'food', 'blog', 'blog', 'resolution', 'task', 'club']
We explore an alternative Information Retrieval paradigm called Query-By-Multiple-Examples (QBME) where the information need is described not by a set of terms but by a set of documents. Intuitive ideas for QBME include using the centroid of these documents or the well-known Rocchio algorithm to construct the query vector. We consider this problem from the perspective of text classification;1;[28643, 7271380, 2456058, 11028, 36161, 1071233, 36161, 49848, 131841, 511093, 49848, 7353708, 11169, 759676, 20978643, 234460];['paradigm', 'Query', 'Jamie Madrox', 'information', 'set', 'terminal emulator', 'set', 'document', 'idea', 'centroid', 'document', 'Rocchio algorithm', 'question mark', 'task', 'point of view', 'text']
Any given Web search engine may provide higher quality results than others for certain queries. Therefore;1;[4182287, 185957, 1433373, 11169];['web search engine', 'quality', 'other', 'question mark']
With the booming development of the Web;1;[1395034, 466];['new product development', 'World Wide Web']
We present theoretical bounds and empirical robustness of score regularization given changes in the similarity measure.;1;[864930, 2524240, 2061913, 54869047, 29017317];['Bound', 'robustness', 'regularization', 'changes', 'similarity measure']
Evaluation measures act as objective functions to be optimized by information retrieval systems. Such objective functions must accurately reflect user requirements;1;[25211005, 11348, 121182, 11348, 1761598];['Evaluation measures', 'function', 'information system', 'function', 'software requirements specification']
In many Web applications;1;[189210];['web application']
Algorithms in distributed information retrieval often rely on accurate knowledge of the size of a collection. The multiple capture-recapture method of Shokouhi et al. is one of the more reliable algorithms for determining collection size;1;[4724371, 816826, 9081, 4049983, 3052382, 190686, 222, 172008, 8366, 4049983];['Algorithms', 'information retrieval', 'knowledge', 'cardinality', 'fonds', 'subroutine', 'Albania', 'full stop', 'algorithm', 'cardinality']
Online communities have become popular for publishing and searching content;1;[6576792, 3972943, 1260632];['online community', 'publishing', 'content']
Searching for medical information on the Web has become highly popular;1;[11028, 466];['information', 'World Wide Web']
Most classification algorithms are best at categorizing the Web documents into a few categories;1;[8366, 466, 719395];['algorithm', 'World Wide Web', 'category']
A topic is defined as a seminal event or activity along with all directly related events and activities. It is represented as a chronological sequence of documents by different authors published on the Internet. In this paper;1;[2751586, 10290214, 423220, 10290214, 61788060, 133250, 49848, 482980, 75, 11472];['resolution', 'event', 'activity', 'event', 'human activity', 'sequence', 'document', 'author', 'Internet', 'paper']
We propose an expert finding method based on assumption of sequential dependence between a candidate expert and the query terms in the scope of a document. We assume that the strength of relation of a candidate to the document's content depends on its position in this document with respect to the positions of the query terms. The experiments on the official Enterprise TREC data demonstrate the advantage of our method over the method based on independence of query terms and persons in a document.;1;[190686, 29463760, 12029, 381160, 11169, 174320, 49848, 1989404, 277521, 618536, 1260632, 49848, 11488158, 49848, 28510, 11488158, 11169, 101965, 369987, 4686406, 190686, 190686, 625303, 11169, 5, 49848];['subroutine', 'modeling assumption', 'addiction', 'expert', 'question mark', 'oscilloscope', 'document', 'strength', 'relation', 'candidate', 'content', 'document', 'corporate title', 'document', 'respect', 'corporate title', 'question mark', 'experiment', 'USS Enterprise', 'advantage', 'subroutine', 'subroutine', 'independence', 'question mark', 'human', 'document']
Document prior features;1;[904490];['Document']
This demonstration presents an XML IR system that allows users to give feedback of different granularities and types;1;[493386, 2115, 278368, 183635, 28454956, 190087];['exhibition match', 'Extensible Markup Language', 'user', 'feedback', 'Granularity', 'data type']
Typical pseudo-relevance feedback methods assume the top-retrieved documents are relevant and use these pseudo-relevant documents to expand terms. The initial retrieval set can;1;[183635, 180309, 49848, 2598033, 49848, 1071233, 36161];['feedback', 'hyphen', 'document', 'pseudo-', 'document', 'terminal emulator', 'set']
While question answering communities have been gaining popularity for several years;1;[189756, 177634, 1357284, 577];['question', 'community', 'popularity', 'year']
The World Wide Web has many document repositories that can act as valuable sources of additional data for various machine learning tasks. In this paper;1;[466, 16502, 49848, 128751, 42848, 11019, 11472];['World Wide Web', 'world', 'document', 'source code', 'data', 'machine', 'paper']
Recent research has demonstrated beyond doubts the benefits of compressing natural language texts using word-based statistical semistatic compression. Not only it achieves extremely competitive compression rates;1;[42240, 34302, 2383321, 315, 2493, 2493];['research', 'doubt', 'yield', 'language', 'data compression', 'data compression']
Information retrieval systems are compared using evaluation metrics;1;[121182, 865746];['information system', 'metric function']
We have developed an unsupervised framework for simultaneously extracting and normalizing attributes of products from multiple Web pages originated from different sites. Our framework is designed based on a probabilistic graphical model that can model the page-independent content information and the page-dependent layout information of the text fragments in Web pages. One characteristic of our framework is that previously unseen attributes can be discovered from the clue contained in the layout format of the text fragments. Our framework tackles both extraction and normalization tasks by jointly considering the relationship between the content and layout information. Dirichlet process prior is employed leading to another advantage that the number of discovered product attributes is unlimited. An unsupervised inference algorithm based on variational method is presented. The semantics of the normalized attributes can be visualized by examining the term weights in the model. Our framework can be applied to a wide range of Web mining applications such as product matching and retrieval. We have conducted extensive experiments from four different domains consisting of over 300 Web pages from over 150 different Web sites;1;[271680, 2722260, 40276, 36774, 35127, 271680, 1143367, 11028, 11028, 234460, 36774, 937228, 271680, 2722260, 176763, 5470012, 234460, 271680, 759676, 844704, 249772, 223642, 1260632, 11028, 205663, 4686406, 11563, 40276, 8366, 164296, 39645, 2722260, 11423, 486902, 271680, 182995, 466, 1065144, 27590475, 101965, 146481, 36774, 35127];['software framework', 'attribute', 'multiplication', 'web page', 'website', 'software framework', 'graphical model', 'information', 'information', 'text', 'web page', 'property', 'software framework', 'attribute', 'evidence', 'format', 'text', 'software framework', 'task', 'extraction', 'Normalization', 'interpersonal relationship', 'content', 'information', 'process', 'advantage', 'number', 'multiplication', 'algorithm', 'Variational method', 'semantics', 'attribute', 'mass', 'mathematical model', 'software framework', 'kitchen stove', 'World Wide Web', 'matching', 'The Retrieval', 'experiment', 'domain', 'web page', 'website']
Generating query-biased summaries can take up a large part of the response time of interactive information retrieval (IIR) systems. This paper proposes to use document titles as an alternative to queries in the generation of summaries. The use of document titles allows us to pre-generate summaries statically;1;[7637199, 7401, 578372, 58778, 816826, 11472, 56019, 11366, 11169, 213381, 7637199, 7901733, 56019, 7637199];['summary', 'part', 'response time', 'system', 'information retrieval', 'paper', 'military rank', 'alternative rock', 'question mark', 'generation', 'summary', 'Use', 'military rank', 'summary']
Recent efforts on the task of spoken document retrieval (SDR) have made use of speech lattices: speech lattices contain information about alternative speech transcription hypotheses other than the 1-best transcripts;1;[14536140, 759676, 1638872, 1331892, 7901733, 315, 315, 11028, 315, 1259650];['exertion', 'task', 'document retrieval', 'software-defined radio', 'Use', 'language', 'language', 'information', 'language', 'transcript']
This paper proposes a learning approach for the merging process in multilingual information retrieval (MLIR). To conduct the learning approach;1;[11472, 21162272, 205663, 816826, 133500];['paper', 'means', 'process', 'information retrieval', 'learning']
The primary business model behind Web search is based on textual advertising;1;[815823, 466, 37038];['business model', 'World Wide Web', 'advertising']
In this work;1;[42213];['work']
Exploiting information induced from (query-specific) clustering of top-retrieved documents has long been proposed as means for improving precision at the very top ranks of the returned results. We present a novel language model approach to ranking query-specific clusters by the presumed percentage of relevant documents that they contain. While most previous cluster ranking approaches focus on the cluster as a whole;1;[11028, 622825, 49848, 2796622, 19352408, 7824594, 2995644, 486902, 206637, 11229, 49848, 21162272, 206637, 17065442];['information', 'cluster analysis', 'document', 'mean', 'precision', 'Top Rank', 'result', 'mathematical model', 'computer cluster', 'percent', 'document', 'means', 'computer cluster', 'Whole']
Analyzing three-way data has attracted a lot of attention recently due to the intrinsic rich structures in real-world datasets. The PARATUCKER model has been proposed to combine the axis capabilities of the Parafac model and the structural generality of the Tucker model. However;1;[42848, 6501349, 6501338, 6671777, 16502, 486902, 1094291, 486902, 5532421, 486902];['data', 'parking lot', 'attention', 'structure', 'world', 'mathematical model', 'capability-based security', 'mathematical model', 'Generality', 'mathematical model']
This paper targets on enhancing Latent Semantic Indexing (LSI) by exploiting category labels. Specifically;1;[11472, 1806883, 1432932, 18127];['paper', 'Latent semantic analysis', 'Sumburgh Airport', 'record label']
Interpretations of TF-IDF are based on binary independence retrieval;1;[6056448, 796584, 625303];['Interpretation', 'tf–idf', 'independence']
Proximity-aware scoring functions lead to significant effectiveness improvements for text retrieval. For XML IR;1;[11348, 1296024, 234460, 2115, 11388];['function', 'effectiveness', 'text', 'Extensible Markup Language', 'infrared radiation']
The classical probabilistic models attempt to capture the Ad hoc information retrieval problem within a rigorous probabilistic framework. It has long been recognized that the primary obstacle to effective performance of the probabilistic models is the need to estimate a relevance model. The Dirichlet compound multinomial (DCM) distribution;1;[486902, 11028, 16001700, 271680, 264661, 35140, 486902, 190258, 486902, 11173, 200726, 421748];['mathematical model', 'information', 'Ad', 'software framework', 'obstacle', 'performance', 'mathematical model', 'need', 'mathematical model', 'chemical compound', 'probability distribution', 'methylene chloride']
Information filtering;1;[6030654];['Information']
This paper presents a boosting based algorithm for learning a bipartite ranking function (BRF) with partially labeled data. Until now different attempts had been made to build a BRF in a transductive setting;1;[11472, 8366, 7293293, 815537, 30673951, 29142, 815537, 617332];['paper', 'algorithm', 'ranking function', 'Belgischer Rundfunk', 'Labeled data', 'attempt', 'Belgischer Rundfunk', 'setting']
Blog feed search poses different and interesting challenges from traditional ad hoc document retrieval. The units of retrieval;1;[30849, 2988681, 1638872, 199, 27590475];['blog', 'achievement', 'document retrieval', '1', 'The Retrieval']
Domain expertise can have an important influence on how people search. In this poster we present findings from a log-based study into how medical domain experts search the Web for information related to their expertise;1;[6412904, 7741996, 5, 429785, 639907, 28106657, 4833645, 466, 11028];['Kings Domain', 'The Influence', 'human', 'poster', 'medical finding', 'model sheet', 'Subject-matter expert', 'World Wide Web', 'information']
We address a specific enterprise document search scenario;1;[4830453];['business']
Traditional document retrieval has shown to be a competitive approach in XML element retrieval;1;[1638872, 21162272, 2115];['document retrieval', 'means', 'Extensible Markup Language']
Sentence ranking is the issue of most concern in document summarization. Early researchers have presented the mutual reinforcement principle (MR) between sentence and term for simultaneous key phrase and salient sentence extraction in generic single-document summarization. In this work;1;[526719, 86447, 206361, 49848, 1650915, 1321905, 57338, 41796, 1071233, 1459435, 844704, 49848, 42213];['ranking', 'issue', 'concern', 'document', 'researcher', 'reinforcement', 'Mahinda Rajapaksa', 'sentence', 'terminal emulator', 'phrase', 'extraction', 'document', 'work']
"In this paper we address the issue of learning to rank for document retrieval using Thurstonian models based on sparse Gaussian processes. Thurstonian models represent each document for a given query as a probability distribution in a score space; these distributions over scores naturally give rise to distributions over document rankings. However";1;[11472, 86447, 1638872, 7799463, 1496376, 7799463, 49848, 11169, 200726, 4169, 200726, 187947, 1139344, 200726, 49848];['paper', 'issue', 'document retrieval', 'Thurstonian model', 'Gaussian process', 'Thurstonian model', 'document', 'question mark', 'probability distribution', 'outer space', 'probability distribution', 'partitur', 'grade', 'probability distribution', 'document']
The Markov Random Walk model has been recently exploited for multi-document summarization by making use of the link relationships between sentences in the document set;1;[486902, 6934448, 7901733, 102014, 41796, 49848];['mathematical model', 'Multi-document summarization', 'Use', 'hyperlink', 'sentence', 'document']
A major component of sense-making is organizing--grouping;1;[11653, 173253];['electronic component', 'sense']
This paper proposes new concept of query free web search for daily living. We ordinarily benefit from additional information about our daily activities that we are currently engaged in. When washing a coffee maker;1;[11472, 151885, 466, 11169, 16960917, 11028, 61788060, 211841];['paper', 'concept', 'World Wide Web', 'question mark', 'Living', 'information', 'human activity', 'coffeemaker']
This paper reports a word shape coding method to facilitate retrieval of camera-based document images without OCR. Due to perspective distortion;1;[11472, 190686, 625642, 27590475, 478798, 167555, 15889487];['paper', 'subroutine', 'word', 'The Retrieval', 'image', 'optical character recognition', 'perspective distortion']
In this paper;1;[11472];['paper']
In this paper;1;[11472];['paper']
Focused crawling is a critical technique for topical resource discovery on the Web. We propose a new frontier prioritizing algorithm;1;[1411725, 21162272, 1554231, 466, 8366];['crawling', 'means', 'resource', 'World Wide Web', 'algorithm']
The approach of using passage-level evidence for document retrieval has shown mixed results when it is applied to a variety of test beds with different characteristics. One main reason of the inconsistent performance is that there exists no unified framework to model the evidence of individual passages within a document. This paper proposes two probabilistic models to formally model the evidence of a set of top ranked passages in a document. The first probabilistic model follows the retrieval criterion that a document is relevant if any passage in the document is relevant;1;[21162272, 1347572, 1638872, 2995644, 3329375, 1318674, 937228, 178354, 35140, 17053202, 1347572, 2115663, 49848, 11472, 486902, 1347572, 36161, 2115663, 49848, 486902, 27590475, 49848, 2115663, 49848];['means', 'evidence', 'document retrieval', 'result', 'language variety', 'testbed', 'property', 'reason', 'performance', 'Unified Framework', 'evidence', 'section', 'document', 'paper', 'mathematical model', 'evidence', 'set', 'section', 'document', 'mathematical model', 'The Retrieval', 'document', 'section', 'document']
Many ranking models have been proposed in information retrieval;1;[486902, 816826];['mathematical model', 'information retrieval']
In this paper we present a technique for ranking the most important types or categories for a given query. Rather than trying to find the category of the query;1;[11472, 21162272, 190087, 719395, 11169, 719395, 11169];['paper', 'means', 'data type', 'category', 'question mark', 'category', 'question mark']
Accurate web page classification often depends crucially on information gained from neighboring pages in the local web graph. Prior work has exploited the class labels of nearby pages to improve performance. In contrast;1;[466, 11028, 361698, 466, 42213, 18127, 361698, 35140, 690182];['World Wide Web', 'information', 'page', 'World Wide Web', 'work', 'record label', 'page', 'performance', 'contrast']
Question Classification plays an important role in most Question Answering systems. In this paper;1;[2500238, 214339, 58778, 11472];['Renee Montoya', 'role', 'system', 'paper']
We introduce a grocery retrieval system that maps shopping lists written in natural language into actual products in a grocery store. We have developed the system using nine months of shopping basket data from a large Finnish supermarket. To evaluate the system;1;[58778, 2752419, 33742, 40276, 1295201, 58778, 5151, 42848, 180846, 58778];['system', 'shopping list', 'natural language', 'multiplication', 'grocery store', 'system', 'month', 'data', 'supermarket', 'system']
Automatic summarization of JBIG2 coded textual images is discussed. Compressed images are partially decompressed to compute relevant features. The feature extraction method is free from using any character recognition module. Summary sentences are ranked. Experiment considers documents in Indic scripts that lack in having any efficient OCR systems. Script independent aspect of the approach is highlighted through use of two most popular Indic scripts. Sentence selection efficiency of about 61% is achieved when judged against man-made summarization. A nonparametric (distribution-free) rank statistic shows a correlation coefficient of 0.33 as a measure of the (minimum) strength of the associations between sentence ranking by machine and human.;1;[1394144, 1143961, 478798, 478798, 42139305, 190686, 18848, 41796, 923733, 49848, 187432, 167555, 208084, 21162272, 7901733, 187432, 1034411, 11229, 1394144, 56019, 1136628, 192276, 1989404, 988108, 41796, 11019, 5];['automatic summarization', 'JBIG2', 'image', 'image', 'feature', 'subroutine', 'module', 'sentence', 'The Experiment', 'document', 'scripting language', 'optical character recognition', 'aspect', 'means', 'Use', 'scripting language', 'efficiency', 'percent', 'automatic summarization', 'military rank', 'Pearson product-moment correlation coefficient', 'measure', 'strength', 'club', 'sentence', 'machine', 'human']
Several recent studies have found only a weak relationship between the performance of a retrieval system and the success achievable by human searchers. We hypothesize that searchers are successful precisely because they alter their behavior. To explore the possible causal relation between system performance and search behavior;1;[28106657, 223642, 35140, 58778, 50000, 276769, 9332, 277521, 58778, 9332];['model sheet', 'interpersonal relationship', 'performance', 'system', 'victory', 'The Searchers', 'behavior', 'relation', 'system', 'behavior']
Keyword-based retrieval matches search terms and documents via term co-occurrence. Such an approach does not allow matching based on the specific plant characteristic descriptions that are often used in botanical text retrieval. This study applies information extraction techniques to automatically extract plant characteristic information from text and allows users to search using such information in combination with keywords. An evaluation experiment was conducted using actual users. The results indicate that this approach enhances task-based retrieval performance.;1;[37507, 49848, 1071233, 180309, 1190554, 21162272, 1065144, 1200750, 234460, 28106657, 11028, 11028, 234460, 278368, 11028, 202805, 1128340, 101965, 278368, 2995644, 21162272, 35140];['match', 'document', 'terminal emulator', 'hyphen', 'occurrence', 'means', 'matching', 'description', 'text', 'model sheet', 'information', 'information', 'text', 'user', 'information', 'combination', 'index term', 'experiment', 'user', 'result', 'means', 'performance']
Web pages;1;[36774];['web page']
Current search engines do not;1;[19541];['search engine']
We introduce and explore the concept of an individual's relevance threshold as a way of reconciling differences in outcomes between batch and user experiments.;1;[151885, 774145, 795052, 17641254, 4658963, 17104930, 101965, 819511, 278368];['concept', 'threshold', 'individual', 'Andrew John Henry Way', 'cadency', 'outcome', 'experiment', 'spoil tip', 'user']
Bag-of-visual-words (BoW) has been popular for visual classification in recent years. In this paper;1;[122607, 4841361, 625642, 5128386, 577, 11472];['Bow', 'Bag', 'word', 'classification', 'year', 'paper']
We present a method for projecting retrieval scores across two corpora with a shared;1;[190686, 187947, 5172362];['subroutine', 'partitur', 'Corpora']
In this paper;1;[11472];['paper']
To improve the precision at the very top ranks of a document list presented in response to a query;1;[19352408, 7824594, 49848, 7315950, 11169];['precision', 'Top Rank', 'document', 'response', 'question mark']
Modeling the beyond-topical aspects of relevance are currently gaining popularity in IR evaluation. For example;1;[208084, 1074648, 1357284, 11388, 12335479];['aspect', 'Relevance', 'popularity', 'infrared radiation', 'template']
Online communities have become popular for publishing and searching content;1;[6576792, 3972943, 1260632];['online community', 'publishing', 'content']
This paper explores topic aspect (i.e.;1;[11472, 208084];['paper', 'aspect']
"Negative relevance feedback is a special case of relevance feedback where we do not have any positive example; this often happens when the topic is difficult and the search results are poor. Although in principle any standard relevance feedback technique can be applied to negative relevance feedback";1;[445558, 2890061, 445558, 12335479, 2751586, 2995644, 211364, 21162272, 445558];['relevance feedback', 'special case', 'relevance feedback', 'template', 'resolution', 'result', 'principle', 'means', 'relevance feedback']
We present a novel passage-based approach to re-ranking documents in an initially retrieved list so as to improve precision at top ranks. While most work on passage-based document retrieval ranks a document based on the query similarity of its constituent passages;1;[21162272, 49848, 27948, 19352408, 7824594, 1638872, 49848, 11169, 1786828];['means', 'document', 'list', 'precision', 'Top Rank', 'document retrieval', 'document', 'question mark', 'constituent']
In this paper;1;[11472];['paper']
Relevance feedback;1;[445558];['relevance feedback']
Personalization of web search results as a technique for improving user satisfaction has received notable attention in the research community over the past decade. Much of this work focuses on modeling and establishing a profile for each user to aid in personalization. Our work takes a more query-centric approach. In this paper;1;[1000371, 466, 21162272, 203994, 6501338, 42240, 39911, 42213, 6149367, 5117123, 278368, 1000371, 42213, 21162272, 11472];['personalization', 'World Wide Web', 'means', 'euphoria', 'attention', 'research', 'decade', 'work', 'modelling', 'profile', 'user', 'personalization', 'work', 'means', 'paper']
With the rapid increase in online video services;1;[17281278, 44127];['increase', 'server']
Collaborative Filtering (CF) requires user-rated training examples for statistical inference about the preferences of new users. Active learning strategies identify the most informative set of training examples through minimum interactions with the users. Current active learning approaches in CF make an implicit and unrealistic assumption that a user can provide rating for any queried item. This paper introduces a new approach to the problem which does not make such an assumption. We personalize active learning for the user;1;[94702, 181754, 918385, 938438, 1416170, 278368, 133500, 36161, 12335479, 1665869, 278368, 133500, 181754, 29463760, 278368, 609276, 859965, 11472, 3875179, 759676, 29463760, 1542052, 278368];['collaborative filtering', 'heart failure', 'training', 'statistical inference', 'preference', 'user', 'learning', 'set', 'template', 'interaction', 'user', 'learning', 'heart failure', 'modeling assumption', 'user', 'climbing grade', 'item', 'paper', 'New Approach', 'task', 'modeling assumption', 'active learning', 'user']
In this paper we propose a non-greedy active learning method for text categorization using least-squares support vector machines (LSSVM). Our work is based on transductive experimental design (TED);1;[11472, 133500, 912550, 282453, 42213, 2334061, 189021];['paper', 'learning', 'categorization', 'support vector machine', 'work', 'design of experiments', 'TED conferences']
Information retrieval evaluation has typically been performed over several dozen queries;1;[27318, 11169, 605704];['test', 'question mark', 'dozen']
The widespread deployment of recommender systems has lead to user feedback of varying quality. While some users faithfully express their true opinion;1;[1229245, 554950, 183635, 185957, 278368, 3962655];['dispositif', 'recommender system', 'feedback', 'quality', 'user', 'opinion']
Over the years;1;[577];['year']
In this poster paper;1;[11472];['paper']
Language modeling approaches have been effectively dealing with the dependency among query terms based on N-gram such as bigram or trigram models. However;1;[6149367, 161243, 11169, 94489, 2773912, 486902];['modelling', 'dependent territory', 'question mark', 'n-gram', 'bigram', 'mathematical model']
Online forums contain a huge amount of valuable user generated content. In this paper we address the problem of extracting question-answer pairs from forums. Question-answer pairs extracted from forums can be used to help Question Answering services (e.g. Yahoo! Answers) among other applications. We propose a sequential patterns based classification method to detect questions in a forum thread;1;[168210, 309314, 278368, 1260632, 11472, 759676, 191290, 168210, 191290, 168210, 44127, 37093, 2472038, 166142, 2083958, 190686, 189756, 168210];['Internet forum', 'quantity', 'user', 'content', 'paper', 'task', 'ordered pair', 'Internet forum', 'ordered pair', 'Internet forum', 'server', 'Yahoo', 'Answer', 'application', 'pattern', 'subroutine', 'question', 'Internet forum']
Retrieval in a question and answer archive involves finding good answers for a user's question. In contrast to typical document retrieval;1;[27590475, 189756, 166118, 16840559, 189756, 278368, 690182, 1638872];['The Retrieval', 'question', 'archives', 'Good Answer', 'question', 'user', 'contrast', 'document retrieval']
We consider the question of whether Average Precision;1;[189756, 254860];['question', 'Precision']
Searching for people on the Web is one of the most common query types to the web search engines today. However;1;[5, 466, 190087, 4182287, 130838];['human', 'World Wide Web', 'data type', 'web search engine', 'Today']
Natural language processing techniques are believed to hold a tremendous potential to supplement the purely quantitative methods of text information retrieval. This has led to the emergence of a large number of NLP-based IR research projects over the last few years;1;[315, 1202245, 190686, 234460, 215772, 1816844, 1298668, 577];['language', 'potential', 'subroutine', 'text', 'emergence', 'large number', 'science project', 'year']
Hypergraph partitioning has been considered as a promising method to address the challenges of high dimensionality in document clustering. With documents modeled as vertices and the relationship among documents captured by the hyperedges;1;[866399, 190686, 2988681, 4440864, 4223102, 49848, 1304193, 223642, 49848];['liquid–liquid extraction', 'subroutine', 'achievement', 'dimension', 'Document clustering', 'document', 'vertex', 'interpersonal relationship', 'document']
This paper addresses the issue of query refinement;1;[11472, 86447, 11169];['paper', 'issue', 'question mark']
We study in this paper the problem of bridging the semantic gap between low-level image features and high-level semantic concepts;1;[11472, 759676, 474311, 478798, 151885, 207988];['paper', 'task', 'Semantic gap', 'image', 'concept', 'spirit level']
As a social service in Web 2.0;1;[16850378, 466];['Social Service', 'World Wide Web']
Recent work on language models for information retrieval has shown that smoothing language models is crucial for achieving good retrieval performance. Many different effective smoothing methods have been proposed;1;[42213, 3621696, 816826, 3621696, 35140, 190686];['work', 'language model', 'information retrieval', 'language model', 'performance', 'subroutine']
In Japanese;1;[5287];['Japanese']
In opinion-finding;1;[3962655];['opinion']
We study entity ranking on the INEX entity track and propose a simple graph-based ranking approach that enables to combine scores on document and paragraph level. The combined approach improves the retrieval results not only on the INEX testset;1;[35120, 3312129, 21162272, 187947, 207988, 49848, 194431, 21162272, 2995644, 924746];['entity', 'track and field', 'means', 'partitur', 'spirit level', 'document', 'paragraph', 'means', 'result', 'Inex']
Passages can be hidden within a text to circumvent their disallowed transfer. Such release of compartmentalized information is of concern to all corporate and governmental organization. We explore the methodology to detect such hidden passages within a document. A document is divided into passages using various document splitting techniques;1;[3269258, 234460, 315364, 24238946, 11028, 206361, 43229, 185698, 1187918, 49848, 49848, 2115663, 49848];['Passage', 'text', 'transfer', 'liberation', 'information', 'concern', 'organization', 'methodology', 'secret passage', 'document', 'document', 'section', 'document']
In this paper;1;[11472];['paper']
Various measures;1;[192276];['measure']
Efficient similarity search in high-dimensional spaces is important to content-based retrieval systems. Recent studies have shown that sketches can effectively approximate L1 distance in high-dimensional spaces;1;[608751, 4169, 58778, 28106657, 55760865, 36870, 4169];['nearest neighbor search', 'outer space', 'system', 'model sheet', 'sketch', 'first language', 'outer space']
The desktop search tools provide powerful query capabilities and result presentation techniques. However;1;[39546, 11169, 604733];['tool', 'question mark', 'presentation']
In the field of information retrieval;1;[190109, 816826];['field', 'information retrieval']
We present HAMLET;1;[5628930];['HAMLET']
Some applications have to present their results in the form of ranked lists. This is the case of many information retrieval applications;1;[166142, 2995644, 183252, 27948, 8188561, 6031188];['application', 'result', 'morphology', 'list', 'letter case', 'Information retrieval applications']
It is difficult to apply machine learning to new domains because often we lack labeled problem instances. In this paper;1;[2539, 146481, 1664689, 11472];['machine learning', 'domain', 'instance', 'paper']
Results caching is an efficient technique for reducing the query processing load;1;[18703883, 21162272, 11169];['Results', 'means', 'question mark']
Web search engines typically index and retrieve at the page level. In this study;1;[873506, 4182287, 361698, 28106657];['index', 'web search engine', 'page', 'model sheet']
We introduce a statistical model for abbreviation disambiguation in Web search;1;[3284399, 102786, 466];['statistical models', 'abbreviation', 'World Wide Web']
User generated spoken audio remains a challenge for Automatic Speech Recognition (ASR) technology and content-based audio surrogates derived from ASR-transcripts must be error robust. An investigation of the use of term clouds as surrogates for podcasts demonstrates that ASR term clouds closely approximate term clouds derived from human-generated transcripts across a range of cloud sizes. A user study confirms the conclusion that ASR-clouds are viable surrogates for depicting the content of podcasts.;1;[53758993, 2988681, 577475, 11016, 189436, 2739, 2739, 29485, 21004260, 7901733, 8074, 577475, 20899, 2739, 8074, 1259650, 182995, 4049983, 278368, 2992075, 2739, 577475, 1260632, 20899];['Audio', 'achievement', 'Surrogates', 'technology', 'speech recognition', 'A.S. Roma', 'A.S. Roma', 'error', 'inquiry', 'Use', 'cloud', 'Surrogates', 'podcasting', 'A.S. Roma', 'cloud', 'transcript', 'kitchen stove', 'cardinality', 'user', 'conclusion', 'A.S. Roma', 'Surrogates', 'content', 'podcasting']
In most IR clustering problems;1;[11388, 759676];['infrared radiation', 'task']
Multi-document summarization aims to create a compressed summary while retaining the main characteristics of the original set of documents. Many approaches use statistics and machine learning techniques to extract sentences from documents. In this paper;1;[6934448, 7637199, 937228, 36161, 49848, 21162272, 12483, 11019, 21162272, 41796, 49848, 11472];['Multi-document summarization', 'summary', 'property', 'set', 'document', 'means', 'statistics', 'machine', 'means', 'sentence', 'document', 'paper']
We introduce the posterior probabilistic clustering (PPC);1;[622825, 29778];['cluster analysis', 'pay per share']
Growing interest in online collections of digital books and video content motivates the development and optimization of adequate retrieval systems. However;1;[170924, 66368423, 128093, 34508, 1395034, 141495, 58778];['interest', 'digital collection', 'e-book', 'video', 'new product development', 'mathematical optimization', 'system']
Reciprocal Rank Fusion (RRF);1;[14645460, 1340951];['Fusion', 'Royal Regiment of Fusiliers']
With the sheer growth of online user data;1;[191145, 42848];['scaling', 'data']
The proximity of query terms in a document is a very important information to enable ranking models go beyond the bag of word assumption in information retrieval. This paper studies the integration of term proximity information into the unigram language modeling. A new proximity language model (PLM) is proposed which views query terms' proximity centrality as the Dirichlet hyper-parameter that weights the parameters of the unigram document language model. Several forms of proximity measure are developed to be used in PLM which could compute a query term's proximate centrality in a specific document. In experiments;1;[2114182, 11169, 49848, 11028, 486902, 1323314, 625642, 816826, 11472, 80091, 11028, 6149367, 486902, 209727, 5062194, 11169, 29193, 180309, 1413083, 1413083, 486902, 183252, 192276, 209727, 5062194, 11169, 49848, 101965];['Proximity', 'question mark', 'document', 'information', 'mathematical model', 'bag', 'word', 'information retrieval', 'paper', 'integral', 'information', 'modelling', 'mathematical model', 'palmitic acid', 'centrality', 'question mark', 'Johann Peter Gustav Lejeune Dirichlet', 'hyphen', 'parameter', 'parameter', 'mathematical model', 'morphology', 'measure', 'palmitic acid', 'centrality', 'question mark', 'document', 'experiment']
We present a semantic approach to suggesting query completions which leverages entity and type information. When compared to a frequency-based approach;1;[21162272, 11169, 35120, 190087, 21162272];['means', 'question mark', 'entity', 'data type', 'means']
Incorporating features extracted from clickthrough data (called clickthrough features) has been demonstrated to significantly improve the performance of ranking models for Web search applications. Such benefits;1;[42139305, 42848, 42139305, 35140, 486902, 466, 2383321];['feature', 'data', 'feature', 'performance', 'mathematical model', 'World Wide Web', 'yield']
In this paper;1;[11472];['paper']
Pseudo-relevance feedback (PRF) via query-expansion has been proven to be e®ective in many information retrieval (IR) tasks. In most existing work;1;[445558, 180309, 32625952, 11169, 82435, 42213];['relevance feedback', 'hyphen', 'Wellcome Trust Principal Research Fellowship', 'question mark', 'e', 'work']
This paper presents a transductive approach to learn ranking functions for extractive multi-document summarization. At the first stage;1;[11472, 21162272, 7293293, 6934448, 339249];['paper', 'means', 'ranking function', 'Multi-document summarization', 'stagecoach']
We have developed an approach for analyzing online job advertisements in different domains (industries) from different regions worldwide. Our approach is able to extract precise information from the text content supporting useful employment market analysis locally and globally. A major component in our approach is an information extraction framework which is composed of two challenging tasks. The first task is to detect unformatted text blocks automatically based on an unsupervised learning model. Identifying these useful text blocks through this learning model allows the generation of highly effective features for the next task which is text fragment extraction learning. The task of text fragment extraction learning is formulated as a domain adaptation model for text fragment classification. One advantage of our approach is that it can easily adapt to a large number of online job advertisements in different and new domains. Extensive experiments have been conducted to demonstrate the effectiveness and flexibility of our approach.;1;[21162272, 192581, 146481, 8148, 36784, 21162272, 11028, 1260632, 656365, 11653, 21162272, 11028, 759676, 759676, 48378, 133500, 48378, 133500, 213381, 42139305, 759676, 133500, 759676, 133500, 486902, 234460, 4686406, 21162272, 1816844, 192581, 146481, 101965, 1296024, 852220, 21162272];['means', 'job', 'domain', 'industry', 'region of France', 'means', 'information', 'content', 'employment', 'electronic component', 'means', 'information', 'task', 'task', 'pulley', 'learning', 'pulley', 'learning', 'generation', 'feature', 'task', 'learning', 'task', 'learning', 'mathematical model', 'text', 'advantage', 'means', 'large number', 'job', 'domain', 'experiment', 'effectiveness', 'flexibility', 'means']
Distributed search engines based on geographical partitioning of a central Web index emerge as a feasible solution to the immense growth of the Web;1;[19541, 866399, 7069402, 5447188, 191145, 466];['search engine', 'liquid–liquid extraction', 'Web index', 'solution', 'scaling', 'World Wide Web']
The inclusion of document length factors has been a major topic in the development of retrieval models. We believe that current models can be further improved by more refined estimations of the document's scope. In this poster we present a new document length prior that uses the size of the compressed document. This new prior is introduced in the context of Language Modeling with Dirichlet smoothing. The evaluation performed on several collections shows significant improvements in effectiveness.;1;[728944, 760170, 2751586, 1395034, 486902, 486902, 37113960, 174320, 49848, 429785, 49848, 4049983, 49848, 830337, 196626, 60741417, 775963, 27318, 3052382, 21255975, 1296024];['inclusion', 'enumerated type', 'resolution', 'new product development', 'mathematical model', 'mathematical model', 'estimate', 'oscilloscope', 'document', 'poster', 'document', 'cardinality', 'document', 'prior', 'context', 'Language', 'smoothing', 'test', 'fonds', 'improvement', 'effectiveness']
We study the recurrence dynamics of queries in Web search by analysing a large real-world query log dataset. We find that query frequency is more useful in predicting collective query recurrence whereas query recency is more useful in predicting individual query recurrence. Our findings provide valuable insights for understanding and improving Web search.;1;[113558, 11169, 466, 11197, 11652, 11169, 11169, 11169, 639907, 1553259, 46744, 466];['dynamic', 'question mark', 'World Wide Web', 'logarithm', 'frequency', 'question mark', 'question mark', 'question mark', 'medical finding', 'insight', 'understanding', 'World Wide Web']
Retrieval with Logical Imaging is derived from belief revision and provides a novel mechanism for estimating the relevance of a document through logical implication (i.e. P(q->d). In this poster;1;[27590475, 3566063, 517596, 1074648, 49848, 7881229, 429785];['The Retrieval', 'belief revision', 'mechanism', 'Relevance', 'document', 'logical implication', 'poster']
In this paper we investigate generic methods for placing photos uploaded to Flickr on the World map. As primary input for our methods we use the textual annotations provided by the users to predict the single most probable location where the image was taken. Central to our approach is a language model based entirely on the annotations provided by users. We define extensions to improve over the language model using tag-based smoothing and cell-based smoothing;1;[11472, 190686, 125191, 103204, 653848, 210947, 190686, 857525, 278368, 2221906, 478798, 21162272, 3621696, 857525, 278368, 184148, 3621696, 775963, 775963, 209440];['paper', 'subroutine', 'photograph', 'Flickr', 'world map', 'factor of production', 'subroutine', 'annotation', 'user', 'geographic location', 'image', 'means', 'language model', 'annotation', 'user', 'plug-in', 'language model', 'smoothing', 'smoothing', 'electrochemical cell']
With a suitable algorithm for ranking the expertise of a user in a collaborative tagging system;1;[8366, 278368, 60745255];['algorithm', 'user', 'Tagging system']
How many iterations does the (ever more) popular HITS algorithm require to converge in score and;1;[651022, 1031957, 187947];['iteration', 'HITS algorithm', 'partitur']
There has been a lot of work on evaluating and improving the relevance of web search engines. In this paper;1;[6501349, 42213, 1074648, 4182287, 11472];['parking lot', 'work', 'Relevance', 'web search engine', 'paper']
Online advertising represents a growing part of the revenues of major Internet service providers such as Google and Yahoo. A commonly used strategy is to place advertisements (ads) on the search result pages according to the users' submitted queries. Relevant ads are likely to be clicked by a user and to increase the revenues of both advertisers and publishers. However;1;[624902, 7401, 850210, 11371, 95, 37093, 185451, 228, 361698, 11169, 278368, 228, 278368, 850210, 2608849];['online advertising', 'part', 'revenue', 'Internet service provider', 'Google', 'Yahoo', 'strategy', 'Andorra', 'page', 'question mark', 'user', 'Andorra', 'user', 'revenue', 'imprint']
We investigate using topic prediction data;1;[42848];['data']
Query difficulty prediction aims to identify;1;[748250];['prediction']
This paper proposes Multiclass VisualRank;1;[11472, 7936517];['paper', 'VisualRank']
By analyzing explicit & implicit feedback information retrieval systems can determine topical relevance and tailor search criteria to the user's needs. In this paper we investigate whether it is possible to infer what is relevant by observing user affective behaviour. The sensory data employed range between facial expressions and peripheral physiological signals. We extract a set of features from the signals and analyze the data using classification methods;1;[58778, 1074648, 242468, 190258, 278368, 11472, 9332, 42848, 182995, 327968, 174984, 36161, 42139305, 174984, 42848, 190686];['system', 'Relevance', 'tailor', 'need', 'user', 'paper', 'behavior', 'data', 'kitchen stove', 'facial expression', 'signal', 'set', 'feature', 'signal', 'data', 'subroutine']
This paper presents a novel work on the task of extracting data from Web forums. Millions of users contribute rich information to Web forum everyday;1;[11472, 42213, 759676, 42848, 168210, 1854561, 278368, 11028, 168210, 1748061];['paper', 'work', 'task', 'data', 'Internet forum', 'Millions', 'user', 'information', 'Internet forum', 'Everyday']
A number of online video social networks;1;[11563, 2715623, 34508];['number', 'social network', 'video']
Cross language information retrieval methods are used to determine which segments of Arabic language documents match name-based English queries. We investigate and contrast a word-based translation model with a character-based transliteration model in order to handle spelling variation and previously unseen names. We measure performance by making a novel use of the training data from the 2007 ACE Entity Translation;1;[190686, 602418, 315, 11169, 7553, 486902, 1473607, 2088390, 1071027, 35140, 7901733, 42848, 128861];['subroutine', 'segment', 'language', 'question mark', 'translation', 'mathematical model', 'degree of a polynomial', 'spelling', 'personal name', 'performance', 'Use', 'data', 'Angiotensin I converting enzyme']
Multi-view clustering is an important problem in information retrieval due to the abundance of data offering many perspectives and generating multi-view representations. We investigate in this short note a late fusion approach for multi-view clustering based on the latent modeling of cluster-cluster relationships. We derive a probabilistic multi-view clustering model outperforming an early-fusion approach based on multi-view feature correlation analysis.;1;[622825, 759676, 816826, 336019, 42848, 20978643, 853614, 7501862, 2593739, 622825, 6149367, 206637, 486902, 2593739, 7754];['cluster analysis', 'task', 'information retrieval', 'abundance', 'data', 'point of view', 'identifier', 'Short Note', 'fusion', 'cluster analysis', 'modelling', 'computer cluster', 'mathematical model', 'fusion', 'mathematical analysis']
The selection of indexing terms for representing documents is a key decision that limits how effective subsequent retrieval can be. Often stemming algorithms are used to normalize surface forms;1;[7447725, 1071233, 49848, 732833, 27590475, 8366, 183252];['selection', 'terminal emulator', 'document', 'decision', 'The Retrieval', 'algorithm', 'morphology']
Learning to rank has become a popular approach to build a ranking model for Web search recently. Based on our observation;1;[56019, 21162272, 486902, 466, 334401];['military rank', 'means', 'mathematical model', 'World Wide Web', 'surveillance']
Expert search systems often employ a document search component to identify on-topic documents;1;[58778, 11653, 49848, 2751586];['system', 'electronic component', 'document', 'resolution']
A weakly-supervised extraction method identifies concepts within conceptual hierarchies;1;[190686, 151885, 188619];['subroutine', 'concept', 'hierarchy']
Query formulation is one of the most difficult and important aspects of information seeking and retrieval. Two techniques;1;[7271380, 208084, 3772297, 27590475, 21162272];['Query', 'aspect', 'information seeking', 'The Retrieval', 'means']
Micro-blogging is a new form of social communication that encourages users to share information about anything they are seeing or doing;1;[1356447, 183252, 11024, 278368, 11028];['Micro', 'morphology', 'communication', 'user', 'information']
Well tuned Large-Vocabulary Continuous Speech Recognition (LVCSR) has been shown to generally be more effective than vocabulary-independent techniques for ranked retrieval of spoken content when one or the other approach is used alone. Tuning LVCSR systems to a topic domain can be costly;1;[189436, 21162272, 27590475, 1260632, 21162272, 58778, 146481];['speech recognition', 'means', 'The Retrieval', 'content', 'means', 'system', 'domain']
A common practice in comparative evaluation of information retrieval (IR) systems is to create a test collection comprising a set of topics (queries);1;[334600, 27318, 58778, 816826, 11388, 27318, 36161, 2751586, 11169];['practice', 'test', 'system', 'information retrieval', 'infrared radiation', 'test', 'set', 'resolution', 'question mark']
Online forums host a rich information exchange;1;[168210, 6031064];['Internet forum', 'information exchange']
Researchers are exploring the use of folksonomies;1;[16968515, 7901733];['Researcher', 'Use']
Query abandonment by search engine users is generally considered to be a negative signal. In this paper;1;[16001341, 278368, 174984, 11472];['abandonment', 'user', 'signal', 'paper']
In commercial search engines;1;[19541];['search engine']
As online Collaborative Question Answering (CQA) servicessuch as Yahoo! Answers and Baidu Knows are attracting users;1;[2472038, 14772, 278368];['Answer', 'Baidu', 'user']
Web search providers often include search services for domain-specific subcollections;1;[466, 44127];['World Wide Web', 'server']
We demonstrate the merits of using document clusters that are created offline to improve the overall effectiveness and performance robustness of a state-of-the-art pseudo-feedback-based query expansion method -- the relevance model.;1;[1406348, 206637, 1296024, 35140, 11169, 486902];['Merit', 'computer cluster', 'effectiveness', 'performance', 'question mark', 'mathematical model']
This paper presents a novel method for mining product reviews;1;[11472, 190686, 44497];['paper', 'subroutine', 'mining']
In this poster paper;1;[11472];['paper']
Using a ground truth extracted from the Wikipedia;1;[370766, 52];['ground truth', 'Wikipedia']
"Most existing automatic taxonomy induction systems exploit one or more features to induce a taxonomy; nevertheless there is no systematic study examining which are the best features for the task under various conditions. This paper studies the impact of using different features on taxonomy induction for different types of relations and for terms at different abstraction levels. The evaluation shows that different conditions need different technologies or different combination of the technologies. In particular";1;[178377, 42139305, 8269924, 28106657, 42139305, 759676, 12136, 11472, 4115667, 42139305, 8269924, 190087, 277521, 1071233, 1200992, 27318, 12136, 11016, 202805, 11016];['mathematical induction', 'feature', 'taxonomy', 'model sheet', 'feature', 'task', 'disease', 'paper', 'impact', 'feature', 'taxonomy', 'data type', 'relation', 'terminal emulator', 'abstraction layer', 'test', 'disease', 'technology', 'combination', 'technology']
Cross Language Information Retrieval (CLIR) between languages of the same origin is an interesting topic of research. The similarity of the writing systems used for these languages can be used effectively to not only improve CLIR;1;[816826, 16952194, 315, 7376362, 2751586, 42240, 254465, 8192, 315, 16952194];['information retrieval', 'Council on Library and Information Resources', 'language', 'river source', 'resolution', 'research', 'similarity', 'writing system', 'language', 'Council on Library and Information Resources']
This paper proposes a novel method to translate tags attached to multimedia contents for cross-language retrieval. The main issue in this problem is the sense disambiguation of tags given with few textual contexts. In order to solve this problem;1;[11472, 190686, 17514, 131765, 315, 86447, 759676, 173253, 17514, 196626, 1473607, 759676];['paper', 'subroutine', 'graffiti', 'multimedia', 'language', 'issue', 'task', 'sense', 'graffiti', 'context', 'degree of a polynomial', 'task']
Indexing and retrieval of speech content in various forms such as broadcast news;1;[1661153, 27590475, 315, 183252, 1539062];['Indexing', 'The Retrieval', 'language', 'morphology', 'Broadcast News']
Speech Retrieval systems utilize automatic speech recognition (ASR) to generate textual data for indexing. However;1;[58778, 189436, 2739, 42848, 1661153];['system', 'speech recognition', 'A.S. Roma', 'data', 'Indexing']
Social tagging is becoming increasingly popular in many Web 2.0 applications where users can annotate resources (e.g. Web pages) with arbitrary keywords (i.e. tags). A tag recommendation module can assist users in tagging process by suggesting relevant tags to them. It can also be directly used to expand the set of tags annotating a resource. The benefits are twofold: improving user experience and enriching the index of resources. However;1;[494291, 166142, 466, 278368, 1554231, 36774, 1128340, 17514, 17514, 278368, 205663, 17514, 36161, 17514, 1554231, 2383321, 1047808, 873506, 1554231];['folksonomy', 'application', 'World Wide Web', 'user', 'resource', 'web page', 'index term', 'graffiti', 'graffiti', 'user', 'process', 'graffiti', 'set', 'graffiti', 'resource', 'yield', 'user experience', 'index', 'resource']
While traditional question answering (QA) systems tailored to the TREC QA task work relatively well for simple questions;1;[1074173, 58778, 836575, 836575, 189756];['question answering', 'system', 'quality assurance', 'quality assurance', 'question']
Current blog opinion retrieval approaches cannot be applied if the topic relevance and opinion score distributions by rank are dissimilar. This problem severely limits the feasibility of these approaches. We propose to tackle this problem by fitting the distribution of opinion scores;1;[30849, 2751586, 200726, 56019, 759676, 21162272, 759676, 200726, 187947];['blog', 'resolution', 'probability distribution', 'military rank', 'task', 'means', 'task', 'probability distribution', 'partitur']
In this paper we examine user queries with respect to diversity: providing a mix of results across different interpretations. Using two query log analysis techniques (click entropy and reformulated queries);1;[11472, 278368, 28510, 1230584, 16877248, 2995644, 210439, 11169, 11197, 45003, 11169];['paper', 'user', 'respect', 'diversity', 'mixed breed', 'result', 'interpretation', 'question mark', 'logarithm', 'entropy', 'question mark']
In my research;1;[42240];['research']
Traditional bag-of-words information retrieval models use aggregated term statistics to measure the relevance of documents;1;[11028, 1323314, 625642, 12483, 1074648, 49848];['information', 'bag', 'word', 'statistics', 'Relevance', 'document']
Ranking documents in response to users' information needs is a challenging task;1;[49848, 7315950, 2899888, 278368, 759676];['document', 'response', 'information need', 'user', 'task']
As a good complement to page content;1;[242767, 361698];['complement', 'page']
This poster introduces a novel concept-based video indexing approach. It is developed based on a rich set of base concepts;1;[429785, 34508, 36161, 11193];['poster', 'video', 'set', 'base']
Indexing is an important Information Retrieval (IR) operation;1;[1661153, 3884033, 27590475, 6030654, 11388];['Indexing', 'operation', 'The Retrieval', 'Information', 'infrared radiation']
Recently increasing attention has been focused on directly optimizing ranking measures and inducing sparsity in learning models. However;1;[6501338, 192276, 133500];['attention', 'measure', 'learning']
Search engines rely on searching multiple partitioned corpora to return results to users in a reasonable amount of time. In this paper we analyze the standard two-tier architecture for Web search with the difference that the corpus to be searched for a given query is predicted in advance. We show that any predictor better than random yields time savings;1;[19541, 5172362, 2995644, 278368, 309314, 11471, 11472, 12271, 466, 4658963, 461183, 11169, 898429, 11471, 319622];['search engine', 'Corpora', 'result', 'user', 'quantity', 'time', 'paper', 'architecture', 'World Wide Web', 'cadency', 'text corpus', 'question mark', 'constantan', 'time', 'saving']
We introduce K-tree in an information retrieval context. It is an efficient approximation of the k-means clustering algorithm. Unlike k-means it forms a hierarchy of clusters. It has been extended to address issues with sparse representations. We compare performance and quality to CLUTO using document collections. The K-tree has a low time complexity that is suitable for large document collections. This tree structure allows for efficient disk based implementations where space requirements exceed that of main memory.;1;[12027616, 180309, 11028, 27058, 8366, 5962, 188619, 206637, 86447, 853614, 35140, 185957, 49848, 12027616, 2393193, 49848, 223655, 245962, 4169, 5830907];['K-tree', 'hyphen', 'information', 'approximation', 'algorithm', 'Boltzmann constant', 'hierarchy', 'computer cluster', 'issue', 'identifier', 'performance', 'quality', 'document', 'K-tree', 'time complexity', 'document', 'tree data structure', 'implementation', 'outer space', 'computer memory']
With the increasing importance of search systems on the web;1;[58778, 466];['system', 'World Wide Web']
In this paper;1;[11472];['paper']
The utility of Query Performance Prediction (QPP) methods is commonly evaluated by reporting correlation coefficients to denote how well the methods perform at predicting the retrieval performance of a set of queries. However;1;[1951366, 190686, 18039726, 7271380, 1136628, 190686, 35140, 36161, 11169];['public utility', 'subroutine', 'DPP7', 'Query', 'Pearson product-moment correlation coefficient', 'subroutine', 'performance', 'set', 'question mark']
Searching for prior-art patents is an essential step for the patent examiner to validate or invalidate a patent application. In this paper;1;[735, 17525443, 2896489, 3022019, 11472];['art', 'middle', 'patent examiner', 'patent application', 'paper']
The task in expert finding is to identify members of an organisation with relevant expertise on a given topic. Typically;1;[759676, 381160, 379825, 43229, 2751586];['task', 'expert', 'element', 'organization', 'resolution']
A machine learning approach to learning to rank trains a model to optimize a target evaluation measure with repect to training data. Currently;1;[21162272, 870, 486902, 192276, 42848];['means', 'train', 'mathematical model', 'measure', 'data']
Well acceptance of relevance feedback and collaborative systems has given the users to express their preferences in terms of multiple query examples. The technology devised to utilize these user preferences;1;[1193004, 445558, 58778, 278368, 1416170, 1071233, 11169, 11016, 278368];['offer and acceptance', 'relevance feedback', 'system', 'user', 'preference', 'terminal emulator', 'question mark', 'technology', 'user']
One of the central tasks of R&D strategy and portfolio management at large technology companies and research institutions refers to the identification of technological synergies throughout the organization. These efforts are geared towards saving resources by consolidating scattered expertise;1;[759676, 276099, 5340806, 18388277, 42240, 2493413, 540614, 43229, 14536140, 1554231];['task', 'research and development', 'portfolio', 'technology company', 'research', 'identification', 'Synergy', 'organization', 'exertion', 'resource']
In this paper;1;[11472];['paper']
This paper addresses the blog distillation problem. That is;1;[11472, 30849];['paper', 'blog']
We present an efficient method for approximate search in a combination of several metric spaces -- which are a generalization of low level image features -- using an inverted index. Our approximation gives very high recall with subsecond response time on a real data set of one million images extracted from Flickr. We further exploit the inverted index to improve efficiency of the query processing by combining our search in metric features with search in associated textual metadata.;1;[190686, 16320113, 202805, 180953, 170084, 478798, 1671754, 27058, 18733, 578372, 42848, 478798, 103204, 1671754, 1034411, 11169, 16320113, 42139305, 16320113, 180160];['subroutine', 'The Search', 'combination', 'metric space', 'generalization', 'image', 'Inverted index', 'approximation', 'recall', 'response time', 'data', 'image', 'Flickr', 'Inverted index', 'efficiency', 'question mark', 'The Search', 'feature', 'The Search', 'metadata']
This work investigates cluster labeling enhancement by utilizing Wikipedia;1;[42213, 206637, 52];['work', 'computer cluster', 'Wikipedia']
We describe a mixed-modality method to index and search software documentation in three ways: plain text;1;[190686, 788790, 873506, 16320113, 7397, 17641254, 1145976];['subroutine', 'documentation', 'index', 'The Search', 'software', 'Andrew John Henry Way', 'plain text']
This paper studies document ranking under uncertainty. It is tackled in a general situation where the relevance predictions of individual documents have uncertainty;1;[49848, 13649246, 2290680, 748250, 49848, 13649246];['document', 'uncertainty', 'Situation', 'prediction', 'document', 'uncertainty']
The AncestorRank algorithm calculates an authority score by using just one characteristic of the web graph-the number of ancestors per node. For scalability;1;[8366, 187947, 937228, 466, 11563, 402152, 173106, 727490];['algorithm', 'partitur', 'property', 'World Wide Web', 'number', 'ancestor', 'network node', 'Scalability']
Processing large volumes of information generally requires massive amounts of computational power;1;[39297, 11028, 309314, 25342];['volume', 'information', 'quantity', 'power']
In numerous everyday domains;1;[146481];['domain']
The new concept proposed in this paper is a query free web search that automatically retrieves a web page including information related to the daily activity that we are currently engaged in for automatically displaying the page on Internet-connected domestic appliances around us such as televisions. When we are washing a coffee maker;1;[151885, 11472, 466, 11169, 36774, 11028, 423220, 361698, 212920, 289, 211841];['concept', 'paper', 'World Wide Web', 'question mark', 'web page', 'information', 'activity', 'page', 'home appliance', 'television', 'coffeemaker']
Effective search session segmentation grouping queries according to common task or intent can be useful for improving relevance;1;[1423946, 11169, 759676, 706622, 1074648];['segmentation', 'question mark', 'task', 'intention', 'Relevance']
This paper establishes a connection between NMF and PLSA on multi-way data;1;[11472, 31924, 10843505, 2845258, 42848];['paper', 'connection', 'non-negative matrix factorization', 'Probabilistic latent semantic analysis', 'data']
We organized a machine translation (MT) task at the Seventh NTCIR Workshop. Participating groups were requested to machine translate sentences in patent documents and also search topics for retrieving patent documents across languages. We analyzed the relationship between the accuracy of MT and its effects on the retrieval accuracy.;1;[759676, 79798, 1212, 29391000, 83478, 41796, 253623, 2751586, 253623, 315, 223642, 272035, 1212, 2995644, 272035];['task', 'machine translation', 'Montana', 'The Workshop', 'group', 'sentence', 'patent', 'resolution', 'patent', 'language', 'interpersonal relationship', 'accuracy and precision', 'Montana', 'result', 'accuracy and precision']
Event tracking is the task of discovering temporal patterns of popular events from text streams. Existing approaches for event tracking have two limitations: scalability and inability to rule out non-relevant portions in text streams. In this study;1;[466845, 759676, 2083958, 10290214, 47521, 21162272, 10290214, 7692348, 727490, 15989253, 47521, 28106657];['tracking', 'task', 'pattern', 'event', 'stream', 'means', 'event', 'technical limitation', 'Scalability', 'part', 'stream', 'model sheet']
When search is against structured documents;1;[16320113, 7625198];['The Search', 'structured document']
Information retrieval models usually represent content only;1;[486902, 1260632];['mathematical model', 'content']
Rank correlation statistics are useful for determining whether a there is a correspondence between two measurements;1;[12483, 629085, 12453];['statistics', 'multivalued function', 'measurement']
While query expansion techniques have been shown to improve retrieval performance in a centralized setting;1;[11169, 35140, 617332];['question mark', 'performance', 'setting']
In recent years;1;[577];['year']
Collaborative Filtering aims to predict user tastes;1;[94702, 124794];['collaborative filtering', 'taste']
This paper addresses the problem of Named Entity Recognition in Query (NERQ);1;[11472, 759676, 403574, 7271380];['paper', 'task', 'named-entity recognition', 'Query']
Web search is increasingly exploiting named entities like persons;1;[466, 25047676, 5];['World Wide Web', 'named entity', 'human']
The analysis of search transaction logs often characterizes a search session but rarely looks at the end point. When do users stop;1;[7754, 11197, 932410, 12769393, 278368];['mathematical analysis', 'logarithm', 'session', 'end', 'user']
It is well known that anchor text plays a critical role in a variety of search tasks performed over hypertextual domains;1;[362007, 22079668, 3329375, 759676, 146481];['Anchor text', 'Critical Role', 'language variety', 'task', 'domain']
Recently a number of studies have demonstrated that search engine logfiles are an important resource to determine the relevance relation between URLs and query terms. We hypothesized that the queries associated with a URL could also be presented as useful URL metadata in a search engine result list;1;[11563, 28106657, 949532, 1554231, 277521, 11169, 11169, 42253, 42253, 27948];['number', 'model sheet', 'logging file', 'resource', 'relation', 'question mark', 'question mark', 'Uniform Resource Locator', 'Uniform Resource Locator', 'list']
While large-scale taxonomies--especially for web pages--have been in existence for some time;1;[179651, 36774, 468777, 11471];['scale', 'web page', 'existence', 'time']
State of the art web search systems enable aggregation of information from many sources. Users are challenged to assess the reliability of information from different sources. We report on an empirical user study on the effect of displaying credibility ratings of multiple cultural heritage sources (e.g. museum websites;1;[16928008, 735, 16002092, 11028, 128751, 7771841, 18748, 11028, 128751, 278368, 2995644, 609276, 128751, 35127];['State', 'art', 'Aggregation', 'information', 'source code', 'The Users', 'reliability', 'information', 'source code', 'user', 'result', 'climbing grade', 'source code', 'website']
Understanding users'search intent expressed through their search queries is crucial to Web search and online advertisement. Web query classification (QC) has been widely studied for this purpose. Most previous QC algorithms classify individual queries without considering their context information. However;1;[706622, 11169, 466, 7978614, 176, 706622, 176, 11169, 11028];['intention', 'question mark', 'World Wide Web', 'Web query classification', 'Quebec', 'intention', 'Quebec', 'question mark', 'information']
One major goal of text mining is to provide automatic methods to help humans grasp the key ideas in ever-increasing text corpora. To this effect;1;[4503831, 676880, 190686, 5, 131841, 234460, 2995644];['goal', 'text mining', 'subroutine', 'human', 'idea', 'text', 'result']
Social network systems;1;[141488];['graph']
We proposed and implemented a novel clustering algorithm called LAIR2;1;[8366, 18028435];['algorithm', 'LAIR2']
Transcripts of meetings are a document genre characterized by a complex narrative structure. The essence is not only what is said;1;[1259650, 2761147, 188451, 847829, 190995];['transcript', 'meeting', 'music genre', 'narrative structure', 'essence']
Learning-to-rank has attracted great attention in the IR community. Much thought and research has been placed on query-document feature extraction and development of sophisticated learning-to-rank algorithms. However;1;[17019978, 56019, 6501338, 11388, 9420, 42240, 1026626, 1395034, 8366, 133500, 56019];['Learning', 'military rank', 'attention', 'infrared radiation', 'thought', 'research', 'feature extraction', 'new product development', 'algorithm', 'learning', 'military rank']
This paper presents a new video advertising system;1;[11472, 58778];['paper', 'system']
As an indispensable technique in the field of Information Filtering;1;[21162272, 190109, 6030654];['means', 'field', 'Information']
Among the retrieval models that have been proposed in the last years;1;[486902, 5274490];['mathematical model', 'The Last Year']
Verbose or long queries are a small but significant part of the query stream in web search;1;[11169, 7401, 11169, 466];['question mark', 'part', 'question mark', 'World Wide Web']
It has been shown that learning to rank approaches are capable of learning highly effective ranking functions. However;1;[21162272, 7293293];['means', 'ranking function']
Search trails comprising queries and Web page views are created as searchers engage in information-seeking activity online. During known-item search (where the objective may be to locate a target Web page);1;[466, 628179, 11169, 276769, 423220, 859965, 3880557, 36774];['World Wide Web', 'trail', 'question mark', 'The Searchers', 'activity', 'item', 'objective', 'web page']
This paper presents a new way of thinking for IR metric optimization. It is argued that the optimal ranking problem should be factorized into two distinct yet interrelated stages: the relevance prediction stage and ranking decision stage. During retrieval the relevance of documents is not known a priori;1;[11472, 11774623, 141495, 11388, 759676, 339249, 339249, 339249, 27590475, 1074648, 49848];['paper', 'New Way', 'mathematical optimization', 'infrared radiation', 'task', 'stagecoach', 'stagecoach', 'stagecoach', 'The Retrieval', 'Relevance', 'document']
Combining evidence from multiple retrieval models has been widely studied in the context of of distributed search;1;[1347572, 486902, 196626, 16320113];['evidence', 'mathematical model', 'context', 'The Search']
Like traditional supervised and semi-supervised algorithms;1;[8366];['algorithm']
Dwell time on Web pages has been extensively used for various information retrieval tasks. However;1;[22907990, 36774, 11028];['Dwell time', 'web page', 'information']
Search trails mined from browser or toolbar logs comprise queries and the post-query pages that users visit. Implicit endorsements from many trails can be useful for search result ranking;1;[628179, 6368, 11197, 11169, 361698, 278368, 628179, 2995644];['trail', 'web browser', 'logarithm', 'question mark', 'page', 'user', 'trail', 'result']
Content-Based Multimedia Information Retrieval (CBMIR) systems which leverage multiple retrieval experts (En) often employ a weighting scheme when combining expert results through data fusion. Typically however a query will comprise multiple query images (Im) leading to potentially N × M weights to be assigned. Because of the large number of potential weights;1;[58778, 6934776, 381160, 174069, 959962, 381160, 456962, 11169, 11169, 1103, 627, 1816844, 11423];['system', 'Multimedia information retrieval', 'expert', 'Н', 'diagram', 'expert', 'Data fusion', 'question mark', 'question mark', 'iodine', 'nitrogen', 'large number', 'mass']
In recent years;1;[577];['year']
Information retrieval (IR) evaluation scores are generally designed to measure the effectiveness with which relevant documents are identified and retrieved. Many scores have been proposed for this purpose over the years. These have primarily focused on aspects of precision and recall;1;[816826, 187947, 1296024, 49848, 187947, 706622, 577, 208084, 19352408, 18733];['information retrieval', 'partitur', 'effectiveness', 'document', 'partitur', 'intention', 'year', 'aspect', 'precision', 'recall']
Information retrieval systems face a number of challenges;1;[121182, 11563, 2988681];['information system', 'number', 'achievement']
Search engines return ranked lists of Web pages in response to queries. These pages are starting points for post-query navigation;1;[19541, 27948, 36774, 7315950, 11169, 361698, 82818, 102066];['search engine', 'list', 'web page', 'response', 'question mark', 'page', 'railroad switch', 'navigation']
Learning to rank arises in many information retrieval applications;1;[663821, 6031188];['Arise', 'Information retrieval applications']
In this paper;1;[11472];['paper']
We study the problem of finding sentences that explain the relationship between a named entity and an ad-hoc query;1;[759676, 41796, 223642, 25047676, 11169];['task', 'sentence', 'interpersonal relationship', 'named entity', 'question mark']
In this paper;1;[11472];['paper']
Ranking search results is a fundamental problem in information retrieval. In this paper we explore whether the use of proximity and phrase information can improve web retrieval accuracy. We build on existing research by incorporating novel ranking features based on flexible proximity terms with recent state-of-the-art machine learning ranking models. We introduce a method of determining the goodness of a set of proximity terms that takes advantage of the structured nature of web documents;1;[2995644, 759676, 816826, 11472, 7901733, 2114182, 11028, 466, 42240, 42139305, 1071233, 11019, 7275, 735, 486902, 190686, 15290, 36161, 1071233, 4686406, 7860, 466];['result', 'task', 'information retrieval', 'paper', 'Use', 'Proximity', 'information', 'World Wide Web', 'research', 'feature', 'terminal emulator', 'machine', 'state', 'art', 'mathematical model', 'subroutine', 'good', 'set', 'terminal emulator', 'advantage', 'nature', 'World Wide Web']
We study personalized item recommendation within an enterprise social media application suite that includes blogs;1;[859965, 1143070, 30849];['item', 'software suite', 'blog']
This paper presents results comparing user preference for search engine rankings with measures of effectiveness computed from a test collection. It establishes that preferences and evaluation measures correlate: systems measured as better on a test collection are preferred by users. This correlation is established for both conventional web retrieval and for retrieval that emphasizes diverse results. The nDCG measure is found to correlate best with user preferences compared to a selection of other well known measures. Unlike previous studies in this area;1;[11472, 2995644, 278368, 526719, 192276, 1296024, 27318, 1416170, 25211005, 58778, 27318, 278368, 186290, 2995644, 466, 27590475, 192276, 278368, 7447725, 192276, 28106657, 11500];['paper', 'result', 'user', 'ranking', 'measure', 'effectiveness', 'test', 'preference', 'Evaluation measures', 'system', 'test', 'user', 'correlation', 'result', 'World Wide Web', 'The Retrieval', 'measure', 'user', 'selection', 'measure', 'model sheet', 'area']
Generative models such as statistical language modeling have been widely studied in the task of expert search to model the relationship between experts and their expertise indicated in supporting documents. On the other hand;1;[5532625, 315, 759676, 381160, 223642, 381160, 49848, 33767];['generative model', 'language', 'task', 'expert', 'interpersonal relationship', 'expert', 'document', 'hand']
As a principled approach to capturing semantic relations of words in information retrieval;1;[21162272, 277521, 625642, 816826];['means', 'relation', 'word', 'information retrieval']
In this paper;1;[11472];['paper']
Effective learning in multi-label classification (MLC) requires an appropriate level of abstraction for representing the relationship between each instance and multiple categories. Current MLC methods have been focused on learning-to-map from instances to ranked lists of categories in a relatively high-dimensional space. The fine-grained features in such a space may not be sufficiently expressive for characterizing discriminative patterns;1;[133500, 3553958, 861491, 207988, 224055, 223642, 1664689, 719395, 190686, 4006, 1664689, 27948, 719395, 4169, 42139305, 4169, 2083958];['learning', 'Multi-label classification', 'Maritime Labour Convention', 'spirit level', 'abstraction', 'interpersonal relationship', 'instance', 'category', 'subroutine', 'geographic map', 'instance', 'list', 'category', 'outer space', 'feature', 'outer space', 'pattern']
Blog post opinion retrieval aims at finding blog posts that are relevant and opinionated about a user's query. In this paper we propose a simple probabilistic model for assigning relevant opinion scores to documents. The key problem is how to capture opinion expressions in the document;1;[30849, 30849, 11169, 278368, 11472, 486902, 187947, 49848, 759676, 11024, 49848];['blog', 'blog', 'question mark', 'user', 'paper', 'mathematical model', 'partitur', 'document', 'task', 'communication', 'document']
With the ever-increasing growth of the Internet;1;[191145, 75];['scaling', 'Internet']
Visual summarization is a attractive new scheme to summarize web pages;1;[1394144, 959962, 36774];['automatic summarization', 'diagram', 'web page']
To realize services that provide serendipity;1;[44127, 166039];['server', 'serendipity']
Combining multiple documents to represent an information object is well-known as an effective approach for many Information Retrieval tasks. For example;1;[49848, 37866906, 21162272, 759676, 12335479];['document', 'information resource', 'means', 'task', 'template']
Automatic Document Classification (ADC) is still one of the major information retrieval problems. It usually employs a supervised learning strategy;1;[302088, 369894, 11028, 133500];['document classification', 'aide-de-camp', 'information', 'learning']
With the explosive growth of online videos;1;[191145, 34508];['scaling', 'video']
Current statistical approaches to IR have shown themselves to be effective and reliable in both research and commercial settings. However;1;[21162272, 11388, 617332, 42240];['means', 'infrared radiation', 'setting', 'research']
IRX is a text retrieval system designed to be a testbed for conducting information retrieval research on statistically-based retrieval strategies in either batch or interactive modes. The modular structure of IRX has permitted major changes in components of the system (e.g.;1;[58778, 42240, 185451, 12684, 819511, 6671777, 6738039, 11653, 58778];['system', 'research', 'strategy', 'fashion', 'spoil tip', 'structure', 'Major Changes', 'electronic component', 'system']
The most striking result in working with Professor Gerald Salton over 20 years ago on the comparison between the SMART system and the MEDLARS system [Salton69] was the fact that whereas Boolean retrieval (MEDLARS) did very well or very poorly;1;[2995644, 3444238, 577, 577714, 17152351, 58778, 188572, 27590475];['result', 'Professor', 'year', 'comparison', 'Smart system', 'system', 'fact', 'The Retrieval']
This article presents a high-level discussion of some problems in information retrieval that are unique to web search engines. The goal is to raise awareness and stimulate research in these areas.;1;[103184, 207988, 759676, 816826, 4182287, 4503831, 4338318, 42240, 11500];['article', 'spirit level', 'task', 'information retrieval', 'web search engine', 'goal', 'awareness', 'research', 'area']
IR research is now conducted in multi-media;1;[11388, 180309, 1740954];['infrared radiation', 'hyphen', 'tunica media']
We analyzed transaction logs of a set of 51;1;[948454, 36161];['transaction log', 'set']
In a research environment for text and document retreival;1;[42240, 234460, 49848];['research', 'text', 'document']
This informal note was prompted by discussions and questions at the 1990 AAAI Spring Symposium on Text-Based Intelligent Systems (cf Jacobs 1990). There is a growing interest in access to;1;[263478, 189756, 720314, 150001, 929, 170924, 1200690];['note', 'question', 'Spring Framework', 'Intelligent Systems', 'Central African Republic', 'interest', 'Access']
The two basic requirements for achieving software reuse are: (1) to provide a sufficient number of components over a spectrum of domains that can be reused as is (black-box reuse) or easily adapted (white-box reuse);1;[1761598, 771245, 11563, 11653, 2961234, 146481, 3975, 3975];['software requirements specification', 'code reuse', 'number', 'electronic component', 'Charter Communication', 'domain', 'computer case', 'computer case']
The problem of retrieving documents from a large document database is an important problem that has been the subject of some controversy in the recent literature. See [1] and [2]. The basic question has been whether manual indexing is necessary to overcome the weaknesses of full-text retrieval. The problem with full-text retrieval is that in order to narrow down the number of documents selected to a reasonable size;1;[759676, 49848, 8513, 759676, 164573, 1255828, 8242, 189756, 1661153, 633403, 234460, 759676, 234460, 1473607, 11563, 49848, 4049983];['task', 'document', 'database', 'task', 'subject', 'controversy', 'literature', 'question', 'Indexing', 'asthenia', 'text', 'task', 'text', 'degree of a polynomial', 'number', 'document', 'cardinality']
"The RIAO 94 Conference provided a strong collection of presentations giving an excellent panorama of the best in current IR R&amp;D. This review briefly summarizes most of those presentations as a basis for characterizing the current state of research and development in information retrieval. The theme of this characterization is that a great number of exciting developments are bubbling just below (and even into) the operational system status but that these developments could be accelerated by an attention to a number of verities. For example";1;[18504, 3052382, 604733, 41363, 11388, 265158, 604733, 189569, 3505845, 42240, 1395034, 816826, 184148, 2667413, 11563, 1395034, 58778, 1395034, 6501338, 11563, 1428547, 12335479];['National League', 'fonds', 'presentation', 'panorama', 'infrared radiation', 'review', 'presentation', 'basis', 'state', 'research', 'new product development', 'information retrieval', 'plug-in', 'characterization', 'number', 'new product development', 'system', 'new product development', 'attention', 'number', 'Verity', 'template']
WEIRD is an automatic document retrieval system designed and implemented at Syracuse University;1;[65071491, 58778, 617433];['Weird', 'system', 'Syracuse University']
This paper presents some opinions on how the human user's understanding of the content and meaning of records and of the criteria for reterieval must be considered in formulating a complete theory of information reterieval.;1;[11472, 3962655, 46744, 278368, 1260632, 101072, 178588, 5186556, 3508260, 11028];['paper', 'opinion', 'understanding', 'user', 'content', 'definition', 'gramophone record', 'Criteria', 'complete theory', 'information']
Information Storage and Retrieval (IS&R) encompasses a broad scope of topics ranging from basic techniques for accessing data to sophisticated approaches for the analysis of natural language text and the deduction of information. Within the field;1;[6030654, 27590475, 174320, 2751586, 21162272, 42848, 24887677, 7754, 315, 484284, 11028, 190109];['Information', 'The Retrieval', 'oscilloscope', 'resolution', 'means', 'data', 'Sophisticated Approach', 'mathematical analysis', 'language', 'deductive reasoning', 'information', 'field']
1. <u>Lavoisier and The Nomenclature of Chemistry.</u> As a science matures;1;[39607, 863247, 336];['Antoine Laurent Lavoisier', 'nomenclature', 'science']
Let A and B be strings of common length n. Define LLCS(A;1;[9887, 618, 184754, 1084];['Α', 'boron', 'string', 'noun']
Retrieval of information from a database is a basic and vital function that any system is expected to provide. With the growing complexity of information;1;[27590475, 11028, 8513, 11348, 58778, 723897, 11028];['The Retrieval', 'information', 'database', 'function', 'system', 'complexity', 'information']
A review of the Macintosh CD-ROM versions of The Manhole;1;[265158, 75687, 31180570];['review', 'Apple Macintosh', 'Manhole']
The development of the Semantic Web (SW) raises a number of difficult and interesting technical issues. Less often remarked;1;[1395034, 54837, 462, 11563, 86447];['new product development', 'Semantic Web', 'Star Wars', 'number', 'issue']
In natural language processing;1;[6486792];['Language processing']
This paper proposes an automatic selection method for key search algorithms. The methodology has been implemented in a system called KEALASE (KEy-search Algorithm SElection). Key search algorithms are selected according to the user's requirements through interaction with KEALSE which bases its inferences on an evaluation table. The evaluation table contains values rating the performance of each key search algorithm for the different searching properties. The proposed selection algorithm is based on a step by step reduction of key search algorithms and searching properties. The paper also proposes assistance facilities that consist of both a support function and a program synthesis function. Experimental results show that the appropriate key search algorithms are effectively selected;1;[11472, 190686, 755673, 185698, 58778, 28324862, 755673, 1761598, 278368, 1665869, 938438, 27318, 27318, 194112, 35140, 755673, 48674419, 3252726, 17525443, 1197709, 755673, 6422240, 11472, 16245820, 3075191, 11348, 2995644, 755673];['paper', 'subroutine', 'search algorithm', 'methodology', 'system', 'Algorithm Selection', 'search algorithm', 'software requirements specification', 'user', 'interaction', 'statistical inference', 'test', 'test', 'value', 'performance', 'search algorithm', 'Searching', 'selection algorithm', 'middle', 'reduction', 'search algorithm', 'property', 'paper', 'Assistance', 'Support function', 'function', 'result', 'search algorithm']
The HCI Bibliography project has just released its first collections of a free-access online extended bibliography on Human-Computer Interaction. The basic goal of the project is to put an online bibliography for most of HCI on the screens of all researchers and developers in the field through anonymous ftp access;1;[207434, 3052382, 134995, 1200690, 5157408, 4503831, 170584, 134995, 207434, 5290, 1650915, 5482740, 190109, 1200690];['human–computer interaction', 'fonds', 'bibliography', 'Access', 'Computer', 'goal', 'project', 'bibliography', 'human–computer interaction', 'computer monitor', 'researcher', 'programmer', 'field', 'Access']
As part of the celebration of twenty-five years of ACM SIGIR conferences we performed a content analysis of all papers published in the proceedings of SIGIR conferences;1;[7401, 1001696, 577, 127992, 653137, 11472, 1143604, 2020153];['part', 'Celebration', 'year', 'Association for Computing Machinery', 'content analysis', 'paper', 'proceedings', 'academic conference']
"Among the significant factors in assessing the suitability of a clustering technique to a given application is its stability; that is";1;[760170, 21162272, 166142, 403605];['enumerated type', 'means', 'application', 'stability']
We measure the WT10g test collection;1;[27318];['test']
As the Web is becoming a worldwide phenomenon we need to understand what searching trends are emerging across different global regions. Are there regional differences in Web searching? What are the differences between searching by the United States population compared to Europeans? As part of a body of research studying these questions;1;[466, 483247, 13427002, 36784, 4658963, 466, 4658963, 174769, 1405838, 7401, 48422, 42240, 189756];['World Wide Web', 'phenomenon', 'fad', 'region of France', 'cadency', 'World Wide Web', 'cadency', 'United Airlines', 'The Europeans', 'part', 'cadaver', 'research', 'question']
Information retrieval has all the elements of a classical decision problem: a set of possible actions;1;[816826, 11344, 3262192, 36161, 188473];['information retrieval', 'chemical element', 'decision problem', 'set', 'action film']
Existing hashing functions have various limitations. In this paper a new hashing function is proposed;1;[11348, 7692348, 11472, 11348];['function', 'technical limitation', 'paper', 'function']
This note summarizes some of the currently available insights in automatic indexing. The emphasis is on aspects that are expected to be useful in a practical automatic indexing applications. The discussion is necessarily cursory;1;[263478, 1553259, 4826577, 181767, 208084, 166142];['note', 'insight', 'automatic indexing', 'stress', 'aspect', 'application']
As scientific data repositories;1;[42848];['data']
On the 30th July 2005;1;[121];['July']
Conventional information retrieval systems use Boolean query formulations and inverted file technologies for search and retrieval purposes. The need to construct complex Boolean queries in order to obtain the benefit of the existing retrieval operations constitutes a substantial burden for the users. In most environments trained search intermediaries are used to facilitate the communication between system and user.In this note a new Boolean retrieval environment is outlined in which the queries are automatically constructed from the original natural language query formulations provided by the users. Any available <u>Boolean</u> query formulations can also be improved automatically by using the natural language text of previously retrieved documents identified as relevant during previous searches. The automatic queries can be formulated in a standard Boolean system;1;[121182, 11169, 82753, 706622, 16320113, 27590475, 190258, 11169, 1473607, 2383321, 3884033, 27964433, 278368, 2249676, 1666223, 11024, 58778, 278368, 263478, 2249676, 11169, 11169, 278368, 11169, 315, 49848, 16320113, 11169, 58778];['information system', 'question mark', 'computer file', 'intention', 'The Search', 'The Retrieval', 'need', 'question mark', 'degree of a polynomial', 'yield', 'operation', 'Burden', 'user', 'environment', 'intermediary', 'communication', 'system', 'user', 'note', 'environment', 'question mark', 'question mark', 'user', 'question mark', 'language', 'document', 'The Search', 'question mark', 'system']
The robust retrieval track explores methods for improving the consistency of retrieval technology by focusing on poorly performing topics. The retrieval task in the track is a traditional ad hoc retrieval task where the evaluation methodology emphasizes a system's least effective topics. The most promising approach to improving poorly performing topics is exploiting text collections other than the target collection such as the web.The track has also investigated appropriate evaluation measures to support the focus on ineffective topics. Traditional measure are dominated by the better-performing topics;1;[190686, 5163219, 11016, 2751586, 759676, 3312129, 759676, 185698, 2751586, 58778, 21162272, 2751586, 3052382, 3312129, 25211005, 190909, 2751586, 192276, 2751586];['subroutine', 'consistency', 'technology', 'resolution', 'task', 'track and field', 'task', 'methodology', 'resolution', 'system', 'means', 'resolution', 'fonds', 'track and field', 'Evaluation measures', 'focus', 'resolution', 'measure', 'resolution']
The evaluation of multimedia retrieval is a subject that has gained momentum in the last couple of years. CWI;1;[27318, 131765, 164573, 41273, 191290, 577, 1054410];['test', 'multimedia', 'subject', 'momentum', 'ordered pair', 'year', 'Centrum Wiskunde & Informatica']
The existing information systems are characterized by sophisticated hardware designs and relatively unforgiving software support. One may expect that future information systems will provide a unified approach to several different types of information processing tasks;1;[121182, 3966, 7397, 121182, 21162272, 190087, 11028];['information system', 'computer hardware', 'software', 'information system', 'means', 'data type', 'information']
The existing bibliographic retrieval systems are too complex to permit direct on-line access by untrained end users. Expert system approaches have been introduced in the hope of simplifying the document indexing;1;[58778, 1200690, 37105, 528074, 4530593, 190507, 1167863];['system', 'Access', 'line', 'end-user', 'The Expert', 'hope', 'subject indexing']
The development and testing of systems to support users engaged in exploratory search activities (i.e.;1;[1395034, 1003030, 58778, 278368, 61788060];['new product development', 'test', 'system', 'user', 'human activity']
In the past;1;[192630];['past']
This paper describes an information retrieval system which is specifically designed to be used for storing and retrieving information about software components. Rather than use a retrieval mechanism which is simply based on keyword descriptions;1;[11472, 121182, 11028, 7397, 517596, 1200750];['paper', 'information system', 'information', 'software', 'mechanism', 'description']
In information retrieval;1;[816826];['information retrieval']
A new signature file organization is proposed as a combination of two orthogonal partitioning strategies;1;[43229, 202805, 185451];['organization', 'combination', 'strategy']
The doctoral dissertation work concerns the development and exploration of a semi-automatic thesaurus construction approach based on bibliometric methods.;1;[1266946, 1395034, 6502154, 179797, 190686];['thesis', 'new product development', 'exploration', 'lexicographic thesaurus', 'subroutine']
Using context to improve retrieval performance is a current challenge within the discipline and presents a major challenge to the research community. In this thesis;1;[196626, 35140, 2988681, 11862829, 2988681, 42240, 1266946];['context', 'performance', 'achievement', 'academic discipline', 'achievement', 'research', 'thesis']
This report describes the Eurovision image collection compiled for the ImageCLEF (Cross Language Evaluation Forum) evaluation exercise. The image collection consists of around 30;1;[10870555, 276, 340079, 219067, 478798];['report', 'Eurovision Song Contest', '†', 'physical exercise', 'image']
The TREC robust retrieval track explores methods for improving the consistency of retrieval technology by focusing on poorly performing topics. The retrieval task in the track is a traditional ad hoc retrieval task where the evaluation methodology emphasizes a system's least effective topics. The 2005 edition of the track used 50 topics that had been demonstrated to be difficult on one document collection;1;[190686, 5163219, 11016, 2751586, 759676, 3312129, 759676, 185698, 2751586, 58778, 3331189, 3312129, 2751586, 49848];['subroutine', 'consistency', 'technology', 'resolution', 'task', 'track and field', 'task', 'methodology', 'resolution', 'system', 'version, edition, or translation', 'track and field', 'resolution', 'document']
In this report;1;[10870555];['report']
The INitiative for the Evaluation of XML retrieval (INEX) has;1;[660064, 5415283, 2115, 924746];['ballot initiative', 'Evaluation', 'Extensible Markup Language', 'Inex']
Work within the TREC Programme has concentrated on generalising;1;[1371819];['plan']
Exploratory search systems (ESS) are designed to help users move beyond simply finding information toward using that information to support learning;1;[58778, 1378921, 278368, 11028, 11028];['system', 'euthyroid sick syndrome', 'user', 'information', 'information']
We describe the WEBSPAM-UK2006 collection;1;[3052382];['fonds']
On the 10th of August 2006 the SIGIR 2006 Workshop on XML Element Retrieval Methodology was held as part of SIGIR in Seattle;1;[30598415, 122, 29391000, 7574597, 2115, 7401, 7574597, 5083];['10th', 'August', 'The Workshop', 'Special Interest Group on Information Retrieval', 'Extensible Markup Language', 'part', 'Special Interest Group on Information Retrieval', 'Seattle']
The INitiative for the Evaluation of XML retrieval (INEX) was set up in 2002 to establish an infrastructure and provide means;1;[660064, 5415283, 2115, 924746, 121359, 2796622];['ballot initiative', 'Evaluation', 'Extensible Markup Language', 'Inex', 'infrastructure', 'mean']
In Information Extraction (IE);1;[19878146, 6030654];['Extraction', 'Information']
Structured document retrieval allows for the retrieval of document fragments;1;[1638872, 27590475, 49848];['document retrieval', 'The Retrieval', 'document']
The overall motivation for the Interactive Track (iTrack) at INEX is twofold. First;1;[644302, 1636759, 924746];['motivation', 'Interactive', 'Inex']
Retrieval system experimentation has assumed that user requests represent a single information need. The problem is identifying and meeting this need. Search engine experience demonstrates that this assumption is far from holding in the real world. Responding appropriately to this fact raises new issues for research on retrieval system theory;1;[27590475, 278368, 2899888, 759676, 190258, 282250, 29463760, 743738, 188572, 86447, 42240, 17737];['The Retrieval', 'user', 'information need', 'task', 'need', 'qualia', 'modeling assumption', 'Real World', 'fact', 'issue', 'research', 'theory']
Probabilistic models constitute an important kind of Information Retrieval (IR) model. They have been long and widely used [2];1;[486902, 21146257, 486902, 816826, 11388];['mathematical model', 'type', 'mathematical model', 'information retrieval', 'infrared radiation']
The Workshop on Large-Scale Distributed Systems for Information Retrieval was a venue for seminal ideas on the design of systems for search. The workshop focused mainly on mechanisms for P2P IR;1;[29391000, 3962217, 816826, 7920475, 131841, 82604, 58778, 16320113, 656720, 517596, 11388];['The Workshop', 'distributed system', 'information retrieval', 'venue', 'idea', 'design', 'system', 'The Search', 'workshop', 'mechanism', 'infrared radiation']
Information retrieval research;1;[42240];['research']
The SIGIR workshop program aims at providing a framework for exploring new areas and ideas;1;[40056, 271680, 11500, 131841];['computer program', 'software framework', 'area', 'idea']
Personalized search is a promising way to improve the accuracy of web search;1;[7170667, 17641254, 272035, 466];['Personalized search', 'Andrew John Henry Way', 'accuracy and precision', 'World Wide Web']
Growing interest in interactive systems for answering complex questions lead to the development of the complex;1;[170924, 58778, 189756, 1395034, 238156];['interest', 'system', 'question', 'new product development', 'coordination complex']
Time is an important dimension of any information space and can be very useful in information retrieval. Current information retrieval systems and applications do not take advantage of all the time information available in the content of documents to provide better search results and user experience. In this paper we show some of the areas that can benefit from exploiting such temporal information.;1;[43297, 4440864, 4202250, 816826, 121182, 166142, 4686406, 11471, 1260632, 49848, 2995644, 1047808, 11472, 11500, 11028];['Time', 'dimension', 'Information space', 'information retrieval', 'information system', 'application', 'advantage', 'time', 'content', 'document', 'result', 'user experience', 'paper', 'area', 'information']
This article is a report concerning the two years of the XML Mining track at INEX (2005 and 2006). We focus here on the classification and clustering of XML documents. We detail these two tasks and the corpus used for this challenge and then present a summary of the different methods proposed by the participants. We last compare the results obtained during the two years of the track.;1;[103184, 10870555, 577, 2115, 924746, 5128386, 622825, 2115, 759676, 461183, 2988681, 7637199, 190686, 2995644, 577, 3312129];['article', 'report', 'year', 'Extensible Markup Language', 'Inex', 'classification', 'cluster analysis', 'Extensible Markup Language', 'task', 'text corpus', 'achievement', 'summary', 'subroutine', 'result', 'year', 'track and field']
Some methods for rank correlation in evaluation are examined and their relative advantages and disadvantages are discussed. In particular;1;[190686, 3753228, 27318, 4686406, 5281228];['subroutine', 'rank correlation', 'test', 'advantage', 'disadvantage']
This paper presents an analysis of all SIGIR proceedings to date in order to summarize what IR researchers discussed over the years;1;[11472, 7754, 1143604, 654810, 1473607, 11388, 577];['paper', 'mathematical analysis', 'proceedings', 'dating', 'degree of a polynomial', 'infrared radiation', 'year']
The ubiquitous use of search engines to discover and access Web content shows clearly the success of information retrieval algorithms. However;1;[7901733, 19541, 3948731, 50000, 8366];['Use', 'search engine', 'web content', 'victory', 'algorithm']
The goal of EIIR 2008;1;[4503831, 3014879];['goal', 'Inisheer Aerodrome']
This paper provides an overview of the newly launched Book Search Track at INEX 2007 (BookSearch '07);1;[11472, 16860229, 924746];['paper', 'Book', 'Inex']
This report concerns the last edition of the XML Mining Track at INEX 2007. A preceding report has been already published concerning the two preceding editions of the track. We present here the new corpus used for this third phase and briefly describe the models and the results obtained by the different participants.;1;[10870555, 16060673, 2115, 924746, 10870555, 3331189, 3312129, 461183, 10380457, 486902, 2995644];['report', 'The Last Edition', 'Extensible Markup Language', 'Inex', 'report', 'version, edition, or translation', 'track and field', 'text corpus', 'Third phase', 'mathematical model', 'result']
Although we see the positive results of information retrieval research embodied throughout the Internet;1;[2995644, 42240, 75];['result', 'research', 'Internet']
Structured document retrieval from XML documents allows for the retrieval of XML document fragments;1;[1638872, 2115, 27590475, 2115];['document retrieval', 'Extensible Markup Language', 'The Retrieval', 'Extensible Markup Language']
On July 23;1;[121];['July']
This report describes HCIR 2009;1;[10870555];['report']
"Information retrieval is an empirical science; the field cannot move forward unless there are means of evaluating the innovations devised by researchers. However the methodologies conceived in the early years of IR and used in the campaigns of today are starting to show their age and new research is emerging to understand how to overcome the twin challenges of scale and diversity. With such challenges in mind it was decided to hold the first Workshop on Novel Methodologies for Evaluation in Information Retrieval. The workshop was composed of two invited talks as well as long and short papers covering a range of important evaluation methods and tools. The workshop was chaired by Mark Sanderson; with co-organization from Julio Gonzalo";1;[816826, 336, 190109, 2796622, 174165, 1650915, 185698, 577, 11388, 847301, 130838, 779974, 42240, 2988681, 179651, 1230584, 2988681, 450, 29391000, 7064535, 5415283, 816826, 656720, 603773, 11472, 182995, 190686, 39546, 656720, 26689986, 33111, 180309, 43229, 5582168];['information retrieval', 'science', 'field', 'mean', 'innovation', 'researcher', 'methodology', 'year', 'infrared radiation', 'political campaign', 'Today', 'precipitation hardening', 'research', 'achievement', 'scale', 'diversity', 'achievement', 'mind', 'The Workshop', 'Novel', 'Evaluation', 'information retrieval', 'workshop', 'lecture', 'paper', 'kitchen stove', 'subroutine', 'tool', 'workshop', 'Mark Lee', 'Corsican', 'hyphen', 'organization', 'Gonzalo']
In the context of creating large scale test collections;1;[196626, 179651];['context', 'scale']
Due to the dramatically increasing amount of available data;1;[309314, 42848];['quantity', 'data']
The concept of recall has been one of the key elements of system measurement throughout the history of information retrieval;1;[151885, 18733, 11344, 58778, 309, 816826];['concept', 'recall', 'chemical element', 'system', 'history', 'information retrieval']
In this survey we address three of the principal algebraic approaches to integer programming. After introducing lattices and basis reduction;2;[7257997, 1056391, 6042592, 595364, 189569];['survey', 'head teacher', 'Integer programming', 'lattice', 'basis']
In this paper;2;[11472];['paper']
In this work;2;[42213];['work']
The all pairs minimum cuts problem in a capacitated undirected network is well known. Gomory and Hu showed that the all pairs minimum cuts are revealed by a min-cut tree that can be obtained by solving exactly (n - 1) maximum flow problems;2;[283916, 191290, 141488, 2346718, 8686, 6865438, 191290, 10884, 750449, 21199];['cut', 'ordered pair', 'graph', 'Gremory', 'Shanghai', 'minimum cut', 'ordered pair', 'tree', 'flow', 'natural number']
Cyclic codes of odd length over Z4 have been studied by many authors. But what is the form of cylic codes of even length? The structure of cyclic codes of length n = 2e;2;[245464, 36253, 482980, 183252, 188889, 36253, 6671777, 245464, 21199, 214796];['Cyclic code', 'length', 'author', 'morphology', 'code', 'length', 'structure', 'Cyclic code', 'natural number', 'equals sign']
We review approximability and inapproximability results for MIN-SUM scheduling problems and we focus on techniques for designing polynomial time approximation schemes for this class of problems. We present examples which illustrate the efficient use of the ratio partitioning and time partitioning techniques.;2;[2995644, 2271896, 21162272, 11471, 4479242, 759676, 12335479, 7901733, 3481047, 11471, 21162272];['result', 'scheduling', 'means', 'time', 'class', 'task', 'template', 'Use', 'ratio', 'time', 'means']
Given languages Z;2;[23809, 315];['atomic number', 'language']
A key-agreement protocol (KAP) is a multi-party algorithm defined by a sequence of steps specifying the actions required for two or more individuals to each obtain a shared secret. A brief introduction to an axiomatic basis for non-abelian KAPs is presented. The security of these protocols is related to the difficulty of solving equations in non-linear algebraic structures. In particular;2;[93288, 20827062, 8366, 133250, 17525443, 188473, 795052, 462624, 305178, 189569, 20827062, 169489, 702761, 26269989, 11345, 205464];['contract', 'Aluminium Plant Podgorica', 'algorithm', 'sequence', 'middle', 'action film', 'individual', 'Shared secret', 'introduction', 'basis', 'Aluminium Plant Podgorica', 'security', 'standard operating procedure', 'degree of difficulty', 'equation', 'algebraic structure']
We study powers of certain geometric intersection graphs: interval graphs;2;[25342, 3498041, 835942];['power', 'Intersection graph', 'interval graph']
We analyze theoretically the generalization properties of multi-class data classification techniques that are based on iteratively partitioning the data points by hyperplanes. A special case is that in which the data points of different classes are separated by a number of parallel hyperplanes;2;[170084, 42848, 42848, 657586, 2890061, 42848, 771579, 11563, 657586];['generalization', 'data', 'data', 'hyperplane', 'special case', 'data', 'Different Class', 'number', 'hyperplane']
This article is a brief exposition of some of the important links between machine learning and combinatorial optimization. We explain how efficient 'learnability' in standard probabilistic models of learning is linked to the existence of efficient randomized algorithms for certain natural combinatorial optimization problems;2;[103184, 1384742, 102014, 2539, 1333872, 4367921, 486902, 133500, 468777, 583461, 984063];['article', 'exposition', 'hyperlink', 'machine learning', 'combinatorial optimization', 'Learnability', 'mathematical model', 'learning', 'existence', 'randomized algorithm', 'optimization problem']
We compare lift and project methods given by Lovász and Schrijver (the N+ and N procedures) and by Balas;2;[190686, 132911, 170584, 27229242, 190686, 2560415, 5717302];['subroutine', 'elevator', 'project', 'Lovász', 'subroutine', 'N+', 'Balas']
In this paper we relate two rather different branches of polyhedral theory in linear optimization problems: the blocking type polyhedra and the disjunctive procedure of Balas et al. For this purpose;2;[11472, 190087, 190686, 222, 813911, 17737, 984063, 706622];['paper', 'data type', 'subroutine', 'Albania', 'branch instruction', 'theory', 'optimization problem', 'intention']
Many optimization problems of practical interest are computationally intractable. Therefore;2;[984063, 170924];['optimization problem', 'interest']
"Many oil wells in Brazilian onshore fields rely on artificial lift methods. Maintenance services such as cleaning; reinstatement";2;[587682, 190109, 132911, 44127, 17200001];['oil well', 'field', 'elevator', 'server', 'cleaning']
In this paper;2;[11472];['paper']
Repetitive substructures in two-dimensional arrays emerge in speeding up searches and have been recently studied also independently in an attempt to parallel some of the classical derivations concerning repetitions in strings. The present paper focuses on repetitions in two dimensions that manifest themselves in form of two tandem occurrences of a same primitive rectangular pattern W where the two replicas touch each other with either one side or corner. Being primitive here means that W cannot be expressed in turn by repeated tiling of another array. The main result of the paper is an O(n3 logn) algorithm for detecting all side-sharing repetitions in an n × n array. This is optimal;2;[60790794, 186152, 16320113, 29142, 728001, 1274479, 184754, 11472, 1274479, 4440864, 183252, 1190554, 2083958, 1741, 1232589, 26382, 869161, 1741, 7940706, 72297, 186152, 2995644, 11472, 8366, 1274479, 1900125, 186152];['Substructure', 'array data structure', 'The Search', 'attempt', 'derivation', 'repetition', 'string', 'paper', 'repetition', 'dimension', 'morphology', 'occurrence', 'pattern', 'Vienna', 'replica', 'side', 'cornerback', 'Vienna', 'volta', 'Heinrich Sylvester Theodor Tiling', 'array data structure', 'result', 'paper', 'algorithm', 'repetition', 'multiplication sign', 'array data structure']
This paper discusses the pattern matching problem for points under non-uniform distortions;2;[11472, 2083958, 82818, 639];['paper', 'pattern', 'railroad switch', 'optical aberration']
"Latin squares of order n have a 1-1 correspondence with the feasible solutions of the 3-index planar assignment problem (3PAPn). In this paper, we present a new class of facets for the associated polytope, induced by odd-hole inequalities.

#*Experimental evaluation of a tree decomposition-based algorithm for vertex cover on planar graphs.
#@Jochen Alber,Frederic Dorn,Rolf Niedermeier
#t2005
#cDiscrete Applied Mathematics
#index835895
#%621203
#%952650
#%493204
#%624003
#%952754
#%1338764
#%971679
#%415462
#%1338608
#%977702
#%837977
#%651485
#%1061825
#%523
#%660516
#%949673
#%481066
#%1089479
#%610518
#%952534
#%846814
#%836147
#%924096
#%267236
#!Many NP-complete problems on planar graphs are fixed-parameter tractable: Recent theoretical work provided tree decomposition-based fixed-parameter algorithms exactly solving various parameterized problems on planar graphs, among others VERTEX COVER, in time O(c√kn). Here, c is some constant depending on the graph problem to be solved, n is the number of graph vertices, and k is the problem parameter (for VERTEX COVER this is the size of the vertex cover).In this paper, we present an experimental study for such tree decomposition-based algorithms focusing on VERTEX COVER. We demonstrate that the tree decomposition-based approach provides a valuable way of exactly solving VERTEX COVER on planar graphs. Doing so, we also demonstrate the impressive power of the so-called Nemhauser/Trotter theorem which provides a VERTEX COVER-specific, extremely useful data reduction through polynomial time preprocessing. Altogether, this underpins the practical importance of the underlying theory.

#*Fixed points and maximal independent sets in AND-OR networks.
#@Julio Aracena,Jacques Demongeot,Eric Goles Ch.
#t2004
#cDiscrete Applied Mathematics
#index835896
#%850824
#!We study the maximum number of fixed points of boolean networks with local update function AND-OR. We prove that this number for networks with connected digraph is 2(n-1)/2 for n odd and 2(n-2)/2 + 1 for n even if the digraph has not loops; and 2n-1 + 1 otherwise, where n is the number of nodes of the digraph. We also exhibit some networks reaching these bounds. To obtain these results we construct a bijection between the maximal independent sets of the digraph and the fixed points of the network belonging to a particular family of AND-OR networks.

#*The Complexity of One-Machine Batching Problems.
#@Susanne Albers,Peter Brucker
#t1993
#cDiscrete Applied Mathematics
#index835897

#*Generalization of aTheorem on the Parametric Maximum Flow Problem.
#@Tadashi Arai,Shuichi Ueno,Yoji Kajitani
#t1993
#cDiscrete Applied Mathematics
#index835898

#*Scheduling with unexpected machine breakdowns.
#@Susanne Albers,Günter Schmidt
#t2001
#cDiscrete Applied Mathematics
#index835899

#*On the upper chromatic number of (v, b)-configurations.
#@Claudio Arbib,Michele Flammini
#t2002
#cDiscrete Applied Mathematics
#index835900
#%852159
#%838205
#!A mixed hypergraph is a pair H = (V, E ∪ A), where V is the vertex set and E (A) the edge (the co-edge) set of H. A legal colouring of H gives the same (different) colour(s) to at least two vertices of any co-edge (of any edge). The upper chromatic number of H is the maximum number X(H) of colours that can be used in a legal colouring. After giving a general upper bound to X(H), we here consider the co-hypergraph J = (X,φ ∪ I), where I is a (v3,b2)- configuration I over X. We prove that computing X(J) is NP-hard, but there exists a polynomial-time algorithm returning a colouring with ≥ 5/6 X(J) colours. We also provide an example showing that this approximation factor is tight.

#*Maximum mean weight cycle in a digraph and minimizing cycle time of a logic chip.
#@Christoph Albrecht,Bernhard Korte,Jürgen Schietke,Jens Vygen
#t2002
#cDiscrete Applied Mathematics
#index835901
#%283126
#%283233
#%142262
#%1079159
#%891150
#%132443
#%891169
#%133017
#%951134
#%133264
#%134038
#%211399
#!The maximum mean weight cycle problem is well-known: given a digraph G with weights c:E(G) → R, find a directed circuit in G whose mean weight is maximum. Closely related is the minimum balance problem: Find a potential π: V(G) → R such that the numbers slack(e):=π(w)-π(v)-c((v, w))(e=(v, w)∈E(G)) are optimally balanced: for any subset of vertices, the minimum slack on an entering edge should equal the minimum slack on a leaving edge. Both problems can be solved by a parametric shortest path algorithm.We describe an application of these problems to the design of logic chips. In the simplest model, optimizing the clock schedule of a chip to minimize the cycle time is equivalent to a maximum mean weight cycle problem. It is very important to find a solution with well-balanced slacks; this problem, in the simple model, is a minimum balance problem.However, in practical situations many constraints have to be taken into account. Therefore minimizing the cycle time and finding the optimum slack distribution are more general problems. We show how a parametric shortest path algorithm can be extended to solve these problems efficiently.Computational results with recent IBM processor chips show that the cycle time reduces considerably. Moreover, the number of critical paths (with small slack) decreases dramatically. As a result we obtain significantly faster chips. The running time of our algorithm is reasonable even for very large designs.

#*How to Survive While Visiting a Graph.
#@Claudio Arbib,Michele Flammini,Enrico Nardelli
#t2000
#cDiscrete Applied Mathematics
#index835902

#*Cliques and extended triangles. A necessary condition for planar clique graphs.
#@Liliana Alcón,Marisa Gutierrez
#t2004
#cDiscrete Applied Mathematics
#index835903
#!By generalizing the idea of extended triangle of a graph, we succeed in obtaining a common framework for the result of Roberts and Spencer about clique graphs and the one of Szwarcfiter about Helly graphs. We characterize Helly and 3-Helly planar graphs using extended triangles. We prove that if a planar graph G is a clique graph, then every extended triangle of G must be a clique graph. Finally, we show the extended triangles of a planar graph which are clique graphs. Any one of the obtained characterizations are tested in O(n2) time.

#*A Three-dimensional Matching Model for Perishable Production Scheduling.
#@Claudio Arbib,Dario Pacciarelli,Stefano Smriglio
#t1999
#cDiscrete Applied Mathematics
#index835904

#*Stable Matchings with Couples.
#@Brian Aldershof,Olivia M. Carducci
#t1996
#cDiscrete Applied Mathematics
#index835905

#*Efficient Computation of Implicit Representations of Sparse Graphs.
#@Srinivasa Rao Arikati,Anil Maheshwari,Christos D. Zaroliagis
#t1997
#cDiscrete Applied Mathematics
#index835906

#*On easy and hard hereditary classes of graphs with respect to the independent set problem.
#@Vladimir E. Alekseev
#t2003
#cDiscrete Applied Mathematics
#index835907
#%846787
#%836908
#%836175
#!In this paper we introduce the concept of a boundary class, which is a helpful tool for classification of hereditary classes of graphs according to the complexity of the independent set problem. It is shown that in a class X defined by a finite set of forbidden induced subgraphs, the problem is NP-hard if and only if X includes a boundary class. The paper presents a particular boundary class and establishes several new polynomially solvable cases for the independent set problem.

#*A Linear Algorithm for the Group Path Problem on Chordal Graphs.
#@Srinivasa Rao Arikati,Uri N. Peled
#t1993
#cDiscrete Applied Mathematics
#index835908

#*Polynomial algorithm for finding the largest independent sets in graphs without forks.
#@Vladimir E. Alekseev
#t2004
#cDiscrete Applied Mathematics
#index835909
#%838150
#%759
#!A fork is a graph that is obtained from K1,3 by subdividing one edge. It is known [6-8] that for K1,3-free graphs the problem of finding the largest independent set can be solved in a polynomial time. In this paper, we prove that this is also true for the wider class of fork-free graphs.

#*A Polynomial Algorithm for the Parity Path Problem on Perfectly orientable Graphs.
#@Srinivasa Rao Arikati,Uri N. Peled
#t1996
#cDiscrete Applied Mathematics
#index835910

#*Local transformations of graphs preserving independence number.
#@Vladimir E. Alekseev,Vadim V. Lozin
#t2004
#cDiscrete Applied Mathematics
#index835911
#%854367
#%952996
#!An attempt of introducing a general notion of local transformation of a graph is made. The investigated notion is applied to the independent set problem.

#*An addition algorithm in Jacobian of C curves.
#@Seigo Arita
#t2003
#cDiscrete Applied Mathematics
#index835912
#%50817
#%42783
#%985982
#!Nowadays, elliptic curve cryptosystems receive attention and much effort is being dedicated to make it more and more practical. It is worthwhile to construct discrete logarithm based cryptosystems using more general algebraic curves, because it supplies more security sources for public key cryptosystems. The presented paper introduces Cab curves. Roughly speaking, a curve is Cab if it is non-singular in its affine part and if its singularity at infinity is nice. Cab curves compose a large family of algebraic curves, including elliptic, hyperelliptic and superelliptic curves. The paper shows an addition algorithm in Jacobian group of Cab curves in three steps: firstly with a geometrical point of view, which is impractical, secondly by translating the algorithm in the language of ideals, and finally, the final algorithm in which some costly steps are removed. The paper also gives experiments that prove that the algorithm behaves well in practice.

#*Augmenting graphs for independent sets.
#@Vladimir E. Alekseev,Vadim V. Lozin
#t2004
#cDiscrete Applied Mathematics
#index835913
#%838150
#%838313
#%837724
#%852590
#%837117
#!We consider a general approach to solve the maximum independent set problem based on finding augmenting graphs. For some special classes of graphs, the approach provides polynomial solutions. In this paper we survey classical and recent results on the topic, and describe a new one that generalizes two previously known algorithms. We also discuss some open questions related to the notion of augmenting graphs.

#*A note on orientations of mixed graphs.
#@Esther M. Arkin,Refael Hassin
#t2002
#cDiscrete Applied Mathematics
#index835914

#*Strong Elimination Ordering of the Total Graph of a Tree.
#@J. Ales,Roman Bacik
#t1992
#cDiscrete Applied Mathematics
#index835915

#*Approximation Algorithms for the Geometric Covering Salesman Problem.
#@Esther M. Arkin,Refael Hassin
#t1994
#cDiscrete Applied Mathematics
#index835916
#%110638
#%110576

#*Utility Representation via Additive or Multiplicative Error Functions.
#@Fuad Aleskerov,Yusufcan Masatlioglu
#t2003
#cDiscrete Applied Mathematics
#index835917
#!The aim of this article is to study two distinct cases of utility representations where the error functions are assumed to display characteristics different than usual. These characteristics depend respectively on the feasible set and the two alternatives compared. Thus, in the first case the error functions are additive and in the second they are multiplicative.Our study of additive error functions shows that a very narrow class of choice functions can be represented in this form. Also we introduce a new class of binary relations, called simple semiorders, to fill the relevant gap in the literature. As for the case of multiplicative error functions, we study the cases where the error function is directly and inversely proportional to the utility function. We show that these classes of binary relations display characteristics of interval orders, semiorder, or regular semiorders depending on the case studied.

#*Increasing digraph arc-connectivity by arc addition, reversal and complement.
#@Esther M. Arkin,Refael Hassin,Shimon Shahar
#t2002
#cDiscrete Applied Mathematics
#index835918
#%1061028
#%952956
#%1061331
#%622057
#%798176
#%210618
#!This paper deals with increasing the arc-connectivity of directed graphs by arc additions, reversals or complements. We study several optimization problems, which differ in their arc-connectivity requirements defined by the set of sources, the set of targets and the arc-connectivity value.

#*Consensus algorithms for the generation of all maximal bicliques.
#@Gabriela Alexe,Sorin Alexe,Yves Crama,Stephan Foldes,Peter L. Hammer,Bruno Simeone
#t2004
#cDiscrete Applied Mathematics
#index835919
#%110525
#%952825
#%836802
#%953066
#%837805
#%759
#%931089
#%623285
#%953192
#%952996
#!We describe a new algorithm for generating all maximal bicliques (i.e. complete bipartite, not necessarily induced subgraphs) of a graph. The algorithm is inspired by, and is quite similar to, the consensus method used in propositional logic. We show that some variants of the algorithm are totally polynomial, and even incrementally polynomial. The total complexity of the most efficient variant of the algorithms presented here is polynomial in the input size, and only linear in the output size. Computational experiments demonstrate its high efficiency on randomly generated graphs with up to 2000 vertices and 20,000 edges.

#*A 2 2/3 Superstring Approximation Algorithm.
#@Chris Armen,Clifford Stein
#t1998
#cDiscrete Applied Mathematics
#index835920
#%750299

#*Spanned patterns for the logical analysis of data.
#@Gabriela Alexe,Peter L. Hammer
#t2006
#cDiscrete Applied Mathematics
#index835921
#%1013409
#%1112457
#%835919
#%838831
#%836802
#%837044
#%1009636
#!In a finite dataset consisting of positive and negative observations represented as real valued n-vectors, a positive (negative) pattern is an interval in Rn with the property that it contains sufficiently many positive (negative) observations, and sufficiently few negative (positive) ones. A pattern is spanned if it does not include properly any other interval containing the same set of observations. Although large collections of spanned patterns can provide highly accurate classification models within the framework of the Logical Analysis of Data, no efficient method for their generation is currently known. We propose in this paper, an incrementally polynomial time algorithm for the generation of all spanned patterns in a dataset, which runs in linear time in the output; the algorithm resembles closely the Blake and Quine consensus method for finding the prime implicants of Boolean functions. The efficiency of the proposed algorithm is tested on various publicly available datasets. In the last part of the paper, we present the results of a series of computational experiments which show the high degree of robustness of spanned patterns.

#*Polynomial transformations and data-independent neighborhood functions.
#@Derek E. Armstrong,Sheldon H. Jacobson
#t2004
#cDiscrete Applied Mathematics
#index835922
#%759
#%1088993
#%2354
#%621767
#%953421
#!A neighborhood function that is polynomial in size and independent of the problem data, except that it may depend on the maximum absolute value of a number in an instance, is termed semi-reasonable. A semi-data-independent order transformation (SDIOT) is introduced such that if problem A SDIOT to problem B and B has a semi-reasonable neighborhood function, where the number of local optima is polynomial, then problem A has a semi-reasonable neighborhood function such that the number of local optima is polynomial. A large class of optimization problems is shown to SDIOT to Maximum Clause Weighted Satisfiability.

#*Accelerated algorithm for pattern detection in logical analysis of data.
#@Sorin Alexe,Peter L. Hammer
#t2006
#cDiscrete Applied Mathematics
#index835923
#%950160
#%953235
#%1013409
#%1112457
#%1009636
#%1121585
#!Sets of positive and negative points (observations) in n-dimensional discrete space given along with their non-negative integer multiplicities are analyzed from the perspective of the Logical Analysis of Data (LAD). A set of observations satisfying upper and/or lower bounds imposed on certain components is called a positive pattern if it contains some positive observations and no negative one. The number of variables on which such restrictions are imposed is called the degree of the pattern. A total polynomial algorithm is proposed for the enumeration of all patterns of limited degree, and special efficient variants of it for the enumeration of all patterns with certain sign and coverage requirements are presented and evaluated on a publicly available collection of benchmark datasets.

#*Data-independent neighborhood functions and strict local optima.
#@Derek E. Armstrong,Sheldon H. Jacobson
#t2005
#cDiscrete Applied Mathematics
#index835924
#%835872
#%759
#%835922
#%972327
#%2614
#%953421
#!The paper proves that data-independent neighborhood functions with the smooth property (all strict local optima are global optima) for maximum 3-satisfiability (MAX 3-SAT) must contain all possible solutions for large instances. Data-independent neighborhood functions with the smooth property for 0-1 knapsack are shown to have size with the same order of magnitude as the cardinality of the solution space. Data-independent neighborhood functions with the smooth property for traveling salesman problem (TSP) are shown to have exponential size. These results also hold for certain polynomially solvable sub-problems of MAX 3-SAT, 0-1 knapsack and TSP.

#*Struction revisited.
#@Gabriela Alexe,Peter L. Hammer,Vadim V. Lozin,Dominique de Werra
#t2003
#cDiscrete Applied Mathematics
#index835925
#%838150
#%952754
#%839480
#%848306
#%837117
#%660516
#%854367
#%837118
#%836908
#%952996
#!The struction method is a general approach to compute the stability number of a graph based on step-by-step transformations each of which reduces the stability number by exactly one. This approach has been originally derived from Boolean arguments and has been applied by different authors to compute in polynomial time the stability number in special classes of graphs. In the present paper we review basic results on this topic and propose a generalization of the struction. We also discuss its relationship with some other graph transformations, such as the cycle shrinking of Edmonds or the clique reduction of Lovász-Plummer, and the possibility to use stability preserving transformations to increase the efficiency of this approach.

#*Transmitting in the -Dimensional Cube.
#@Noga Alon
#t1992
#cDiscrete Applied Mathematics
#index835926

#*A new transference theorem in the geometry of numbers and new bounds for Ajtai's connection factor.
#@Jin-yi Cai
#t2003
#cDiscrete Applied Mathematics
#index835927
#%210263
#%861903
#%621111
#%1088844
#%887789
#%1059793
#%211229
#!We prove a new transference theorem in the geometry of numbers, giving optimal bounds relating the successive minima of a lattice with the minimal length of generating vectors of its dual. It generalizes the transference theorem due to Banaszczyk. We also prove a stronger bound for the special class of lattices possessing nε-unique shortest lattice vectors. The theorem imply consequent improvement of the Ajtai connection factors in the connection of average-case to worst-case complexity of the shortest lattice vector problem. Our proofs are non-constructive, based on discrete Fourier transform.

#*Minimal Connected Enclosures on an Embedded Planar Graph.
#@Christos Alexopoulos,J. Scott Provan,H. Donald Ratliff,Bryan R. Stutzman
#t1999
#cDiscrete Applied Mathematics
#index835928

#*Strongly Polynomial Simplex Algorithm for Bipartite Vertex Packing.
#@Ronald D. Armstrong,Zhiying Jin
#t1996
#cDiscrete Applied Mathematics
#index835929

#*Adjacency on the Constrained Assignment Problem.
#@Abdo Y. Alfakih,Katta G. Murty
#t1998
#cDiscrete Applied Mathematics
#index835930

#*Computing the Jump Number on Semi-orders Is Polynomial.
#@Angela von Arnim,Colin de la Higuera
#t1994
#cDiscrete Applied Mathematics
#index835931

#*On Variations of the Subset Sum Problem.
#@Jorge L. Ramírez Alfonsín
#t1998
#cDiscrete Applied Mathematics
#index835932

#*Facets of the Generalized Permutahedron of a Poset.
#@Annelie von Arnim,Andreas S. Schulz
#t1997
#cDiscrete Applied Mathematics
#index835933

#*On Pseudomodular Matroids and Adjoints.
#@Marion Alfter,Winfried Hochstättler
#t1995
#cDiscrete Applied Mathematics
#index835934

#*Euler circuits and DNA sequencing by hybridization.
#@Richard Arratia,Béla Bollobás,Don Coppersmith,Gregory B. Sorkin
#t2000
#cDiscrete Applied Mathematics
#index835935

#*Generation of lower bounds for minimum span frequency assignment.
#@Stuart M. Allen,Derek H. Smith,Steve Hurley
#t2002
#cDiscrete Applied Mathematics
#index835936

#*An Alternate Formulation of the Symmetric Traveling Salesman Problem and Its Properties.
#@Tiru S. Arthanari,M. Usha
#t2000
#cDiscrete Applied Mathematics
#index835937

#*Linear Cellular Automata, Finite Automata and Pascal's Triangle.
#@Jean-Paul Allouche,Fritz von Haeseler,Heinz-Otto Peitgen,Guentcho Skordev
#t1996
#cDiscrete Applied Mathematics
#index835938

#*Spectral Partitioning with Multiple Eigenvectors.
#@Charles J. Alpert,Andrew B. Kahng,So-Zen Yao
#t1999
#cDiscrete Applied Mathematics
#index835939

#*Complexity of finding dense subgraphs.
#@Yuichi Asahiro,Refael Hassin,Kazuo Iwama
#t2002
#cDiscrete Applied Mathematics
#index835940
#%621281
#%624044
#%621767
#%1059257
#!The k-f(k) dense subgraph problem ((k, f(k))-DSP) asks whether there is a k-vertex subgraph of a given graph G which has at least f(k) edges. When f(k)=k(k - 1)/2, (k,f(k))-DSP is equivalent to the well-known k-clique problem. The main purpose of this paper is to discuss the problem of finding slightly dense subgraphs. Note that f(k) is about k2 for the k-clique problem. It is shown that (k,f(k))-DSP remains NP-complete for f(k)= Θ(k1+ε) where ε may be any constant such that 0 < ε < 1. It is also NP-complete for relatively slightly-dense subgraphs, i.e., (k, f(k))-DSP is NP-complete for f(k)= ek2/υ2(1 +O(υε-1)), where υ is the number of G's vertices and e is the number of G's edges. This condition is quite tight because the answer to (k, f(k))-DSP is always yes for f(k)= ek2/υ2(1 -(υ- k)/(υk- k)) that is the average number of edges in a subgraph of k vertices. Also, we show that the hardness of (k, f(k))-DSP remains for regular graphs: (k, f(k))-DSP is NP-complete for Θ(υε1)-regular graphs if f(k)= Θ(k1-ε2) for any 0 < ε1, ε2 < 1.

#*On the Deterministic Complexity of Searching Local Maxima.
#@Ingo Althöfer,Klaus-Uwe Koschnick
#t1993
#cDiscrete Applied Mathematics
#index835941

#*Two sensitivity theorems in fuzzy integer programming.
#@Armen S. Asratian,Nikolai N. Kuzjurin
#t2004
#cDiscrete Applied Mathematics
#index835942
#%209968
#%211683
#%623064
#%622862
#!We consider the problem of estimating optima of covering integer linear programs with 0-1 variables under the following conditions: we do not know exact values of elements in the constraint matrix A but we know what elements of A are zero and what are nonzero, and also know minimal and maximal values of nonzero elements. We find bounds for variation of the optima of such programs in the worst and average cases. We also find some conditions guaranteeing that the variation of the optimum of such programs in the average case is close to 1 as the number of variables tends to infinity. This means that the values of nonzero elements in A can vary without significantly affecting the value of the optimum of the integer program.

#*On nearest points of a finite set in a normed linear space.
#@Elisabetta Alvoni
#t2004
#cDiscrete Applied Mathematics
#index835943
#!Given a finite set A={a1,a2,...,an} in a normed linear space X; for x ∈ X, let πi(x) be a permutation of {1,2,...,n} such that ||x-aπ1(x)|| ≤ ||x-aπ2(x)|| ≤ ... ≤ ||x-aπn(x)||. We consider the following problem: for 1 ≤ k ≤ n, let 1/k Σi=1k||x-aπi(x)|| be the average distance to the k nearest points from a point x of the space; we are interested in minimizing this average when x describes the space X and in finding optimal solutions. This problem, which has a clear practical meaning, seems to have received little attention. Several properties of the solutions are proved.

#*On Physical Mapping and the Consecutive Ones Property for Sparse Matrices.
#@Jonathan E. Atkins,Martin Middendorf
#t1996
#cDiscrete Applied Mathematics
#index835944
#%961964

#*The MIN PFS problem and piecewise linear model estimation.
#@Edoardo Amaldi,Marco Mattavelli
#t2002
#cDiscrete Applied Mathematics
#index835945
#%930074
#%1088814
#%924123
#%1046252
#%312035
#%466643
#%759
#%406678
#%1013757
#%834011
#!We consider a new combinatorial optimization problem related to linear systems (MIN PFS) that consists, given an infeasible system, in finding a partition into a minimum number of feasible subsystems. MIN PFS allows formalization of the fundamental problem of piecewise linear model estimation, which is an attractive alternative when modeling a wide range of nonlinear phenomena. Since MIN PFS turns out to be NP-hard to approximate within every factor strictly smaller than 3/2 and we are mainly interested in real-time applications, we propose a greedy strategy based on randomized and thermal variants of the classical Agmon-Motzkin-Schoenberg relaxation method for solving systems of linear inequalities. Our method provides good approximate solutions in a short amount of time. The potential of our approach and the performance of our algorithm are demonstrated on two challenging problems from image and signal processing. The first one is that of detecting line segments in digital images and the second one that of modeling time-series using piecewise linear autoregressive models. In both cases the MIN PFS-based approach presents various advantages with respect to conventional alternatives, including wider range of applicability, lower computational requirements and no need for a priori assumptions regarding the underlying structure of the data.

#*Faster Isometric Embedding in Products of Complete Graphs.
#@Franz Aurenhammer,Michael Formann,Ramana M. Idury,Alejandro A. Schäffer,Frank Wagner
#t1994
#cDiscrete Applied Mathematics
#index835946

#*A Review of Combinatorial Problems Arising in Feedforward Neural Network Design.
#@Edoardo Amaldi,Eddy Mayoraz,Dominique de Werra
#t1994
#cDiscrete Applied Mathematics
#index835947

#*Complexity of Robust Single Facility Location Problems on Networks with Uncertain Edge Lengths.
#@Igor Averbakh
#t2003
#cDiscrete Applied Mathematics
#index835948
#%924047
#!We consider single-facility location problems on a network with uncertain edge lengths. Specifically, the lengths of edges are assumed to be random with unknown distributions and can take on any values within prespecified intervals of uncertainty. Uncertainty in edge lengths reflects uncertainty in transportation times, or transportation costs, along the edges. It is required to find a robust (minmax regret) solution, that is, a location which is ε-optimal for any possible realization of edge lengths, with ε as small as possible. We show that such robust location problems are strongly NP-hard, in contrast with robust location problems with only node weights uncertainty that are known to be polynomially solvable.

#*On the negation-limited circuit complexity of merging.
#@Kazuyuki Amano,Akira Maruoka,Jun Tarui
#t2003
#cDiscrete Applied Mathematics
#index835949
#%951093
#%493115
#%60487
#%1058531
#%693
#%797842
#%797814
#%622973
#!A negation-limited circuit is a combinational circuit that consists of AND, OR gates and a limited number of NOT gates. In this paper, we investigate the complexity of negation-limited circuits. The (n,n) merging function is a function that merges two presorted binary sequences x1 ≤ ... ≤ xn and y1 ≤ . . . ≤ yn into a sequence z1 ≤ . . . ≤ z2n. We prove that the size complexity of the (n,n) merging function with t = (log2 log2 n - a) NOT gates is Θ(2an).

#*K-submodular functions and convexity of their Lovász extension.
#@Kazutoshi Ando
#t2002
#cDiscrete Applied Mathematics
#index835950

#*NP-Completeness of Minimum Spanner Problems.
#@Leizhen Cai
#t1994
#cDiscrete Applied Mathematics
#index835951

#*Complexity of Minimum Biclique Cover and Minimum Biclique Decomposition for Bipartite Domino-free Graphs.
#@Jérôme Amilhastre,Marie-Catherine Vilarem,Philippe Janssen
#t1998
#cDiscrete Applied Mathematics
#index835952

#*A Heuristic with Worst-case Analysis for Minimax Routing of Two Travelling Salesmen on a Tree.
#@Igor Averbakh,Oded Berman
#t1996
#cDiscrete Applied Mathematics
#index835953

#*Foreword.
#@Amihood Amir,Gad M. Landau
#t2005
#cDiscrete Applied Mathematics
#index835954

#*(p - 1)/(p + 1)-approximate Algorithms for P-traveling Salesmen Problems on a Tree with Minmax Objective.
#@Igor Averbakh,Oded Berman
#t1997
#cDiscrete Applied Mathematics
#index835955

#*The NP-completeness of Finding A-trails in Eulerian Graphs and of Finding Spanning Trees in Hypergraphs.
#@Lars Døvling Andersen,Herbert Fleischner
#t1995
#cDiscrete Applied Mathematics
#index835956

#*Constrained Matroidal Bottleneck Problems.
#@Igor Averbakh,Oded Berman,Abraham P. Punnen
#t1995
#cDiscrete Applied Mathematics
#index835957

#*Algorithms and Outerplanar Conditions for A-trails in Plane Eulerian Graphs.
#@Lars Døvling Andersen,Herbert Fleischner,Susanne Regner
#t1998
#cDiscrete Applied Mathematics
#index835958

#*Interval data minmax regret network optimization problems.
#@Igor Averbakh,Vasilij Lebedev
#t2004
#cDiscrete Applied Mathematics
#index835959
#%759
#%46562
#!We consider the minimum spanning tree and the shortest path problems on a network with uncertain lengths of edges. In particular, for any edge of the network, only an interval estimate of the length of the edge is known, and it is assumed that the length of each edge can take on any value from the corresponding interval of uncertainty, regardless of the values taken by the lengths of other edges. It is required to find a minmax regret solution. We prove that both problems are NP-hard even if the bounds of all intervals of uncertainty belong to {0,1}. The interval data minmax regret shortest path problem is NP-hard even if the network is directed, acyclic, and has a layered structure. We show that the problems are polynomially solvable in the practically important case where the number of edges with uncertain lengths is fixed or is bounded by the logarithm of a polynomial function of the total number of edges. We discuss implications of these results for the general theory of interval data minmax regret combinatorial optimization.

#*Efficient line broadcasting in a d-dimensional grid.
#@Amir Averbuch,Yehuda Roditty,Barack Shoham
#t2001
#cDiscrete Applied Mathematics
#index835960

#*Perfect binary (n, 3) codes: the structure of graphs of minimum distances.
#@Sergey V. Avgustinovich
#t2001
#cDiscrete Applied Mathematics
#index835961

#*Vertex characterization of partition polytopes of bipartitions and of planar point sets.
#@Sharon Aviran,Nissan Lev-Tov,Shmuel Onn,Uriel G. Rothblum
#t2002
#cDiscrete Applied Mathematics
#index835962
#%835813
#%1013298
#%1627737
#!The partition problem concerns the partitioning of n given vectors in d-space into p parts, so as to maximize an objective function which is convex on the sum of vectors in each part. The problem has applications in diverse fields that include clustering, inventory, scheduling and statistical hypothesis testing. Since the objective function is convex, the partition problem can be reduced to the problem of maximizing the same objective over the partition polytope, defined to be the convex hull of all solutions. In this article we completely characterize the vertices of partition polytopes when either d=2 or p=2, and determine the maximum number of vertices of any partition polytope of n vectors when d=2 or p=2 up to a constant factor. Our characterization implies a bijection between vertices of the polytope of 0-separable partitions, and is best possible in the sense that there are examples in the literature showing the analogue fails already for p=d=3. Our enumerative results provide lower bounds on the time complexity needed to solve the partition problem when the objective function is presented by an oracle.

#*On the binary solitaire cone.
#@David Avis,Antoine Deza
#t2001
#cDiscrete Applied Mathematics
#index835963

#*Reverse Search for Enumeration.
#@David Avis,Komei Fukuda
#t1996
#cDiscrete Applied Mathematics
#index835964

#*Container ship stowage problem: complexity and connection to the coloring of circle graphs.
#@Mordecai Avriel,Michal Penn,Naomi Shpirer
#t2000
#cDiscrete Applied Mathematics
#index835965

#*Homotopy in digital spaces.
#@Rafael Ayala,Eladio Domínguez,Angel R. Francés,Antonio Quintero
#t2003
#cDiscrete Applied Mathematics
#index835966
#%1089014
#%153955
#%154136
#%154138
#!The main contribution of this paper is a new extrinsic digital fundamental group that can be readily generalized to define higher homotopy groups for arbitrary digital spaces. We show that the digital fundamental group of a digital object is naturally isomorphic to the fundamental group of its continuous analogue. In addition, we state a digital version of the Seifert-Van Kampen theorem.

#*Digital homotopy with obstacles.
#@Rafael Ayala,Eladio Domínguez,Angel R. Francés,Antonio Quintero
#t2004
#cDiscrete Applied Mathematics
#index835967
#%1089014
#%153955
#%835966
#%153979
#%834093
#%834100
#%153951
#%137281
#!In (Ayala et al. (Discrete Appl. Math. 125 (1) (2003) 3) it was introduced the notion of a digital fundamental group π1d(O/S; σ) for a set of pixels O in relation to another set S which plays the role of an obstacle. This notion intends to be a generalization of the digital fundamental groups of both digital objects and their complements in a digital space. However, the suitability of this group was only checked for digital objects in that paper. As a sequel, we extend here the results in Ayala et al. (2003) for complements of objects. More precisely, we prove that for arbitrary digital spaces the group π1d(O/S; σ) maps onto the usual fundamental group of the difference of continuous analogues |AO ∪ S| - |AS|. Moreover, this epimorphism turns to be an isomorphism for a large class of digital spaces including most of the examples in digital topology.

#*On-line scheduling with precedence constraints.
#@Yossi Azar,Leah Epstein
#t2002
#cDiscrete Applied Mathematics
#index835968

#*The bisection width and the isoperimetric number of arrays.
#@M. Cemil Azizoglu,Ömer Eeciolu
#t2004
#cDiscrete Applied Mathematics
#index835969

#*Decomposition of integer matrices and multileaf collimator sequencing.
#@Davaatseren Baatar,Horst W. Hamacher,Matthias Ehrgott,Gerhard J. Woeginger
#t2005
#cDiscrete Applied Mathematics
#index835970
#%759
#%837036
#%1024197
#!In this paper, we consider the problem of decomposing an integer matrix into a weighted sum of binary matrices that have the strict consecutive ones property. This problem is motivated by an application in cancer radiotherapy planning, namely the sequencing of multileaf collimators to realize a given intensity matrix. In addition, we also mention another application in the design of public transportation. We are interested in two versions of the problem, minimizing the sum of the coefficients in the decomposition (decomposition time) and minimizing the number of matrices used in the decomposition (decomposition cardinality). We present polynomial time algorithms for unconstrained and constrained versions of the decomposition time problem and prove that the (unconstrained) decomposition cardinality problem is strongly NP-hard. For the decomposition cardinality problem, some polynomially solvable special cases are considered and heuristics are proposed for the general case.

#*Sequential and simultaneous aggregation of diophantine equations.
#@Djangir A. Babayev,Sahib S. Mardanov
#t1994
#cDiscrete Applied Mathematics
#index835971

#*Recognition and Isomorphism of Tree-like P-connected Graphs.
#@Luitpold Babel
#t2000
#cDiscrete Applied Mathematics
#index835972

#*Triangulating Graphs with Few P's.
#@Luitpold Babel
#t1998
#cDiscrete Applied Mathematics
#index835973

#*Recognizing the P-structure of Bipartite Graphs.
#@Luitpold Babel,Andreas Brandstädt,Van Bang Le
#t1999
#cDiscrete Applied Mathematics
#index835974

#*Algorithms for on-line bin-packing problems with cardinality constraints.
#@Luitpold Babel,Bo Chen,Hans Kellerer,Vladimir Kotov
#t2004
#cDiscrete Applied Mathematics
#index835975
#%950915
#%951871
#%950916
#%137156
#%269017
#%950989
#%839192
#%934288
#!The bin-packing problem asks for a packing of a list of items of sizes from (0,1] into the smallest possible number of bins having unit capacity. The k-item bin-packing problem additionally imposes the constraint that at most k items are allowed in one bin. We present two efficient on-line algorithms for this problem. We show that, for increasing values of k, the bound on the asymptotic worst-case performance ratio of the first algorithm tends towards 2 and that the second algorithm has a ratio of 2. Both algorithms considerably improve upon the best known result of an algorithm, which has an asymptotic bound of 2.7 on its ratio. Moreover, we improve known bounds for all values of k by presenting on-line algorithms for k = 2 and 3 with bounds on their ratios close to optimal.

#*On the Structure of Graphs with Few Ps.
#@Luitpold Babel,Stephan Olariu
#t1998
#cDiscrete Applied Mathematics
#index835976

#*On the p-connectedness of Graphs - A Survey.
#@Luitpold Babel,Stephan Olariu
#t1999
#cDiscrete Applied Mathematics
#index835977

#*Hard-to-color Graphs for Connected Sequential Colorings.
#@Luitpold Babel,Gottfried Tinhofer
#t1994
#cDiscrete Applied Mathematics
#index835978

#*Enumeration of Acyclic Walks in a Graph.
#@Darko Babic,Ante Graovac
#t1993
#cDiscrete Applied Mathematics
#index835979

#*Möbius Inversion on a Poset of a Graph and Its Acyclic Subgraphs.
#@Darko Babic,Nenad Trinajstic
#t1996
#cDiscrete Applied Mathematics
#index835980

#*The Simulated Trading Heuristic for Solving Vehicle Routing Problems.
#@Achim Bachem,Winfried Hochstättler,Martin Malich
#t1996
#cDiscrete Applied Mathematics
#index835981

#*On the growth of components with non-fixed excesses.
#@Anne-Elisabeth Baert,Vlady Ravelomanana,Loÿs Thimonier
#t2003
#cDiscrete Applied Mathematics
#index835982
#%1052053
#!Denote by an l-component a connected graph with l edges more than vertices. We prove that the expected number of creations of (l + 1)-component, by means of adding a new edge to an l-component in a randomly growing graph with n vertices, tends to 1 as l,n tends to ∞ but with l=o(n1/4). We also show, under the same conditions on l and n, that the expected number of vertices that ever belong to an l-component is ∼ (12l)1/3n2/3.

#*Nonoverlapping Local Alignments (weighted Independent Sets of Axis-parallel Rectangles).
#@Vineet Bafna,Babu O. Narayanan,R. Ravi
#t1996
#cDiscrete Applied Mathematics
#index835983
#!We consider the following problem motivated by an application in computational molecular biology. We are given a set of weighted axis-parallel rectangles such that for any pair of rectangles and either axis, the projection of one rectangle does not enclose that of the other. Define a pair to be independent if their projections in both axes are disjoint. The problem is to find a maximum-weight independent subset of rectangles. We show that the problem is NP-hard even in the uniform case when all the weights are the same. We analyze the performance of a natural local- improvement heuristic for the general problem and prove a performance ration of 3.25. We extend the heuristic to the problem of finding a maximum-weight independent set in (d+1)-claw free graphs, and show a tight performance ration of (d - 1 + (1/d)). A performance ratio of d/2 was known for the heuristic when applied to the uniform case. Our contributions are proving the hardness of the problem and providing a tight analysis of the local-improvement algorithm for the general weighted case.

#*Gossiping with Multiple Sends and Receives.
#@Anindo Bagchi,Edward F. Schmeichel,S. Louis Hakimi
#t1996
#cDiscrete Applied Mathematics
#index835984

#*2-satisfiability and Diagnosing Faulty Processors in Massively Parallel Computing Systems.
#@Ansuman Bagchi,Brigitte Servatius,Weigeng Shi
#t1995
#cDiscrete Applied Mathematics
#index835985

#*A Survey of Integrity.
#@Kunwarjit S. Bagga,Lowell W. Beineke,Wayne Goddard,Marc J. Lipman,Raymond E. Pippert
#t1992
#cDiscrete Applied Mathematics
#index835986

#*Experimental Behavior of an Interior Point Cutting Plane Algorithm for Convex Programming: An Application to Geometric Programming.
#@O. Bahn,Jean-Louis Goffin,Jean-Philippe Vial,O. Du Merle
#t1994
#cDiscrete Applied Mathematics
#index835987

#*Expected Value Expansions in Rooted Graphs.
#@Alison Bailey,Gary Gordon,Matthew Patton,Jennifer Scancella
#t2003
#cDiscrete Applied Mathematics
#index835988
#%837056
#%831186
#%838134
#%848997
#%839309
#%852794
#!When G is a rooted graph where each edge may independently succeed with probability p, we consider the expected number of vertices in the operational component of G containing the root. This expected value EV(G; p) is a polynomial in p. We present several distinct equivalent formulations of EV(G; p), unifying prior treatments of this topic. We use results on network resilience (introduced by Colbourn) to obtain complexity results for computing EV(G; p). We use some of these formulations to derive closed form expressions for EV(G; p) for some specific classes of graphs. We conclude by considering optimality questions for rooted graphs, root placement and some counterexamples.

#*On the dominant of the Steiner 2-edge connected subgraph polytope.
#@Mourad Baïou
#t2001
#cDiscrete Applied Mathematics
#index835989

#*Many-to-many matching: stable polyandrous polygamy (or polygamous polyandry).
#@Mourad Baïou,Michel Balinski
#t2000
#cDiscrete Applied Mathematics
#index835990

#*Dynamic maintenance and visualization of molecular surfaces.
#@Chandrajit L. Bajaj,Valerio Pascucci,Ariel Shamir,Robert J. Holt,Arun N. Netravali
#t2003
#cDiscrete Applied Mathematics
#index835991
#%605828
#%1058461
#%1119082
#%837909
#%660703
#%219466
#%610162
#%1118989
#%593240
#%1119179
#%111441
#%835887
#%623990
#%110676
#%780145
#%836662
#%1133560
#%1119571
#%649766
#!Molecular surface computations are often necessary in order to perform synthetic drug design. A critical step in this process is the computation and update of an exact boundary representation for the molecular surface (e.g. the Lee--Richards surface). In this paper we introduce efficient techniques for computing a molecular surface boundary representation as a set of non-uniform rational B-splines patches. This representation introduces for molecules the same geometric data structure used in the solid modeling community and enables immediate access to a wide range of modeling operations and techniques. Furthermore, this allows the use of any general solid modeling or visualization system as a molecular modeling interface. However, using such a representation in a molecular modeling environment raises several efficiency and update constraints, especially in a dynamic setting. For example, changes in the probe radius result in both geometric and topological changes to the set of patches. Our techniques provide the option of trading accuracy of the representation for the efficiency of the computation, while still tracking the changes in the set of patches. In particular, we discuss two main classes of dynamic updates: one that keeps the topology of the molecular configuration fixed, and a more complicated case were the topology may be updated continuously. In general the generated output surface is represented in a format that can be loaded into standard solid modeling systems. It can also be directly triangulated or rendered, possibly at different levels of resolution, by a standard graphics library such as OpenGL without any additional effort.

#*All-pairs-shortest-length on Strongly Chordal Graphs.
#@V. Balachandhran,C. Pandu Rangan
#t1996
#cDiscrete Applied Mathematics
#index835992

#*Disjunctive Programming: Properties of the Convex Hull of Feasible Points.
#@Egon Balas
#t1998
#cDiscrete Applied Mathematics
#index835993

#*On the Dimension of Projected Polyhedra.
#@Egon Balas,Maarten Oosten
#t1998
#cDiscrete Applied Mathematics
#index835994

#*Lift-and-project for Mixed 0-1 programming: recent progress.
#@Egon Balas,Michael Perregaard
#t2002
#cDiscrete Applied Mathematics
#index835995
#%1013382
#%1013421
#%835993
#%406659
#!This article reviews the disjunctive programming or lift-and-project approach to 0-1 programming, with an emphasis on recent developments. Disjunctive programming is optimization over unions of polyhedra. The first three sections of the paper define basic concepts and introduce the two fundamental results underlying the approach. Thus, section 2 describes the compact higher dimensional representation of the convex hull of a union of polyhedra, and its projection on the original space; whereas section 3 is devoted to the sequential convexifiability of facial disjunctive programs, which include mixed 0-1 programs. While these results originate in Balas' work in the early- to mid-seventies, some new results are also included: it is shown that on the higher dimensional polyhedron representing the convex hull of a union of polyhedra, the maximum edge-distance between any two vertices in 2. Also, it is shown that in the process of sequential convexification of a 0-1 program, fractional intermediate values of the variables can occur only under very special circumstances. The next section relates the above results to the matrix-cone approach of Lovász and Schrijver and of Sherali and Adams. Section 5 introduces the lift-and-project cuts of Balas, Ceria and Cornuéjols from the early nineties, and discusses the cut generating linear program (CGLP), cut lifting and cut strengthening. The next section briefly outlines the branch and cut framework in which the lift-and-project cuts turned out to be computationally useful, while section 7 discusses some crucial aspects of the cut generating procedure: alternative normalizations of (CGLP), complementarity of the solution components, size reduction of (CGLP), and ways of deriving multiple cuts from a disjunction. Finally, section 8 discusses computational results in branch-and-cut mode as well as in cut-and-branch mode.

#*Linear-Time Separation Algorithms for the Three-Index Assignment Polytope.
#@Egon Balas,Liqun Qi
#t1993
#cDiscrete Applied Mathematics
#index835996

#*Reconstruction of 8-connected but not 4-connected hv-convex discrete sets.
#@Péter Balázs,Emese Balogh,Attila Kuba
#t2005
#cDiscrete Applied Mathematics
#index835997
#%154101
#%930570
#%1092758
#%854250
#%835172
#%1089122
#%1093130
#%934447
#!The reconstruction of 8-connected but not 4-connected hv-convex discrete sets from few projections is considered. An algorithm is given with worst case complexity of O(mn min{m, n}) to reconstruct all sets with given horizontal and vertical projections. Experimental results are also presented. It is shown, that using also the diagonal projections the algorithm can be speeded up having complexity of O(mn) and in this case the solution is uniquely determined. Finally, we consider the possible generalizations of our results to solve the problem in more general classes.

#*A Unified Approach to Polynomially Solvable Cases of Integer non-separable Quadratic optimization.
#@Ross Baldick
#t1995
#cDiscrete Applied Mathematics
#index835998

#*A Linear Time and Space Algorithm to Regonize Interval Orders.
#@Philippe Baldy,Michel Morvan
#t1993
#cDiscrete Applied Mathematics
#index835999

#*A Kinetic Approach to the Random F-graph Process. Paths, Cycles and Components.
#@Krystyna T. Balinska,Henryk Galina,Louis V. Quintas,Jerzy Szymanski
#t1996
#cDiscrete Applied Mathematics
#index836000

#*Two-path Subsets: Efficient Counting and Applications to Performability Analysis.
#@Michael O. Ball,Jane N. Hagstrom,J. Scott Provan
#t1998
#cDiscrete Applied Mathematics
#index836001

#*Measures on monotone properties of graphs.
#@József Balogh,Béla Bollobás,David Weinreich
#t2002
#cDiscrete Applied Mathematics
#index836002

#*Some Models for Scheduling Parallel Programs with Communication Delays.
#@Evripidis Bampis,Frédéric Guinand,Denis Trystram
#t1997
#cDiscrete Applied Mathematics
#index836003

#*Introduction.
#@Evripidis Bampis,Klaus Jansen
#t2006
#cDiscrete Applied Mathematics
#index836004

#*Approximation Algorithms for Multi-Dimensional Assignment Problems with Decomposable Costs.
#@Hans-Jürgen Bandelt,Yves Crama,Frits C. R. Spieksma
#t1994
#cDiscrete Applied Mathematics
#index836005

#*Absolute Reflexive Retracts and Absolute Bipartite Retracts.
#@Hans-Jürgen Bandelt,Martin Farber,Pavol Hell
#t1993
#cDiscrete Applied Mathematics
#index836006

#*Quasi-median graphs from sets of partitions.
#@Hans-Jürgen Bandelt,Katharina T. Huber,Vincent Moulton
#t2002
#cDiscrete Applied Mathematics
#index836007
#%611120
#%837629
#%520
#%974448
#%851262
#%848027
#%1061697
#%853273
#!In studies of molecular evolution, one is typically confronted with the task of inferring a phylogenetic tree from a set X of sequences of length n over a finite alphabet Λ. For studies that invoke parsimony, it has been found helpful to consider the quasi-median graph generated by X in the Hamming graph Λn. Although a great deal is already known about quasi-median graphs (and their algebraic counterparts), little is known about the quasi-median generation in Λn starting from a set X of vertices. We describe the vertices of the quasi-median graph generated by X in terms of the coordinatewise partitions of X. In particular, we clarify when the generated quasi-median graph is the so-called relation graph associated with X. This immediately characterizes the instances where either a block graph or the total Hamming graph is generated.

#*On the Complexity of Hamiltonian Path and Cycle Problems in Certain Classes of Digraphs.
#@Jørgen Bang-Jensen,Gregory Gutin
#t1999
#cDiscrete Applied Mathematics
#index836008

#*Properly Coloured Hamiltonian Paths in Edge-coloured Complete Graphs.
#@Jørgen Bang-Jensen,Gregory Gutin,Anders Yeo
#t1998
#cDiscrete Applied Mathematics
#index836009
#!We consider edge-coloured complete graphs. A path or cycle $Q$ is called properly coloured (PC) if any two adjacent edges of $Q$ differ in colour. Our note is inspired by the following conjecture by B. Bollob\''as and P. Erd\H os (1976) : if $G$ is an edge-coloured complete graph on $n$ vertices in which the maximum monochromatic degree of every vertex is less than $\lfloor{}n/2\rfloor{}$, then $G$ contains a PC Hamiltonian cycle. We prove that if an edge-coloured complete graph contains a PC 2-factor then it has a PC Hamiltonian path. R. H\aggkvist (1996) announced that every edge-coloured complete graph satisfying Bollob\''as-Erd\H os condition contains a PC 2-factor. These two results imply that every edge-coloured complete graph satisfying Bollob\''as-Erd\H os condition has a PC Hamiltonian path.";2;[679367, 1473607, 629085, 5447188, 620614, 11472, 997453, 3268495, 747980, 651050, 190212, 8366, 10884, 11515519, 547823, 30669872, 20656226, 2163153, 33521, 11229, 11229, 11229, 11229, 11229, 11229, 11229, 11229, 11229, 11229, 11229, 11229, 11229, 11229, 11229, 11229, 11229, 11229, 11229, 11229, 11229, 11229, 11229, 11229, 278485, 759676, 547823, 1413083, 42213, 8366, 10884, 759676, 547823, 1433373, 11515519, 11471, 82435, 17514, 11563, 1304193, 5962, 1413083, 2744099, 5179154, 4049983, 26401, 11472, 28106657, 8366, 11515519, 21162272, 10884, 17641254, 11515519, 547823, 25342, 65943, 5227343, 2744099, 11471, 17737, 217608, 7888149, 824, 141488, 624511, 941049, 12788459, 33521, 11229, 11563, 217608, 585230, 11348, 824, 11563, 141488, 1137726, 510662, 1137726, 11563, 173106, 1137726, 141488, 864930, 2995644, 180907, 7888149, 1137726, 217608, 141488, 8436, 824, 141488, 5156624, 30598240, 170071, 33923, 190212, 33521, 7135231, 15621234, 576781, 709234, 33521, 11019, 170071, 33521, 11563, 3711325, 4784693, 12901049, 33521, 11229, 11229, 840247, 18388296, 556, 2091584, 9887, 18388296, 36161, 9887, 2091584, 133346, 36161, 180309, 5627870, 556, 1304193, 33111, 180309, 133346, 133346, 11563, 556, 11563, 1075, 28561969, 33111, 25269, 41690, 1103, 1781447, 1739040, 179310, 837, 8366, 1075, 12335479, 27058, 11442, 1137726, 11442, 80831, 51028, 90604, 2670311, 2246251, 33521, 11229, 11229, 11229, 11229, 11229, 11229, 11229, 11229, 11229, 11229, 11229, 11229, 11423, 18373, 82435, 11423, 182333, 132629, 18373, 2796622, 11423, 134566, 167, 11563, 177646, 1304193, 185958, 133346, 185958, 133346, 759676, 8366, 166142, 759676, 82604, 80831, 486902, 376, 80831, 11442, 11423, 5447188, 39908, 759676, 486902, 134566, 2290680, 2303305, 5190563, 11442, 200726, 759676, 8366, 759676, 2995644, 37156, 11442, 11563, 5186647, 185958, 2995644, 80831, 2199864, 8366, 82604, 190212, 60755091, 4784693, 12901049, 16908530, 33521, 19821, 12136, 17101022, 16875793, 2255316, 278485, 33521, 278485, 131841, 19821, 17514, 271680, 2995644, 1646493, 3493021, 17101022, 17514, 547823, 19821, 547823, 18373, 17101022, 19821, 18373, 17101022, 19821, 547823, 17101022, 2667413, 11471, 20653248, 2271896, 4784693, 173767, 650375, 33521, 21072507, 8441, 190212, 33521, 4048186, 7573783, 57657, 16931963, 5113519, 33521, 4479242, 17514, 28510, 36161, 22979243, 33521, 11229, 11229, 11229, 11472, 151885, 4479242, 39546, 5128386, 4479242, 17514, 723897, 36161, 28561969, 272404, 24743362, 759676, 837, 28561969, 4479242, 11472, 4479242, 8188561, 36161, 9284735, 1342648, 141488, 12404, 57657, 33521, 8366, 1060343, 17514, 332903, 278485, 22979243, 33521, 11229, 11229, 332903, 17514, 133346, 17514, 759676, 1060343, 11471, 11472, 4479242, 17514, 190212, 16736785, 60755091, 461499, 57657, 12404, 33521, 17514, 11563, 22979243, 1191071, 278485, 33521, 11229, 11229, 29142, 595523, 461499, 17514, 595523, 36161, 8366, 506041, 623, 278485, 668427, 33521, 11229, 11229, 11229, 161973, 6501338, 14536140, 976521, 266237, 169489, 976521, 11472, 161973, 161973, 662591, 7401, 237525, 205, 161973, 4353278, 266237, 161973, 11472, 8366, 83478, 161973, 17525443, 20978643, 1329910, 8366, 315, 44649, 8366, 17525443, 11472, 101965, 8366, 334600, 17514, 1060343, 22979243, 1191071, 33521, 11229, 11229, 11229, 11229, 11229, 21162272, 36161, 17514, 4479242, 17514, 21162272, 5447188, 11472, 2995644, 2751586, 199, 8366, 1321906, 595523, 17514, 263478, 2748415, 17104046, 8441, 190212, 33521, 154037, 127332, 4716246, 484023, 395, 22344480, 8441, 33521, 11229, 11229, 190212, 3732569, 278485, 33521, 4503831, 103184, 8188561, 1951366, 579262, 937228, 937228, 17013331, 11366, 8188561, 579262, 28106657, 579262, 4479242, 2513496, 183252, 997453, 130901, 7449567, 4153227, 8242, 8188561, 579262, 8188561, 579262, 11348, 4479242, 6723621, 6057290, 7449567, 7449567, 8188561, 28602, 28602, 7907894, 242767, 8441, 33923, 33521, 11229, 11229, 11229, 11229, 11229, 11229, 11472, 28602, 1137726, 28602, 7907894, 242767, 984063, 1761598, 36161, 128751, 36161, 198981, 194112, 8366, 213381, 913598, 18618755, 8273600, 1920728, 290812, 431220, 955175, 33521, 11229, 11229, 11229, 11229, 11229, 11229, 11229, 11229, 11229, 11229, 8366, 913598, 4915407, 24743362, 17514, 8366, 190686, 200694, 362031, 8366, 723897, 362031, 8366, 4049983, 207643, 4049983, 101965, 1034411, 17514, 1304193, 133346, 621751, 190212, 2492012, 2024396, 278485, 33521, 11229, 2083958, 7754, 42848, 18618755, 431220, 33521, 11229, 11229, 11229, 11229, 11229, 11229, 11229, 1172284, 334401, 44528, 2083958, 185148, 1133, 6422240, 334401, 199, 2083958, 185148, 36161, 334401, 3052382, 2083958, 486902, 271680, 7754, 22983, 190686, 213381, 11472, 8366, 213381, 2083958, 1172284, 11471, 17148708, 8366, 190686, 41513, 16881743, 1291626, 942353, 1034411, 8366, 1172284, 7401, 11472, 2995644, 170198, 101965, 189533, 2524240, 2083958, 11348, 461499, 2745103, 28229457, 33521, 11229, 11229, 11229, 11229, 11229, 11348, 4049983, 625303, 42848, 120812, 11563, 1664689, 1473607, 759676, 618, 618, 11348, 11563, 1091875, 11348, 11563, 1091875, 4479242, 984063, 1350299, 8366, 2083958, 7754, 42848, 18618755, 431220, 33521, 11229, 11229, 11229, 11229, 11229, 11229, 131795, 82818, 334401, 175116, 12503, 20978643, 7754, 22983, 334634, 36161, 334401, 864930, 11653, 2083958, 334401, 11563, 50701, 428148, 189533, 2083958, 8366, 760170, 2083958, 189533, 362031, 760170, 2083958, 1761598, 1193832, 1798167, 3052382, 1172284, 11348, 1091875, 2745103, 28229457, 33521, 11229, 11229, 11229, 11229, 11229, 11229, 11472, 11348, 6422240, 1091875, 1091875, 1350299, 1190160, 201, 334113, 5447188, 1664689, 11348, 6422240, 3815907, 4049983, 518730, 500062, 4049983, 17013331, 11348, 6422240, 322212, 184217, 4049983, 2995644, 2811, 180309, 759676, 1190160, 334113, 3815907, 184217, 18618755, 431220, 1191071, 1814600, 183, 33521, 11229, 11229, 11229, 11229, 11229, 11229, 11229, 11229, 11229, 11229, 190686, 21162272, 11563, 17514, 461499, 17525443, 17525443, 11563, 21162272, 1780131, 482980, 11471, 11563, 4479242, 17514, 11472, 2995644, 2751586, 170084, 223642, 17514, 11442, 1055845, 761631, 1516780, 7233420, 461499, 1034411, 21162272, 467840, 2839213, 33521, 190212, 334231, 8087, 11563, 864930, 760170, 21489057, 8641, 278485, 33521, 11229, 11229, 11229, 11229, 11229, 11229, 11229, 334231, 1466519, 11563, 864930, 595364, 36253, 44528, 334231, 4479242, 595364, 44528, 65943, 21255975, 760170, 31924, 8188561, 8188561, 595364, 11538, 2878, 190212, 547823, 21450256, 4354391, 13422248, 695556, 33521, 134164, 2744099, 2745103, 938985, 33521, 190212, 16736785, 4021891, 3755540, 395, 720547, 40008974, 180309, 1473607, 43260, 300942, 257326, 33521, 4103820, 1154420, 605849, 395, 190212, 1710083, 474715, 300942, 43399, 33521, 254774, 2584148, 33521, 278485, 7430, 8223839, 834127, 2573233, 42827, 33521, 190212, 10585806, 22222748, 8441, 2085488, 1388088, 33521, 148742, 15669435, 16736785, 610615, 17148194, 8441, 395, 5450382, 1783930, 1290, 190212, 9200, 300942, 91638, 33521, 2456058, 6103861, 43399, 7953, 657185, 33521, 190212, 5259307, 11049832, 33521, 11229, 11229, 11229, 11229, 759676, 5962, 26401, 18373, 133346, 1196873, 706622, 11472, 759676, 5259307, 43512, 1196873, 837, 14392, 837, 5259307, 837, 282364, 14423, 11563, 1304193, 18373, 82435, 11563, 133346, 18373, 12136, 33622550, 5962, 5962, 11563, 133346, 5962, 3236003, 826467, 837, 17514, 3490724, 5156624, 48674419, 33521, 65943, 6042592, 17148194, 6951521, 33521, 11229, 11229, 11229, 11229, 759676, 1091875, 12503, 50701, 12136, 194112, 11344, 44337, 9887, 11344, 9887, 194112, 11344, 864930, 214981, 1091875, 40056, 8188561, 12136, 214981, 40056, 8188561, 11563, 50701, 194112, 11344, 194112, 12503, 82818, 125977, 278485, 33521, 278485, 28561969, 28561969, 1900125, 161519, 759676, 5962, 5962, 126017, 5962, 82818, 156389, 4169, 2796622, 28561969, 5447188, 759676, 101072, 6501338, 6422240, 5447188, 278485, 65085897, 7250211, 7573783, 3295320, 33521, 11229, 190212, 759676, 207643, 19864629, 33521, 11229, 11229, 11229, 11229, 11229, 11229, 11229, 11229, 11229, 11229, 984063, 1072174, 935662, 58778, 1082910, 11563, 935662, 759676, 486902, 11366, 182995, 483247, 935662, 837, 760170, 11471, 185451, 362031, 190686, 58778, 4116631, 190686, 5447188, 309314, 11471, 1202245, 21162272, 35140, 8366, 759676, 1053535, 478798, 174984, 199, 166154, 1250322, 199, 11471, 2202883, 8188561, 21162272, 4686406, 28510, 11366, 182995, 1761598, 190258, 29463760, 6671777, 42848, 980509, 542929, 45715, 45581, 8441, 763741, 5490180, 33521, 190212, 16736785, 5441226, 5336626, 1814600, 183, 33521, 190212, 16736785, 969536, 33521, 11229, 2221906, 141488, 133346, 36253, 133346, 200726, 194112, 185148, 13649246, 3549199, 133346, 13649246, 11471, 7590, 133346, 5447188, 4729246, 2221906, 14392, 245962, 133346, 14392, 2221906, 837, 690182, 2221906, 13649246, 1055112, 21502141, 1905968, 120, 33521, 11229, 11229, 11229, 11229, 11229, 11229, 11229, 11229, 132629, 76505, 560398, 11563, 53060, 11472, 723897, 132629, 11348, 11348, 133250, 13361286, 133250, 4049983, 11348, 191118, 581168, 21199, 9659, 53060, 11348, 5166524, 184148, 837, 200798, 33521, 16736785, 190212, 1207872, 33521, 5179154, 1361088, 4915407, 179718, 157098, 278485, 395, 190212, 8188561, 751319, 127332, 16341302, 33521, 190212, 166382, 19895706, 33521, 2294, 4724371, 16736785, 127332, 7754630, 16341302, 395, 190212, 837, 9887, 141488, 127332, 491372, 28729974, 395, 16736785, 16341302, 9181, 33521, 4724371, 1762735, 9887, 20089978, 491372, 28729974, 14936686, 190212, 33521, 385063, 33521, 11229, 11229, 240464, 1058754, 141488, 36253, 133346, 133346, 141488, 185148, 36253, 133346, 36253, 133346, 194112, 185148, 13649246, 194112, 36253, 133346, 5447188, 759676, 837, 864930, 185148, 13649246, 1058754, 837, 141488, 6671777, 759676, 8188561, 11563, 133346, 36253, 11197, 11348, 11563, 133346, 7881229, 2995644, 17737, 185148, 1333872, 15078788, 1527816, 282220, 76, 33521, 188889, 6723621, 6671777, 17514, 126017, 2744099, 33521, 1082910, 36161, 20165, 6577515, 209378, 395, 11229, 11229, 11229, 1065968, 866399, 21199, 44528, 9884, 180309, 4169, 2294, 11348, 218005, 44528, 7401, 759676, 166142, 190109, 622825, 41719, 815410, 2271896, 11348, 1065968, 759676, 3880557, 1082910, 1138624, 5447188, 103184, 1304193, 1082910, 11563, 1304193, 1082910, 44528, 1405186, 2667413, 180907, 1304193, 747980, 1082910, 173253, 12335479, 8242, 485067, 2294, 214796, 2995644, 10585806, 2393193, 1065968, 11348, 217123, 2056928, 16320113, 791134, 1758863, 33521, 760170, 791134, 299179, 395, 723897, 31924, 5121450, 190212, 49117, 3119295, 395, 4169, 278485, 15540752, 27643894, 212156, 20962491, 278485, 33521, 11229, 11229, 11229, 11229, 25096743, 11472, 662830, 1626416, 4169, 662830, 488383, 662830, 485067, 32043, 3331189, 1296937, 690079, 264661, 15540752, 27643894, 212156, 20962491, 33521, 11229, 11229, 11229, 11229, 11229, 11229, 11229, 11229, 222, 15540752, 3208293, 395, 172008, 595523, 662830, 682, 14413, 36161, 355198, 629, 277521, 682, 214339, 264661, 595523, 170084, 662830, 488383, 242767, 4169, 83478, 488383, 11472, 261636, 2995644, 15540752, 222, 172008, 242767, 488383, 4006, 4169, 83478, 682, 662830, 4658963, 485067, 1347208, 189112, 4479242, 4169, 12335479, 5276205, 2271896, 37105, 2303305, 41498, 18620837, 33521, 3128632, 11563, 186152, 1361088, 1053325, 33521, 6042601, 1764062, 959051, 44020, 20994323, 33521, 11229, 11229, 11229, 11472, 759676, 6042601, 218005, 1994977, 199, 759676, 166142, 12078, 1764062, 374703, 44337, 32043, 166142, 82604, 178512, 3331189, 759676, 218005, 50700, 339062, 11471, 11563, 44337, 339062, 4049983, 8366, 3331189, 339062, 4049983, 837, 339062, 2890061, 201413, 8188561, 16002092, 905896, 278485, 1753329, 278485, 33521, 783341, 141488, 191074, 33521, 60755091, 674, 191074, 395, 674, 4915407, 191074, 22958613, 15274454, 33521, 278485, 190212, 4724371, 37105, 987767, 3851477, 4049983, 191074, 2621234, 16251007, 7938419, 33521, 11229, 11229, 11229, 11229, 11229, 11229, 11229, 11229, 3851477, 942417, 27948, 859965, 4049983, 11563, 987767, 199, 3851477, 2303305, 5962, 987767, 8366, 37105, 759676, 194112, 5962, 8188561, 8366, 8366, 3481047, 8366, 2995644, 8366, 3481047, 864930, 194112, 8366, 37105, 5962, 864930, 3481047, 15709970, 141488, 129793, 191074, 290812, 33521, 2294, 4659915, 191074, 290812, 33521, 60755091, 610224, 1075, 4178112, 191074, 278485, 33521, 760170, 60755091, 278485, 16019403, 190212, 33521, 474715, 60755091, 610615, 201413, 278485, 19967541, 33521, 278485, 334166, 4838851, 2584148, 3295320, 33521, 191145, 11653, 2945420, 701443, 1185254, 278485, 33521, 11229, 11582, 180309, 133346, 11653, 17514, 11582, 1304193, 11563, 386724, 11582, 282364, 2796622, 844589, 11582, 180309, 11653, 17514, 1304193, 11582, 205, 11582, 214796, 12136, 11582, 11563, 1304193, 11582, 180309, 11653, 190212, 131795, 4841343, 27915355, 204418, 33521, 759676, 166142, 7202, 36161, 209, 191290, 209, 309383, 519967, 209, 191290, 519967, 309383, 759676, 177646, 209, 759676, 837, 8188561, 11423, 35140, 201413, 759676, 35140, 201413, 759676, 1060343, 11423, 17514, 35140, 9884, 9884, 3481047, 201413, 8188561, 25096743, 3236003, 759676, 7754, 8366, 8188561, 2456058, 37472434, 278835, 395, 2897866, 1350299, 3282462, 37472434, 48744071, 7495883, 33521, 190212, 1179961, 3152988, 190212, 17148194, 49162, 73081259, 44054, 63694810, 33521, 608427, 80006, 15669435, 2078279, 2897866, 157098, 213338, 278485, 33521, 3736025, 15039514, 2879858, 735072, 392302, 4677161, 33521, 11229, 11229, 11229, 11229, 11229, 11229, 18373, 7366593, 133346, 9492, 11563, 1304193, 11653, 18373, 1134817, 200125, 43260, 21485186, 3077570, 179661, 2751586, 2995644, 141488, 20996000, 723897, 3077570, 11024, 4479242, 17514, 189756, 7366593, 1134817, 596077, 899391, 747980, 1719303, 133346, 278485, 33521, 1065144, 170585, 2102979, 15769189, 33521, 1043452, 451553, 484298, 320980, 17524272, 892442, 16226063, 4802125, 278485, 33521, 11229, 11229, 11229, 11229, 11229, 11229, 11229, 11229, 11229, 11229, 11229, 11229, 11229, 11229, 11229, 11229, 11229, 11229, 11229, 12525525, 1473607, 2991682, 17525443, 205663, 12525525, 30919232, 895153, 484298, 484298, 11472, 21162272, 895153, 36161, 735256, 853614, 11369, 175263, 177634, 1200690, 182995, 3884033, 21162272, 7901733, 58778, 2991685, 23808, 853614, 2249676, 2303305, 1034411, 30919232, 617332, 54869047, 12335479, 2995644, 54869047, 36161, 208218, 21162272, 187860, 272035, 853614, 1034411, 12525525, 54869047, 36161, 208218, 4479242, 23020316, 42989, 901339, 8188561, 42989, 484298, 5470012, 58778, 207988, 210521, 337820, 178570, 14536140, 5717302, 36253, 191290, 141488, 278485, 27916088, 33521, 190212, 7250211, 1138624, 7208392, 395, 5717302, 385773, 7249430, 5717302, 1882274, 33521, 3001212, 170584, 80006, 1963461, 45581, 33521, 11229, 11229, 11229, 11229, 103184, 80006, 21162272, 132911, 170584, 80006, 181767, 1395034, 80006, 141495, 178790, 172937, 6497253, 11472, 151885, 2995644, 21162272, 6497253, 853614, 1138624, 178790, 172937, 519967, 4169, 6497253, 40056, 40056, 2995644, 42213, 5717302, 17525443, 180309, 35014, 2995644, 172937, 1138624, 178790, 172937, 126017, 1304193, 205663, 194112, 40056, 50701, 56290351, 6497253, 2995644, 42344, 27229242, 351740, 16933869, 283916, 132911, 170584, 5717302, 411844, 34653, 40056, 6545604, 3716064, 6497253, 813911, 271680, 283916, 132911, 170584, 6497253, 208084, 190686, 249772, 899805, 5447188, 4049983, 17641254, 283916, 18511800, 6497253, 2995644, 12684, 813911, 12684, 283916, 813911, 640561, 63847959, 5717302, 202742, 623429, 33521, 278485, 36161, 278485, 713585, 36724, 33521, 11229, 11229, 11229, 11229, 11229, 11229, 11229, 11229, 7820109, 36161, 519967, 8366, 8188561, 36161, 519967, 2995644, 519967, 8366, 723897, 8188561, 5447188, 170084, 2995644, 759676, 5473267, 4781716, 141495, 12503, 20685854, 33521, 190212, 43297, 9284735, 1457764, 21502246, 19901370, 1196473, 33521, 6410737, 190212, 17514, 5198195, 5156706, 21473990, 47538105, 1191071, 17536409, 33521, 817765, 5177128, 7754, 48799060, 4851182, 1682564, 4354391, 33521, 6422240, 17514, 21453734, 834127, 41370, 33521, 4044426, 3282462, 3704940, 33521, 190212, 190212, 67208596, 33521, 16736785, 20686305, 2670311, 1920728, 278485, 33521, 190212, 727927, 2670311, 3295320, 16853380, 33521, 3115592, 36161, 1082910, 2670311, 1755469, 2992346, 33521, 11229, 11229, 11229, 11229, 11229, 11229, 11229, 11229, 28106657, 856529, 759676, 242125, 28561969, 133250, 36253, 21199, 9779, 28106657, 3115592, 28561969, 17514, 321839, 3115592, 20642675, 213381, 28561969, 1304193, 1304193, 3115592, 28561969, 1071233, 1082910, 1739040, 3115592, 17514, 1739040, 1664689, 4927193, 369440, 5156624, 273037, 16736785, 16956489, 4854911, 660488, 33521, 45715, 4854911, 33043981, 43399, 33521, 45715, 817765, 11442, 16338, 133346, 1075, 263478, 319141, 4940882, 21485186, 45715, 1304193, 189533, 26401, 11442, 45715, 760170, 16338, 273037, 1931593, 45715, 12136, 760170, 16338, 2995644, 45715, 12136, 273037];"['Latin square', 'degree of a polynomial', 'multivalued function', 'solution', 'Assignment problem', 'paper', 'New class', 'facet', 'polytope', 'electron hole', 'asterisk', 'algorithm', 'tree', 'Vertex cover', 'planar graph', 'Alber', 'Frederic', 'Rolf', 'applied mathematics', 'percent', 'percent', 'percent', 'percent', 'percent', 'percent', 'percent', 'percent', 'percent', 'percent', 'percent', 'percent', 'percent', 'percent', 'percent', 'percent', 'percent', 'percent', 'percent', 'percent', 'percent', 'percent', 'percent', 'percent', 'hashtag', 'task', 'planar graph', 'parameter', 'work', 'algorithm', 'tree', 'task', 'planar graph', 'other', 'Vertex cover', 'time', 'e', 'graffiti', 'number', 'vertex', 'Boltzmann constant', 'parameter', 'Vertex Pharmaceuticals', 'Cover', 'cardinality', 'vertex', 'paper', 'model sheet', 'algorithm', 'Vertex cover', 'means', 'tree', 'Andrew John Henry Way', 'Vertex cover', 'planar graph', 'power', 'theorem', 'data reduction', 'Vertex Pharmaceuticals', 'time', 'theory', 'fixed point', 'Maximal independent set', 'Oregon', 'graph', 'Aracena', 'Jacques', 'Eric', 'applied mathematics', 'percent', 'number', 'fixed point', 'Boolean network', 'function', 'Oregon', 'number', 'graph', 'directed graph', 'ring road', 'directed graph', 'number', 'network node', 'directed graph', 'graph', 'Bound', 'result', 'bijection', 'Maximal independent set', 'directed graph', 'fixed point', 'graph', 'family', 'Oregon', 'graph', 'Complexity', 'Machine', 'Josef Albers', 'Peter', 'asterisk', 'applied mathematics', 'parametric polymorphism', 'Arai', 'Ueno', 'Yoji', 'applied mathematics', 'machine', 'Josef Albers', 'applied mathematics', 'number', 'speed', 'Arbib', 'Michele', 'applied mathematics', 'percent', 'percent', 'hypergraph', 'V', 'hydrogen', ""Young's modulus"", 'Α', 'V', 'set', 'Α', ""Young's modulus"", 'border', 'set', 'hyphen', 'H.', 'hydrogen', 'vertex', 'Corsican', 'hyphen', 'border', 'border', 'number', 'hydrogen', 'number', 'color', 'XXXTentacion', 'Corsican', 'joule', 'golden ratio', 'iodine', 'computer configuration', 'Kent Williams', 'computing', 'Nepal', 'algorithm', 'color', 'template', 'approximation', 'bicycle', 'directed graph', 'bicycle', 'integrated circuit', 'Prince Albert of Prussia', 'Bernhard Korte', 'Jürgen', 'Jens', 'applied mathematics', 'percent', 'percent', 'percent', 'percent', 'percent', 'percent', 'percent', 'percent', 'percent', 'percent', 'percent', 'percent', 'mass', 'gravitational constant', 'e', 'mass', 'gas constant', 'electrical network', 'gravitational constant', 'mean', 'mass', 'weighing scale', 'pi', 'number', 'subset', 'vertex', 'float', 'border', 'float', 'border', 'task', 'algorithm', 'application', 'task', 'design', 'integrated circuit', 'mathematical model', 'clock', 'integrated circuit', 'bicycle', 'mass', 'solution', 'trousers', 'task', 'mathematical model', 'weighing scale', 'Situation', 'constraint', 'accountability', 'bicycle', 'probability distribution', 'task', 'algorithm', 'task', 'result', 'IBM', 'bicycle', 'number', 'Critical Path', 'float', 'result', 'integrated circuit', 'duration', 'algorithm', 'design', 'asterisk', 'Graph', 'Arbib', 'Michele', 'Enrico', 'applied mathematics', 'triangle', 'disease', 'clique graph', 'Alcón', 'Gutiérrez', 'hashtag', 'applied mathematics', 'hashtag', 'idea', 'triangle', 'graffiti', 'software framework', 'result', 'Roberts', 'Spencer', 'clique graph', 'graffiti', 'planar graph', 'triangle', 'planar graph', 'gravitational constant', 'clique graph', 'triangle', 'gravitational constant', 'clique graph', 'triangle', 'planar graph', 'clique graph', 'characterization', 'time', 'The Model', 'scheduling', 'Arbib', 'Rubén Darío', 'Stefano', 'applied mathematics', 'Parovi', 'man', 'asterisk', 'applied mathematics', 'Representations', 'Sparse', 'Raila Odinga', 'Maheshwari', 'Christos', 'applied mathematics', 'class', 'graffiti', 'respect', 'set', 'Alekseev', 'applied mathematics', 'percent', 'percent', 'percent', 'paper', 'concept', 'class', 'tool', 'classification', 'class', 'graffiti', 'complexity', 'set', 'XXXTentacion', 'finite set', 'induced subgraph', 'task', 'Nepal', 'XXXTentacion', 'class', 'paper', 'class', 'letter case', 'set', 'Linear', 'Path', 'graph', 'Uri', 'Raila Odinga', 'applied mathematics', 'algorithm', 'independent set', 'graffiti', 'fork', 'hashtag', 'Alekseev', 'applied mathematics', 'percent', 'percent', 'fork', 'graffiti', 'border', 'graffiti', 'task', 'independent set', 'time', 'paper', 'class', 'graffiti', 'asterisk', 'Problem', 'Graph', 'transformation', 'Raila Odinga', 'Uri', 'applied mathematics', 'graffiti', 'number', 'Alekseev', 'V.', 'hashtag', 'applied mathematics', 'percent', 'percent', 'attempt', 'notion', 'transformation', 'graffiti', 'notion', 'set', 'algorithm', 'Jacobian matrix', 'carbon', 'hashtag', 'Arita', 'applied mathematics', 'percent', 'percent', 'percent', 'curve', 'attention', 'exertion', 'cryptosystem', 'algebraic curve', 'security', 'cryptosystem', 'paper', 'curve', 'curve', 'Li-2', 'part', 'technological singularity', 'infinity', 'curve', 'The Large Family', 'algebraic curve', 'curve', 'paper', 'algorithm', 'group', 'curve', 'middle', 'point of view', 'view', 'algorithm', 'language', 'ideal', 'algorithm', 'middle', 'paper', 'experiment', 'algorithm', 'practice', 'graffiti', 'independent set', 'Alekseev', 'V.', 'applied mathematics', 'percent', 'percent', 'percent', 'percent', 'percent', 'means', 'set', 'graffiti', 'class', 'graffiti', 'means', 'solution', 'paper', 'result', 'resolution', '1', 'algorithm', 'open problem', 'notion', 'graffiti', 'note', 'orientability', 'Mixed graph', 'man', 'asterisk', 'applied mathematics', 'Total S.A.', 'Charlotte Brontë', 'Ales', 'Roman type', 'mathematics', 'The Salesman', 'man', 'applied mathematics', 'percent', 'percent', 'asterisk', 'Error', 'hashtag', 'applied mathematics', 'goal', 'article', 'letter case', 'public utility', 'error function', 'property', 'property', 'feasible region', 'alternative rock', 'letter case', 'error function', 'model sheet', 'error function', 'class', 'Choice function', 'morphology', 'New class', 'binary relation', 'Semiorder', 'gap', 'literature', 'letter case', 'error function', 'letter case', 'error function', 'function', 'class', 'machine-readable data', 'Interval order', 'Semiorder', 'Semiorder', 'letter case', 'Aramaic language', 'Aramaic language', 'vacated judgment', 'complement', 'man', 'Peter', 'applied mathematics', 'percent', 'percent', 'percent', 'percent', 'percent', 'percent', 'paper', 'Aramaic language', 'directed graph', 'Aramaic language', 'vacated judgment', 'complement', 'optimization problem', 'software requirements specification', 'set', 'source code', 'set', 'target market', 'value', 'algorithm', 'generation', 'complete bipartite graph', 'Alexe', 'Sorin', 'Yves', 'Stefan Lochner', 'Peter L. Hammer', 'Bruno', 'applied mathematics', 'percent', 'percent', 'percent', 'percent', 'percent', 'percent', 'percent', 'percent', 'percent', 'percent', 'algorithm', 'complete bipartite graph', 'Bipartite', 'induced subgraph', 'graffiti', 'algorithm', 'subroutine', 'propositional logic', 'variance', 'algorithm', 'complexity', 'variance', 'algorithm', 'cardinality', 'linear map', 'cardinality', 'experiment', 'efficiency', 'graffiti', 'vertex', 'border', 'approximation algorithm', 'asterisk', 'Swedish Army', 'Clifford Stein', 'hashtag', 'applied mathematics', 'percent', 'pattern', 'mathematical analysis', 'data', 'Alexe', 'Peter L. Hammer', 'applied mathematics', 'percent', 'percent', 'percent', 'percent', 'percent', 'percent', 'percent', 'data set', 'surveillance', 'Euclidean vector', 'pattern', 'real interval', 'radon', 'property', 'surveillance', '1', 'pattern', 'real interval', 'set', 'surveillance', 'fonds', 'pattern', 'mathematical model', 'software framework', 'mathematical analysis', 'Data', 'subroutine', 'generation', 'paper', 'algorithm', 'generation', 'pattern', 'data set', 'time', 'output', 'algorithm', 'subroutine', 'William Blake', 'Quine', 'Implicant', 'boolean function', 'efficiency', 'algorithm', 'data set', 'part', 'paper', 'result', 'series', 'experiment', 'academic degree', 'robustness', 'pattern', 'function', 'transformation', 'Armstrong', 'Sheldon H. Jacobson', 'applied mathematics', 'percent', 'percent', 'percent', 'percent', 'percent', 'function', 'cardinality', 'independence', 'data', 'absolute value', 'number', 'instance', 'degree of a polynomial', 'task', 'boron', 'boron', 'function', 'number', 'Optima', 'function', 'number', 'Optima', 'class', 'optimization problem', 'Satisfiability', 'algorithm', 'pattern', 'mathematical analysis', 'data', 'Alexe', 'Peter L. Hammer', 'applied mathematics', 'percent', 'percent', 'percent', 'percent', 'percent', 'percent', 'Seth', 'railroad switch', 'surveillance', 'discrete space', 'integer', 'point of view', 'mathematical analysis', 'Data', 'Los Angeles Dodgers', 'set', 'surveillance', 'Bound', 'electronic component', 'pattern', 'surveillance', 'number', 'variable', 'regulation', 'academic degree', 'pattern', 'algorithm', 'enumerated type', 'pattern', 'academic degree', 'variance', 'enumerated type', 'pattern', 'software requirements specification', 'sign', 'coverage', 'fonds', 'data set', 'function', 'Optima', 'Armstrong', 'Sheldon H. Jacobson', 'applied mathematics', 'percent', 'percent', 'percent', 'percent', 'percent', 'percent', 'paper', 'function', 'property', 'Optima', 'Optima', 'Satisfiability', 'Max Schneider', '3', 'SAT', 'solution', 'instance', 'function', 'property', 'Knapsack', 'cardinality', 'order of magnitude', 'magnitude', 'cardinality', 'feasible region', 'function', 'property', 'Travelling Salesman Problem', 'The Smashing Pumpkins', 'cardinality', 'result', 'submarine', 'hyphen', 'task', 'Max Schneider', 'SAT', 'Knapsack', 'The Smashing Pumpkins', 'Alexe', 'Peter L. Hammer', 'V.', 'Dominique', 'Germany', 'applied mathematics', 'percent', 'percent', 'percent', 'percent', 'percent', 'percent', 'percent', 'percent', 'percent', 'percent', 'subroutine', 'means', 'number', 'graffiti', 'transformation', 'middle', 'middle', 'number', 'means', 'argument', 'author', 'time', 'number', 'class', 'graffiti', 'paper', 'result', 'resolution', 'generalization', 'interpersonal relationship', 'graffiti', 'bicycle', 'Edmonds', 'clique', 'Plummer', 'Possibility', 'transformation', 'efficiency', 'means', 'Cube', 'Alon USA', 'applied mathematics', 'asterisk', 'transference', 'geometry', 'number', 'Bound', 'enumerated type', 'Ajtai', 'Yiddish', 'hashtag', 'applied mathematics', 'percent', 'percent', 'percent', 'percent', 'percent', 'percent', 'percent', 'transference', 'geometry of numbers', 'number', 'Bound', 'lattice', 'length', 'Euclidean vector', 'transference', 'class', 'lattice', 'Euclidean vector', 'theorem', 'improvement', 'enumerated type', 'connection', 'letter case', 'letter case', 'lattice', 'mathematical proof', 'discrete Fourier transform', 'asterisk', 'planar graph', 'Alexopoulos', 'Amanda Lindhout', 'Donald', 'Bryan', 'applied mathematics', 'simplex algorithm', 'Vertex Pharmaceuticals', 'Armstrong', 'Jin', 'applied mathematics', 'asterisk', 'Problem', 'Y.', 'G.', 'mathematics', 'Jump', 'Tesla Semi', 'hyphen', 'degree of a polynomial', 'polynomial', 'von', 'La Higuera', 'applied mathematics', 'Variations', 'Subset sum problem', 'Juan Sánchez Villa-Lobos Ramírez', 'mathematics', 'asterisk', 'permutohedron', 'partially ordered set', 'von', 'Andrew', 'applied mathematics', 'Alfter', 'Winfried', 'applied mathematics', 'hashtag', 'DNA', 'nucleic acid hybridization', 'Béla Bollobás', 'Don Coppersmith', 'Gregory I', 'applied mathematics', 'asterisk', 'minimum', 'Frequency assignment', 'man', 'Agent Smith', 'Steve Hurley', 'applied mathematics', 'Alt key', 'Ahn', 'Problem', 'Integrated Truss Structure', 'S.', 'man', 'mathematics', 'Finite Automata', 'Triangle', 'Blaise Pascal', 'asterisk', 'Paul', 'von', 'Heinz-Otto Peitgen', 'applied mathematics', 'Jamie Madrox', 'J.', 'Andrew', 'Zen', 'So', 'applied mathematics', 'asterisk', 'Dense subgraph', 'Kazuo Iwama', 'applied mathematics', 'percent', 'percent', 'percent', 'percent', 'task', 'Boltzmann constant', 'vertex', 'gravitational constant', 'border', 'clique problem', 'intention', 'paper', 'task', 'Dense subgraph', 'K2', 'clique problem', 'Nepal', 'E', 'Nepal', 'Dense subgraph', 'Nepal', 'dagger', 'Υ', 'number', 'vertex', 'gravitational constant', 'e', 'number', 'border', 'gravitational constant', 'disease', 'answer', 'Boltzmann constant', 'Boltzmann constant', 'number', 'border', 'Boltzmann constant', 'hardness', 'regular graph', 'Nepal', 'graffiti', 'less-than sign', 'Complexity', 'Searching', 'applied mathematics', 'theorem', 'Integer programming', 'S.', 'N.', 'applied mathematics', 'percent', 'percent', 'percent', 'percent', 'task', 'Optima', 'integer', 'variable', 'disease', 'value', 'chemical element', 'matrix', 'Α', 'chemical element', 'Α', 'value', 'chemical element', 'Bound', 'variation', 'Optima', 'computer program', 'letter case', 'disease', 'variation', 'computer program', 'letter case', 'number', 'variable', 'value', 'chemical element', 'value', 'integer', 'railroad switch', 'vector space', 'hashtag', 'applied mathematics', 'hashtag', 'XXXTentacion', 'XXXTentacion', 'multiplication sign', 'permutation', 'task', 'Boltzmann constant', 'Boltzmann constant', 'distance', 'Boltzmann constant', 'railroad switch', 'point', 'outer space', 'mean', 'XXXTentacion', 'solution', 'task', 'definition', 'attention', 'property', 'solution', 'hashtag', 'Physical mapping', 'Property', 'Sparse', 'Martin', 'applied mathematics', 'percent', 'asterisk', 'task', 'linear map', 'Marco', 'applied mathematics', 'percent', 'percent', 'percent', 'percent', 'percent', 'percent', 'percent', 'percent', 'percent', 'percent', 'optimization problem', 'linear system', 'perfect forward secrecy', 'system', 'partition', 'number', 'perfect forward secrecy', 'task', 'mathematical model', 'alternative rock', 'kitchen stove', 'phenomenon', 'perfect forward secrecy', 'Nepal', 'enumerated type', 'time', 'strategy', 'variance', 'subroutine', 'system', 'linear inequality', 'subroutine', 'solution', 'quantity', 'time', 'potential', 'means', 'performance', 'algorithm', 'task', 'Processing', 'image', 'signal', '1', 'line segment', 'digital image', '1', 'time', 'autoregressive model', 'letter case', 'means', 'advantage', 'respect', 'alternative rock', 'kitchen stove', 'software requirements specification', 'need', 'modeling assumption', 'structure', 'data', 'embedding', 'product', 'complete graph', 'Michael the Archangel', 'man', 'August Schaeffer von Wienwald', 'Frank Wagner', 'applied mathematics', 'asterisk', 'Problem', 'Feedforward', 'Eddy', 'Dominique', 'Germany', 'applied mathematics', 'asterisk', 'Problem', 'Uncertain', 'applied mathematics', 'percent', 'geographic location', 'graph', 'border', 'length', 'border', 'probability distribution', 'value', 'real interval', 'uncertainty', 'Uncertainty', 'border', 'uncertainty', 'time', 'transport', 'border', 'solution', 'regret', 'geographic location', 'E', 'implementation', 'border', 'E', 'geographic location', 'Nepal', 'contrast', 'geographic location', 'uncertainty', 'Circuit complexity', 'Amano', 'Akira', 'June', 'applied mathematics', 'percent', 'percent', 'percent', 'percent', 'percent', 'percent', 'percent', 'percent', 'electrical network', 'combinational logic', 'OR gate', 'number', 'gate', 'paper', 'complexity', 'electrical network', 'function', 'function', 'sequence', 'Xbox One', 'sequence', 'cardinality', 'function', 'tonne', 'binary logarithm', 'natural number', 'A', 'gate', 'function', 'Convexity', 'plug-in', 'Nepal', 'Hiroshige', 'applied mathematics', 'Problem', 'asterisk', 'Cai', 'applied mathematics', 'Cover', 'matrix decomposition', 'Bipartite', 'Catherine of Alexandria', 'Philip I of Castile', 'hashtag', 'mathematics', 'asterisk', 'letter case', 'Minimax', 'Charlotte Brontë', 'Oded', 'applied mathematics', 'asterisk', 'emir', 'Gad Landau', 'applied mathematics', 'proton', 'Algorithms', 'Problem', 'Charlotte Brontë', 'The Objective', 'Oded', 'mathematics', 'asterisk', 'Nepal', 'Α', 'graph', 'Charlotte Brontë', 'Andersen Air Force Base', 'Herbert Fleischner', 'mathematics', 'Problem', 'Oded', 'Abraham', 'applied mathematics', 'Algorithms', 'Conditions', 'Α', 'Plane', 'Andersen Air Force Base', 'Herbert Fleischner', 'Susanne', 'asterisk', 'applied mathematics', 'Lebedev', 'applied mathematics', 'percent', 'percent', 'minimum spanning tree', 'shortest path problem', 'graph', 'length', 'border', 'border', 'graph', 'real interval', 'length', 'border', 'length', 'border', 'value', 'real interval', 'uncertainty', 'value', 'length', 'border', 'solution', 'task', 'Nepal', 'Bound', 'real interval', 'uncertainty', 'shortest path problem', 'Nepal', 'graph', 'structure', 'task', 'letter case', 'number', 'border', 'length', 'logarithm', 'function', 'number', 'border', 'logical implication', 'result', 'theory', 'real interval', 'combinatorial optimization', 'broadcasting', 'grating', 'Judah', 'Barack Obama', 'applied mathematics', 'code', 'machine-readable data', 'structure', 'graffiti', 'distance', 'Vertex Pharmaceuticals', 'applied mathematics', 'partition', 'set', 'Nissan', 'Samuel', 'Uriel', 'mathematics', 'percent', 'percent', 'percent', 'Partition problem', 'liquid–liquid extraction', 'natural number', 'Euclidean vector', 'D', 'hyphen', 'outer space', 'proton', 'function', 'sum', 'Euclidean vector', 'part', 'task', 'application', 'field', 'cluster analysis', 'hypothesis', 'inventory', 'scheduling', 'function', 'Partition problem', 'task', 'objective', 'partition', 'convex hull', 'solution', 'article', 'vertex', 'partition', 'number', 'vertex', 'partition', 'Euclidean vector', 'The Constant Factor', 'characterization', 'bijection', 'vertex', 'polytope', 'partition', 'sense', 'template', 'literature', 'Analogue', 'proton', 'equals sign', 'result', 'minimum', 'time complexity', 'Partition problem', 'function', 'oracle', 'patience', 'The Search', 'Avis', 'Antoine', 'applied mathematics', 'enumerated type', 'Avis', 'Kōmei', 'mathematics', 'complexity', 'connection', 'circle graph', 'asterisk', 'University of Pennsylvania', 'Naomi', 'mathematics', 'outer space', 'hashtag', 'Ayala', 'Domínguez', 'Angel', 'Antonio Quintero', 'hashtag', 'applied mathematics', 'percent', 'percent', 'percent', 'percent', 'Contribution', 'paper', 'fundamental group', 'homotopy group', 'outer space', 'fundamental group', 'object', 'fundamental group', 'Analogue', 'addition', 'version, edition, or translation', 'Egbert van Kampen', 'Digital Equipment Corporation', 'obstacle', 'Ayala', 'Domínguez', 'Angel', 'Antonio Quintero', 'applied mathematics', 'percent', 'percent', 'percent', 'percent', 'percent', 'percent', 'percent', 'percent', 'Albania', 'Ayala', 'La Discrète', 'mathematics', 'full stop', 'notion', 'fundamental group', 'sulfur', 'Σ', 'set', 'pixel', 'oxygen', 'relation', 'sulfur', 'role', 'obstacle', 'notion', 'generalization', 'fundamental group', 'object', 'complement', 'outer space', 'group', 'object', 'paper', 'sequel', 'result', 'Ayala', 'Albania', 'full stop', 'complement', 'object', 'geographic map', 'outer space', 'group', 'sulfur', 'fundamental group', 'cadency', 'Analogue', 'epimorphism', 'isomorphism', 'class', 'outer space', 'template', 'Digital topology', 'scheduling', 'line', 'constraint', 'Azar', 'Epstein', 'applied mathematics', 'bisection', 'number', 'array data structure', 'matrix decomposition', 'Cemil', 'applied mathematics', 'integer matrix', 'sequencing', 'W.', 'Saint Matthias', 'Gerhard Woeginger', 'applied mathematics', 'percent', 'percent', 'percent', 'paper', 'task', 'integer matrix', 'sum', 'logical matrix', '1', 'task', 'application', 'cancer', 'sequencing', 'Multileaf collimator', 'matrix', 'addition', 'application', 'design', 'public transport', 'version, edition, or translation', 'task', 'sum', 'coefficient', 'decomposition', 'time', 'number', 'matrix', 'decomposition', 'cardinality', 'algorithm', 'version, edition, or translation', 'decomposition', 'cardinality', 'Nepal', 'decomposition', 'special case', 'heuristic', 'letter case', 'Aggregation', 'diophantine equation', 'hashtag', 'Sahib', 'hashtag', 'applied mathematics', 'Isomorphism', 'graph', 'Babel', 'applied mathematics', 'Graph', 'phosphorus', 'Babel', 'mathematics', 'phosphorus', 'Bipartite', 'Babel', 'Andreas Brandstädt', 'Lê', 'applied mathematics', 'hashtag', 'asterisk', 'Algorithms', 'line', 'container', 'packing problem', 'cardinality', 'Babel', 'Marshall Applewhite', 'Hans', 'Vladimir Kotov', 'applied mathematics', 'percent', 'percent', 'percent', 'percent', 'percent', 'percent', 'percent', 'percent', 'packing problem', 'O-ring', 'list', 'item', 'cardinality', 'number', 'container', '1', 'packing problem', 'constraint', 'Boltzmann constant', 'container', 'algorithm', 'line', 'task', 'value', 'Boltzmann constant', 'letter case', 'algorithm', 'algorithm', 'ratio', 'algorithm', 'result', 'algorithm', 'ratio', 'Bound', 'value', 'algorithm', 'line', 'Boltzmann constant', 'Bound', 'ratio', 'Structure', 'graph', 'Adobe Photoshop', 'Babel', 'Stefan Lochner', 'applied mathematics', 'proton', 'A Survey', 'Babel', 'Stefan Lochner', 'applied mathematics', 'Graph', 'Hard', 'color', 'Connected', 'Babel', 'hashtag', 'applied mathematics', 'enumerated type', 'Graph', 'hashtag', 'Ante Graovac', 'asterisk', 'applied mathematics', 'partially ordered set', 'Graph', 'Integrated Truss Structure', 'heuristic', 'hashtag', 'Nenad', 'applied mathematics', 'hashtag', 'mode of transport', 'Bachem', 'Winfried', 'Martin', 'applied mathematics', 'scaling', 'electronic component', 'Center for Research in Economics and Statistics', 'Elisabeth', 'Vladimir Guerrero', 'hashtag', 'applied mathematics', 'percent', 'liter', 'hyphen', 'border', 'electronic component', 'graffiti', 'liter', 'vertex', 'number', 'work', 'liter', 'dagger', 'mean', 'New Edge', 'liter', 'hyphen', 'electronic component', 'graffiti', 'vertex', 'liter', 'infinity', 'liter', 'equals sign', 'disease', 'liter', 'number', 'vertex', 'liter', 'hyphen', 'electronic component', 'asterisk', 'Seth', 'Bafna', 'Babu', 'Surya', 'applied mathematics', 'task', 'application', 'molecular biology', 'set', 'rectangle', 'ordered pair', 'rectangle', 'shaft', 'projection', 'rectangle', 'ordered pair', 'projection', 'shaft', 'task', 'subset', 'rectangle', 'task', 'Nepal', 'letter case', 'mass', 'performance', 'heuristic', 'task', 'performance', 'heuristic', 'task', 'independent set', 'mass', 'graffiti', 'performance', 'D', 'D', 'ratio', 'heuristic', 'letter case', 'Contribution', 'hardness', 'task', 'mathematical analysis', 'algorithm', 'letter case', 'Jamie Madrox', 'Bagchi', 'Edward', 'mathematics', 'Louis', 'Satisfiability', 'Parallel', 'Bagchi', 'Brigitte Servatius', 'Shi', 'applied mathematics', 'asterisk', 'AS.31 Survey', 'Integrity', 'asterisk', 'S.', 'Lowell', 'Wayne Goddard', 'Franz Marc', 'Raymond', 'applied mathematics', 'United States Department of the Interior', 'computer programming', 'Ahn', 'Geometric programming', 'Louis', 'Philip I of Castile', 'Merlot', 'hashtag', 'applied mathematics', 'Expansions', 'Rooted', 'Bailey', 'Gary Gordon', 'Gospel of Matthew', 'Jennifer', 'applied mathematics', 'percent', 'percent', 'percent', 'percent', 'percent', 'percent', 'gravitational constant', 'Rooted graph', 'border', 'probability', 'number', 'vertex', 'electronic component', 'gravitational constant', 'Android rooting', 'expected value', 'polynomial', 'Publius', 'Formulation', 'treatment', 'resolution', 'result', 'graph', 'Colbourn', 'complexity', 'Formulation', 'communication', 'class', 'graffiti', 'question', 'Rooted graph', 'Android rooting', 'counterexample', 'dominant', 'polytope', 'Steiner', 'border', 'hashtag', 'applied mathematics', 'matching', 'polygamy', 'polyandry', 'Michel Balinski', 'applied mathematics', 'maintenance', 'visualization', 'surface', 'Lucas van Leyden', 'Valerio', 'Ariel', 'Robert', 'Arun Netravali', 'hashtag', 'applied mathematics', 'percent', 'percent', 'percent', 'percent', 'percent', 'percent', 'percent', 'percent', 'percent', 'percent', 'percent', 'percent', 'percent', 'percent', 'percent', 'percent', 'percent', 'percent', 'percent', 'computation', 'degree of a polynomial', 'drug design', 'middle', 'process', 'computation', 'Update', 'boundary representation', 'surface', 'surface', 'paper', 'means', 'boundary representation', 'set', 'spline', 'identifier', 'molecule', 'data structure', 'community', 'Access', 'kitchen stove', 'operation', 'means', 'Use', 'system', 'solid modeling', 'interface', 'identifier', 'environment', 'constraint', 'efficiency', 'Update', 'setting', 'changes', 'template', 'result', 'changes', 'set', 'patch', 'means', 'option', 'accuracy and precision', 'identifier', 'efficiency', 'computation', 'changes', 'set', 'patch', 'class', 'Updates', 'topology', 'molecular configuration', 'letter case', 'topology', 'surface', 'format', 'system', 'spirit level', 'image resolution', 'graphics library', 'OpenGL', 'exertion', 'Balas', 'length', 'ordered pair', 'graph', 'hashtag', 'C. Pandu Rangan', 'applied mathematics', 'asterisk', 'Property', 'convex hull', 'Points', 'mathematics', 'Balas', 'Dimension', 'Projected', 'Balas', 'Maarten', 'applied mathematics', 'Lift', 'project', 'computer programming', 'OpenEdge Advanced Business Language', 'Michael the Archangel', 'applied mathematics', 'percent', 'percent', 'percent', 'percent', 'article', 'computer programming', 'means', 'elevator', 'project', 'computer programming', 'stress', 'new product development', 'computer programming', 'mathematical optimization', 'trade union', 'polyhedron', 'section', 'paper', 'concept', 'result', 'means', 'section', 'identifier', 'convex hull', 'trade union', 'polyhedron', 'projection', 'outer space', 'section', 'computer program', 'computer program', 'result', 'work', 'Balas', 'middle', 'hyphen', '1970s', 'result', 'polyhedron', 'convex hull', 'trade union', 'polyhedron', 'distance', 'vertex', 'process', 'value', 'computer program', 'variable', 'Special circumstances', 'section', 'result', 'cone', 'Lovász', 'Adams', 'Section of Painting and Sculpture', 'cut', 'elevator', 'project', 'Balas', 'cerium(IV) oxide', '1990s', 'computer program', 'Lift', 'stiffening', 'section', 'branch instruction', 'software framework', 'cut', 'elevator', 'project', 'section', 'aspect', 'subroutine', 'Normalization', 'complementarity', 'solution', 'cardinality', 'Andrew John Henry Way', 'cut', 'split', 'section', 'result', 'fashion', 'branch instruction', 'fashion', 'cut', 'branch instruction', 'A Separation', 'Valve Index', 'Balas', 'Qi', 'Reconstruction Era', 'applied mathematics', 'hashtag', 'set', 'hashtag', 'Emese', 'Attila', 'applied mathematics', 'percent', 'percent', 'percent', 'percent', 'percent', 'percent', 'percent', 'percent', 'tomographic reconstruction', 'set', 'projection', 'algorithm', 'letter case', 'set', 'projection', 'result', 'projection', 'algorithm', 'complexity', 'letter case', 'solution', 'generalization', 'result', 'task', 'Forward caste', 'Approach', 'mathematical optimization', 'integer', 'Algorithm', 'applied mathematics', 'asterisk', 'Time', 'Linear', 'CTV Sci-Fi Channel', 'Orders', 'Baldy', 'Michel', 'applied mathematics', 'Kinetic', 'asterisk', 'graffiti', 'Cycles', 'Components', 'Titus', 'Galina', 'V.', 'Jerzy', 'applied mathematics', 'path', 'Counting', 'mathematical analysis', 'Measure', 'Ball', 'Jane', 'Amanda Lindhout', 'applied mathematics', 'property', 'graffiti', 'Balogh', 'Béla Bollobás', 'David', 'applied mathematics', 'Models', 'Parallel', 'Delays', 'applied mathematics', 'asterisk', 'asterisk', 'Klaus', 'applied mathematics', 'Problem', 'Costs', 'Jürgen', 'Yves', 'hashtag', 'applied mathematics', 'asterisk', 'Absolute', 'Jürgen', 'Martin', 'Pavol Hell', 'applied mathematics', 'Median graph', 'set', 'partition', 'Jürgen', 'Huber', 'Vincent', 'applied mathematics', 'percent', 'percent', 'percent', 'percent', 'percent', 'percent', 'percent', 'percent', 'model sheet', 'molecular evolution', 'task', 'phylogenetic tree', 'XXXTentacion', 'sequence', 'length', 'natural number', 'alphabet', 'model sheet', 'Median graph', 'XXXTentacion', 'graffiti', 'accord', 'Median graph', 'Counterpart', 'generation', 'XXXTentacion', 'vertex', 'vertex', 'Median graph', 'XXXTentacion', 'terminal emulator', 'partition', 'Kent Williams', 'Median graph', 'graffiti', 'Kent Williams', 'instance', 'block graph', 'Hamming graph', 'Complexity', 'Hamiltonian path', 'Problem', 'Certain', 'Bang', 'Hamiltonian operator', 'applied mathematics', 'complete graph', 'Bang', 'Gregory Gutin', 'Andrew', 'applied mathematics', 'complete graph', 'path', 'bicycle', 'personal computer', 'border', 'color', 'note', 'conjecture', 'Phoebe Brown', 'Publius', 'complete graph', 'vertex', 'academic degree', 'vertex', 'bicycle', 'complete graph', 'enumerated type', 'personal computer', 'Hamiltonian path', 'R.', 'complete graph', 'disease', 'enumerated type', 'personal computer', 'result', 'complete graph', 'disease', 'Hamiltonian path']"
It is well known that the problem of deciding whether a given digraph has a k-cycle factor for some constant k (i.e. a collection of k disjoint cycles that cover all vertices of the digraph) is;2;[759676, 1137726, 11442, 5962, 3052382, 11442, 1304193, 1137726];['task', 'directed graph', 'bicycle', 'Boltzmann constant', 'fonds', 'bicycle', 'vertex', 'directed graph']
We prove that there is no degree of connectivity which will guarantee that a hypergraph contains two edge-disjoint spanning connected subhypergraphs. We also show that Edmonds' theorem on arc-disjoint branchings cannot be extended to directed hypergraphs. Here we use a definition of a directed hypergraph that naturally generalizes the notion of a directed graph.;2;[189533, 28134632, 840247, 133346, 65943, 862645, 925385, 840247, 101072, 840247, 595523, 1137726];['academic degree', 'connectivity', 'hypergraph', 'border', 'theorem', 'Edmond', 'version control branch', 'hypergraph', 'definition', 'hypergraph', 'notion', 'directed graph']
We prove that every tournament T = (V;2;[500834, 434745, 18388296];['tournament', 'Tinashe', 'V']
We formulate the problem of video on demand (VOD) from a resource allocation perspective. We introduce the decision element into a movie vending environment;2;[759676, 34508, 4402708, 723685, 1554231, 11344, 2249676];['task', 'video', 'demand', 'video on demand', 'resource', 'chemical element', 'environment']
We deal with the linear programming relaxation of set partitioning problems arising in airline crew scheduling. Some of these linear programs have been extremely difficult to solve with the traditional algorithms. We have used an extension of the subgradient algorithm;2;[1512771, 866399, 46970, 40056, 8366, 184148, 8366];['Linear programming relaxation', 'liquid–liquid extraction', 'airline', 'computer program', 'algorithm', 'plug-in', 'algorithm']
We consider graphical representations of generalized Carlitz sequences of polynomials. These generalized Carlitz sequences are based on certain numeration systems of the natural numbers. We establish conditions under which a sequence of properly rescaled graphical representations converges to a limit (w.r.t. Hausdorff distance).;2;[959962, 133250, 43260, 133250, 58778, 21199, 12136, 133250, 853614, 177239, 1501997];['diagram', 'sequence', 'polynomial', 'sequence', 'system', 'natural number', 'disease', 'sequence', 'identifier', 'limit', 'Hausdorff distance']
In this paper we consider the problem of reconstructing a binary matrix from absorbed projections;2;[11472, 759676, 1994977, 519967];['paper', 'task', 'logical matrix', 'projection']
We give a Gray code and constant average time generating algorithm for derangements;2;[188889, 8366, 1207920];['code', 'algorithm', 'derangement']
This paper presents the main properties of chordal rings of degree 3. This family of graphs is strongly related to circulant graphs;2;[11472, 6422240, 161172, 189533, 8436, 17514, 17514];['paper', 'property', 'ring', 'academic degree', 'family', 'graffiti', 'graffiti']
One of the main problems in discrete tomography is the reconstruction of binary matrices from their projections in a small number of directions. In this paper we consider a new algorithmic approach for reconstructing binary matrices from only two projections. This problem is usually underdetermined and the number of solutions can be very large. We present an evolutionary algorithm for finding the reconstruction which maximises an evaluation function;2;[759676, 5282064, 7820109, 1994977, 519967, 11563, 29017603, 11472, 21162272, 1994977, 519967, 759676, 11563, 5447188, 14489129, 7820109, 852705];['task', 'discrete tomography', 'tomographic reconstruction', 'logical matrix', 'projection', 'number', 'control', 'paper', 'means', 'logical matrix', 'projection', 'task', 'number', 'solution', 'evolutionary algorithm', 'tomographic reconstruction', 'evaluation function']
A number of results in hamiltonian graph theory are of the form P1 implies P2;2;[11563, 2995644, 131476, 183252, 1207431, 954078];['number', 'result', 'graph theory', 'morphology', 'P-1', 'Propaganda Due']
We study vehicle routing problems with constraints on the distance traveled by each vehicle or on the number of vehicles. The objective is either to minimize the total distance traveled by vehicles or to minimize the number of vehicles used. We design constant differential approximation algorithms for kVRP. Note that;2;[42889, 22725, 759676, 2303305, 126017, 42889, 11563, 42889, 3880557, 126017, 42889, 11563, 42889, 621751, 6340251];['vehicle', 'routing', 'task', 'constraint', 'distance', 'vehicle', 'number', 'vehicle', 'objective', 'distance', 'vehicle', 'number', 'vehicle', 'approximation algorithm', 'KVRP']
The SATISFACTORY PARTITION problem consists in deciding if a given graph has a partition of its vertex set into two nonempty parts such that each vertex has at least as many neighbors in its part as in the other part. This problem was introduced by Gerber and Kobler [Partitioning a graph to satisfy all vertices;2;[1065968, 17514, 1082910, 26401, 7401, 26401, 1986893, 7401, 7401, 759676, 523452, 17514, 1304193];['Partition problem', 'graffiti', 'partition', 'vertex', 'part', 'vertex', 'neighbor', 'part', 'part', 'task', 'Gerber Products Company', 'graffiti', 'vertex']
We consider questions such as what is the complexity of recognizing instances of (monotonic) NP-complete problems in which no variable is fixed (or frozen) by the set of solutions. Since this unfrozenness is also a monotonic property in NP;2;[189756, 723897, 1664689, 759676, 50701, 36161, 5447188, 6422240, 837];['question', 'complexity', 'instance', 'task', 'variable', 'set', 'solution', 'property', 'Nepal']
We consider the resolution proof complexity of propositional formulas which encode random instances of graph k-colorability. We obtain a tradeoff between the graph density and the resolution proof complexity. For random graphs with linearly many edges we obtain linear-exponential lower bounds on the size of resolution refutations. For random graphs with n vertices and any @e>0;2;[210521, 1372900, 1664689, 17514, 5962, 180309, 29539, 210521, 910404, 133346, 10585806, 4049983, 210521, 910404, 1304193];['image resolution', 'propositional formula', 'instance', 'graffiti', 'Boltzmann constant', 'hyphen', 'density', 'image resolution', 'random graph', 'border', 'minimum', 'cardinality', 'image resolution', 'random graph', 'vertex']
We give algorithmic results for combinatorial problems with cost arrays possessing certain algebraic Monge properties. We extend Monge-array results for two shortest path problems to a general algebraic setting;2;[2995644, 759676, 186152, 1857740, 186152, 1058754, 617332];['result', 'task', 'array data structure', 'Monge', 'array data structure', 'shortest path problem', 'setting']
In their seminal paper;2;[11472];['paper']
We present a solution for the following problem. Given two sequences X = x1x2...xn and Y = y1y2...ym;2;[5447188, 759676, 133250, 28561969, 9973];['solution', 'task', 'sequence', 'XXXTentacion', 'Y']
We study combinatorial and probabilistic properties of cover-free codes and block designs which are useful for their efficient application as the first stage of two-stage group testing procedures. Particular attention is paid to these procedures because of their importance in such applications as monoclonal antibody generation and cDNA library screening.;2;[6422240, 188889, 751484, 166142, 339249, 83478, 6501338, 190686, 166142, 213381, 283478];['property', 'code', 'block design', 'application', 'stagecoach', 'group', 'attention', 'subroutine', 'application', 'generation', 'Complementary DNA']
This paper considers the question of the influence of a coalition of vertices;2;[11472, 189756, 7741996, 124964, 1304193];['paper', 'question', 'The Influence', 'coalition', 'vertex']
Deadlock prevention for routing messages has a central role in communication networks;2;[269313, 133492, 214339, 6031064];['Deadlock', 'letter', 'role', 'information exchange']
Concept lattices (also called Galois lattices) are an ordering of the maximal rectangles defined by a binary relation. In this paper;2;[595364, 595364, 14953108, 209, 130901, 11472];['lattice', 'lattice', 'collation', 'rectangle', 'binary relation', 'paper']
In the context of extracting maximal item sets and association rules from a binary data base;2;[196626, 36161, 104555, 42848];['context', 'set', 'ruler', 'data']
There are several well known bijections between classes of dissimilarity coefficients and structures such as indexed or weakly indexed pyramids;2;[180907, 4479242, 50700, 6671777, 214242];['bijection', 'class', 'coefficient', 'structure', 'pyramid scheme']
Several approaches have been proposed for the purpose of proving that different classes of dissimilarities (e.g. ultrametrics) can be represented by certain types of stratified clusterings which are easily visualized (e.g. indexed hierarchies). These approaches differ in the choice of the clusters that are used to represent a dissimilarity coefficient. More precisely;2;[21162272, 706622, 771579, 190087, 622825, 188619, 21162272, 1775867, 206637, 50700];['means', 'intention', 'Different Class', 'data type', 'cluster analysis', 'hierarchy', 'means', 'choice', 'computer cluster', 'coefficient']
"In this paper we consider the problem of determining a balanced ordering of the vertices of a graph; that is";2;[11472, 759676, 14953108, 1304193, 17514];['paper', 'task', 'collation', 'vertex', 'graffiti']
Modular decomposition is a thoroughly investigated topic in many areas such as switching theory;2;[6889712, 2751586, 11500, 17737];['Modular decomposition', 'resolution', 'area', 'theory']
Some recent papers for three-dimensional orthogonal graph drawing use a technique introduced by Kolmogorov and Barzdin. This technique consists of assigning x-coordinates and y-coordinates;2;[7901733, 11472, 21162272, 21162272, 1900125, 180309, 2221906, 9973];['Use', 'paper', 'means', 'means', 'multiplication sign', 'hyphen', 'geographic location', 'Y']
Primitive words;2;[625642];['word']
This paper classifies all cyclic codes over Z4 of length 2n;2;[11472, 245464, 36253];['paper', 'Cyclic code', 'length']
The three-dimensional finite bin packing problem (3BP) consists of determining the minimum number of large identical three-dimensional rectangular boxes;2;[814581, 11563, 3975];['bin packing problem', 'number', 'computer case']
We discuss a discrete optimization problem that arises in data analysis from the binarization of categorical attributes. It can be described as the maximization of a function F(l1(x);2;[984063, 1988917, 2722260, 18358244, 11348];['optimization problem', 'data analysis', 'attribute', 'maximization', 'function']
We shall refer to a strong partially balanced design SPBD(v;2;[82604];['design']
We introduce a natural heuristic for approximating the treewidth of graphs. We prove that this heuristic gives a constant factor approximation for the treewidth of graphs with bounded asteroidal number. Using a different technique;2;[201413, 5067368, 17514, 201413, 27058, 5067368, 17514, 11563, 21162272];['heuristic', 'Treewidth', 'graffiti', 'heuristic', 'approximation', 'Treewidth', 'graffiti', 'number', 'means']
The problem addressed in this paper is concerned with DNA sequencing by hybridization. A new type of oligonucleotide libraries is proposed for hybridization experiments. The libraries consist of oligonucleotides of different length dependent on an oligonucleotide A(T) and C(G) content in such a way that an increment of C(G) is twice of that of A(T) and the sum of increments for each oligonucleotide is constant for a library. The latter is called an isothermic oligonucleotide library and the way of its construction will be presented. It will be shown that two such libraries that differ in their sums of increments by an A(T) increment are sufficient for DNA sequencing by hybridization. The hybridization experiment using isothermic oligonucleotide libraries should supply data with a lower number of errors due to the expected similarity of melting temperatures of oligonucleotide duplexes;2;[759676, 11472, 7430, 8223839, 190087, 133686, 101965, 7075, 133686, 36253, 1260632, 17641254, 17281278, 218005, 17281278, 133686, 7075, 7075, 17641254, 385378, 7075, 218005, 17281278, 17281278, 7430, 8223839, 101965, 133686, 42848, 11563, 29485, 254465, 11466, 6453233];['task', 'paper', 'DNA', 'nucleic acid hybridization', 'data type', 'oligonucleotide', 'experiment', 'library', 'oligonucleotide', 'length', 'content', 'Andrew John Henry Way', 'increase', 'sum', 'increase', 'oligonucleotide', 'library', 'library', 'Andrew John Henry Way', 'construction', 'library', 'sum', 'increase', 'increase', 'DNA', 'nucleic acid hybridization', 'experiment', 'oligonucleotide', 'data', 'number', 'error', 'similarity', 'temperature', 'duplex']
Using the specific structure of the minimal separators of AT-free graphs;2;[6671777, 1641420, 17514];['structure', 'delimiter', 'graffiti']
In this paper;2;[11472];['paper']
In the paper;2;[11472];['paper']
Using the concept of prime graphs and modular decomposition of graphs;2;[151885, 17514, 6889712, 17514];['concept', 'graffiti', 'Modular decomposition', 'graffiti']
A whist tournament Wh(υ) is said to have the three person property if any two games in the tournament do not have three common players. We denote such a design as 3PWh(υ). It is proved in the literature that a 3PWh(υ) exists for any υ ≥ 8 and υ ≡ 0;2;[500834, 5, 11410, 500834, 5276395, 82604, 8242, 14423, 14423];['tournament', 'human', 'game', 'tournament', 'gamer', 'design', 'literature', 'Υ', 'Υ']
The paper concerns the application of a non-classical performance measure;2;[11472, 166142, 192276];['paper', 'application', 'measure']
We prove that every (claw;2;[217605];['claw']
In this paper we deal with an NP-hard combinatorial optimization problem;2;[11472, 984063];['paper', 'optimization problem']
De Simone showed that prime bull- and chair-free graphs containing a co-diamond are either bipartite or an induced cycle of odd length at least five. Based on this result;2;[7520242, 17514, 140686, 33111, 180309, 5283, 4915407, 11442, 36253, 2995644];['Lisa Simone', 'graffiti', 'chairperson', 'Corsican', 'hyphen', 'diamond', 'Bipartite', 'bicycle', 'length', 'result']
A key distribution center (KDC) of a network is a server enabling private communications within groups of users. The center provides the secret keys for encrypting and decrypting the messages. A distributed key distribution center (DKDC) is a set of servers that jointly realizes a KDC. In this paper we introduce a ramp model for unconditionally secure DKDC. In the ramp approach;2;[688797, 6431969, 141488, 44127, 11024, 83478, 278368, 6587194, 23445, 133492, 688797, 36161, 44127, 6431969, 11472, 486902, 161462];['key distribution center', 'Korean decimal classification', 'graph', 'server', 'communication', 'group', 'user', 'centrism', 'black', 'letter', 'key distribution center', 'set', 'server', 'Korean decimal classification', 'paper', 'mathematical model', 'inclined plane']
We give a complete structure description of (P5;2;[6671777, 214314];['structure', 'Pentium']
The f-cost of a tree decomposition ({Xi | i ∈ I};2;[9765, 462095, 14406];['F', 'Tree decomposition', 'Ξ']
It is well known that the clique-width of chordal gem-free graphs (also known as ptolemaic graphs);2;[1101814, 17514, 24884155];['Clique-width', 'graffiti', 'Ptolemaic graph']
In this paper we investigate the online video on demand problem;2;[11472, 34508, 4402708];['paper', 'video', 'demand']
Hoàng defined the P4-sparse graphs as the graphs where every set of five vertices induces at most one P4. These graphs attracted considerable attention in connection with the P4-structure of graphs and the fact that P4-sparse graphs have bounded clique-width. Fouquet and Giakoumakis generalized this class to the nicely structured semi-P4-sparse graphs being the (P5;2;[17514, 17514, 36161, 1304193, 17514, 6501338, 31924, 568609, 17514, 188572, 17514, 1101814, 25372925, 30325288, 4479242, 17514, 214314];['graffiti', 'graffiti', 'set', 'vertex', 'graffiti', 'attention', 'connection', 'Shin Megami Tensei: Persona 4', 'graffiti', 'fact', 'graffiti', 'Clique-width', 'Fouquet', 'Giakoumakis', 'class', 'graffiti', 'Pentium']
We give a O(nm) time algorithm for the maximum weight stable set (MWS) problem on P5-and co-chair-free graphs without recognizing whether the (arbitrary) input graph is P5- and co-chair-free. This algorithm is based on the fact that prime P5- and co-chair-free graphs containing 2K2 are matched co-bipartite graphs and thus have very simple structure;2;[8366, 759676, 1060343, 11423, 14905618, 17514, 214314, 33111, 180309, 17514, 33111, 180309, 8366, 188572, 17514, 33111, 180309, 174733, 6671777];['algorithm', 'task', 'independent set', 'mass', 'NLRP3', 'graffiti', 'Pentium', 'Corsican', 'hyphen', 'graffiti', 'Corsican', 'hyphen', 'algorithm', 'fact', 'graffiti', 'Corsican', 'hyphen', 'bipartite graph', 'structure']
The relation of chromatic aspects and the existence of certain induced subgraphs of a triangle-free graph will be investigated. Based on a characterization statement of Pach;2;[277521, 208084, 468777, 24743362, 17514, 2667413, 466258];['relation', 'aspect', 'existence', 'induced subgraph', 'graffiti', 'characterization', 'Walter Pach']
The complexity status of the stable set problem in the class of P5-free graphs is unknown. In the present paper we study an approach to the problem based on finding augmenting graphs. The main result is that the stable set problem in the class of P5-free graphs is polynomially equivalent to the problem of finding augmenting graphs containing a P4. We apply this result to detect a new infinite family of graph classes where the problem has a polynomial time solution. The new family generalizes several previously known results.;2;[723897, 759676, 4479242, 17514, 11472, 21162272, 759676, 17514, 2995644, 759676, 4479242, 17514, 759676, 17514, 568609, 2995644, 8436, 17514, 759676, 11471, 12409669, 2995644];['complexity', 'task', 'class', 'graffiti', 'paper', 'means', 'task', 'graffiti', 'result', 'task', 'class', 'graffiti', 'task', 'graffiti', 'Shin Megami Tensei: Persona 4', 'result', 'family', 'graffiti', 'task', 'time', 'New Family', 'result']
This note revisits the maximum deviation just-in-time (MDJIT) scheduling problem previously investigated by Steiner and Yeomans. Its main result is a set of algebraic necessary and sufficient conditions for the existence of a MDJIT schedule with a given objective function value. These conditions are used to provide a finer analysis of the complexity of the MDJTT problem. The note also investigates various special cases of the MDJIT problem and suggests several questions for further investigation.;2;[263478, 849149, 2271896, 11471, 1719303, 8052447, 2995644, 36161, 12136, 468777, 1123036, 11348, 12136, 7754, 723897, 759676, 263478, 2890061, 759676, 189756, 21004260];['note', 'deviation', 'scheduling', 'time', 'Steiner', 'Yeomans', 'result', 'set', 'disease', 'existence', 'scheduler', 'function', 'disease', 'mathematical analysis', 'complexity', 'task', 'note', 'special case', 'task', 'question', 'inquiry']
Isometric subgraphs of hypercubes;2;[213723];['hypercube']
We propose a new heuristic for approximating the maximum clique problem based on a detailed analysis of a class of continuous optimization models which provide a complete characterization of solutions to this NP-hard combinatorial problem. We start from a known continuous formulation of the maximum clique;2;[201413, 1196873, 7754, 4479242, 141495, 2667413, 5447188, 759676, 3077570, 761631];['heuristic', 'clique problem', 'mathematical analysis', 'class', 'mathematical optimization', 'characterization', 'solution', 'task', 'Formulation', 'clique']
In this paper we propose a simple scheme for obtaining plane digitizations. We study digital plane periodicity and consider various issues related to two-dimensional (2D) Sturmian words. Concepts and results;2;[11472, 959962, 197, 197, 86447, 3325046, 1194763, 5158429, 2995644];['paper', 'diagram', 'airplane', 'airplane', 'issue', 'Sturmian word', '2D computer graphics', 'Concepts', 'result']
Splicing systems are generative devices of formal languages;2;[58778, 3966, 192161];['system', 'computer hardware', 'formal language']
We consider some graph theoretical problems arising from security requirements in some communication networks. Basically one has to associate to each node of a directed graph G = (V;2;[759676, 17514, 169489, 6031064, 173106, 18388296, 1137726, 18373];['task', 'graffiti', 'security', 'information exchange', 'network node', 'V', 'directed graph', 'gravitational constant']
A graph is called supereulerian if it has a spanning closed trail. Let G be a 2-edge-connected graph of order n such that each minimal edge cut S ⊆ E(G) with |S| ≤ 3 satisfies the property that each component of G - S has order at least (n - 2)/5. We prove that either G is supereulerian or G belongs to one of two classes of exceptional graphs. Our results slightly improve earlier results of Catlin and Li. Furthermore;2;[17514, 628179, 17514, 1473607, 133346, 682, 7856108, 6422240, 11653, 682, 1473607, 21199, 18373, 18373, 4479242, 17514, 2995644, 2995644, 455133, 568];['graffiti', 'trail', 'graffiti', 'degree of a polynomial', 'border', 'sulfur', 'turnstile', 'property', 'electronic component', 'sulfur', 'degree of a polynomial', 'natural number', 'gravitational constant', 'gravitational constant', 'class', 'graffiti', 'result', 'result', 'George Catlin', 'lithium']
The height of a face in a plane graph is the greatest degree of a vertex incident with this face. Under appropriate necessary conditions we prove that any plane normal map has a 3-face of height at most 20;2;[190200, 37017, 66232788, 189533, 26401, 37017, 12136, 4006, 197, 37017, 190200];['altitude', 'face', 'planar embedding', 'academic degree', 'vertex', 'face', 'disease', 'geographic map', 'airplane', 'face', 'altitude']
An integral-valued set function f:2v ↦ Z is called polymatroid if it is submodular;2;[36161, 23809, 7226530];['set', 'atomic number', 'Polymatroid']
The resource-constrained project-scheduling problem (RCPSP) and some of its generalizations are defined. Furthermore;2;[2271896, 170084];['scheduling', 'generalization']
Some classical models of clustering (hierarchies;2;[486902, 622825, 188619];['mathematical model', 'cluster analysis', 'hierarchy']
Let us denote by α(G) the size of a maximum stable set;2;[4049983, 1060343];['cardinality', 'independent set']
Sub-dominant theory provides efficient tools for clustering. However;2;[17737, 39546, 622825];['theory', 'tool', 'cluster analysis']
This survey examines the state of the art of a variety of problems related to pseudo-Boolean optimization;2;[7257997, 7275, 735, 3329375, 759676, 141495];['survey', 'state', 'art', 'language variety', 'task', 'mathematical optimization']
A usual technique to generate upper bounds on the optimum of a quadratic 0-1 maximization problem is to consider a linear majorant (LM) of the quadratic objective function f and then solve the corresponding linear relaxation. Several papers have considered LMs obtained by termwise bounding;2;[21162272, 10578722, 759676, 1545750, 11348, 9765, 207643, 11472, 1545750];['means', 'maximum', 'task', 'lymphangioma', 'function', 'F', 'linear map', 'paper', 'lymphangioma']
In several applications the solutions of combinatorial optimization problems (COP) are required to satisfy an additional cardinality constraint;2;[166142, 5447188, 984063, 2012642, 4049983];['application', 'solution', 'optimization problem', 'cryptogenic organizing pneumonia', 'cardinality']
The problem of reconstructing finite subsets of the integer lattice from X-rays has been studied in discrete mathematics and applied in several fields like data security;2;[759676, 177646, 1252145, 28561969, 180309, 6495741, 121416, 190109, 899388];['task', 'subset', 'Integer lattice', 'XXXTentacion', 'hyphen', 'Batoidea', 'discrete mathematics', 'field', 'Data security']
The paper is concerned with the relevant practical problem of selecting a small unsatisfiable subset of clauses inside an unsatisfiable CNF formula. Moreover;2;[11472, 759676, 177646, 117364, 846564];['paper', 'task', 'subset', 'clause', 'conjunctive normal form']
The paper is concerned with the problem of automatic detection and correction of inconsistent or out of range data in a general process of statistical data collection. The proposed approach is able to deal with hierarchical data containing both qualitative and quantitative values. As customary;2;[11472, 759676, 5720030, 5172784, 42848, 205663, 4929239, 21162272, 42848, 194112];['paper', 'task', 'detection', 'correction', 'data', 'process', 'data collection', 'means', 'data', 'value']
An approach to propositional satisfiability using an adaptive procedure is described. Its main feature is a new branching rule;2;[21162272, 1350299, 190686, 42139305, 104555];['means', 'Satisfiability', 'subroutine', 'feature', 'ruler']
The paper reviews some of the existing exact bounds to the maximum clique of a graph and successively presents a new upper and a new lower bound. The new upper bound is ω ≤ n - rank oA/2;2;[11472, 864930, 761631, 17514, 56019];['paper', 'Bound', 'clique', 'graffiti', 'military rank']
We investigate classes of minimal unsatisfiable formulas which are closed under splitting. For marginal formulas the equivalence to some natural classes of formulas is proved. Further;2;[4479242, 2287198, 18511800, 2287198, 5384705, 6980663, 2287198];['class', 'infant formula', 'split', 'infant formula', 'Equivalence', 'Natural class', 'infant formula']
We show that the minimum number of queens required to cover the n × n chessboard is at most 8/15 n+O(1).;2;[11563, 139, 1900125, 110079];['number', 'queen', 'multiplication sign', 'chessboard']
We first propose for digital surfaces an analog to the notion of strong homotopy existing in 3D (On P-Simple points;2;[484298, 174925, 595523, 746083, 34929, 82818];['surface', 'analogue electronics', 'notion', 'homotopy', 'three-dimensional space', 'railroad switch']
We survey recent developments in the fields of bipartite matchings;2;[1395034, 190109, 1065144];['new product development', 'field', 'matching']
Let us denote a ⊕ b = max(a;2;[2];['Earth']
We prove that a triangle-free graph G is a tolerance graph if and only if there exists a set of consecutively ordered stars that partition the edges of G. Since tolerance graphs are weakly chordal;2;[18373, 17514, 36161, 523, 133346, 3755540, 17514];['gravitational constant', 'graffiti', 'set', 'star', 'border', 'G.', 'graffiti']
Extensive facility location models on graphs deal with the location of a special type of subgraphs such as paths;2;[486902, 17514, 2221906, 190087, 817765];['mathematical model', 'graffiti', 'geographic location', 'data type', 'path']
For a family F of graphs and a nonnegative integer k;2;[650, 17514, 12503, 5962];['fluorine', 'graffiti', 'integer', 'Boltzmann constant']
A locally connected spanning tree T of a graph G is a spanning tree of G with the following property: for every vertex;2;[18373, 831672, 18373, 6422240, 26401];['gravitational constant', 'spanning tree', 'gravitational constant', 'property', 'vertex']
We propose the concept of fine-grained forward-secure signature schemes. Such signature schemes not only provide non-repudiation w.r.t. past time periods the way ordinary forward-secure signature schemes do but;2;[151885, 220849, 220849, 11471, 17641254, 220849];['concept', 'digital signature', 'digital signature', 'time', 'Andrew John Henry Way', 'digital signature']
A new way to expand De Bruijn and Kautz graphs is presented. It consists of deleting superfluous sets of edges (i.e.;2;[11774623, 1078285, 1737199, 36161, 133346];['New Way', 'Nicolaas Govert de Bruijn', 'Kautz graph', 'set', 'border']
A group signature scheme allows group members to issue signatures on behalf of the group;2;[220849, 83478, 188675, 22670946, 83478];['digital signature', 'group', 'signature', 'Behalf', 'group']
A study of the worst-case performance of Wong's heuristic for the Steiner problem in directed networks (SPDN) is presented in this paper.SPDN is a classic combinatorial optimization problem having the status of a very difficult problem (N P-hard problem) and it is known as an optimization model for a broad class of problems in networks. Several exact and heuristic approaches have been designed for SPDN in the last twenty five years.Some papers analyze theoretical and experimental behavior of heuristics for SPDN;2;[28106657, 8188561, 201413, 845104, 759676, 141488, 11472, 984063, 2628882, 759676, 759676, 627, 141495, 4479242, 759676, 141488, 21162272, 577, 11472, 9332, 201413];['model sheet', 'letter case', 'heuristic', 'Huang', 'task', 'graph', 'paper', 'optimization problem', 'legal status', 'task', 'task', 'nitrogen', 'mathematical optimization', 'class', 'task', 'graph', 'means', 'year', 'paper', 'behavior', 'heuristic']
We introduce new classes of facet-defining inequalities for the polytope Ppd associated with the set packing formulation of the simple plant location problem (SPLP) with p plants and d destinations. The inequalities are obtained by identifying subgraphs of the intersection graph G(p;2;[997453, 28113351, 747980, 24062764, 942417, 756, 5721609, 756, 9884, 28113351, 3498041];['New class', 'inequality', 'polytope', 'Ppd', 'O-ring', 'plant', 'Las Palmas Air Base', 'plant', 'D', 'inequality', 'Intersection graph']
The question if there exist nonnormal bent functions was an open question for several years. A Boolean function in n variables is called normal if there exists an affine subspace of dimension n/2 on which the function is constant. In this paper we give the first nonnormal bent function and even an example for a nonweakly normal bent function. These examples belong to a class of bent functions found in [J.F. Dillon;2;[189756, 4890350, 1321906, 577, 942353, 50701, 3502383, 4440864, 11348, 11472, 4890350, 12335479, 4890350, 12335479, 4479242, 4890350, 955026];['question', 'bent function', 'open problem', 'year', 'boolean function', 'variable', 'SubSpace', 'dimension', 'function', 'paper', 'bent function', 'template', 'bent function', 'template', 'class', 'bent function', 'Dillon']
The problem of simultaneously locating obnoxious facilities and routing obnoxious materials between a set of built-up areas and the facilities is addressed.Obnoxious facilities are those facilities which cause exposure to people as well as to the environment i.e. dump sites;2;[759676, 4688921, 214609, 36161, 11500, 4688921, 4688921, 4688921, 271960, 5, 2249676, 35127];['task', 'Affiliated institution', 'base material', 'set', 'area', 'Affiliated institution', 'Affiliated institution', 'Affiliated institution', 'exposure', 'human', 'environment', 'website']
The train timetabling problem (TTP) aims at determining an optimal timetable for a set of trains which does not violate track capacities and satisfies some operational constraints.In this paper;2;[870, 1426491, 221725, 36161, 870, 11607969, 2303305, 11472];['train', 'thrombotic thrombocytopenic purpura', 'public transport timetable', 'set', 'train', 'Track capacity', 'constraint', 'paper']
We study the following Constrained Bipartite Edge Coloring problem: We are given a bipartite graph G=(U;2;[759676, 174733];['task', 'bipartite graph']
The aim of this paper is to show the usefulness of the Jackson's pseudo-preemptive schedule (JPPS) for solving cumulative scheduling problems. JPPS was introduced for the m-processor scheduling problem Pm/ri;2;[4503831, 11472, 1123036, 16905948, 2271896, 15760233, 2271896, 40792, 1809];['goal', 'paper', 'scheduler', 'Jackson Wang', 'scheduling', 'Journal of Pharmacy and Pharmaceutical Sciences', 'scheduling', 'り', 'promethium']
Fuzzy segmentation is a technique that assigns to each element in an image (which may have been corrupted by noise and/or shading) a grade of membership in an object (which is believed to be contained in the image). In an earlier work;2;[1423946, 21162272, 11344, 478798, 179448, 1191981, 609276, 9200127, 488383, 478798, 42213];['segmentation', 'means', 'chemical element', 'image', 'noise', 'shading', 'climbing grade', 'member', 'object', 'image', 'work']
A word p;2;[625642];['word']
The behaviour of a discrete-event dynamic system is often conveniently described using a matrix algebra with operations max and plus. Such a system moves forward in regular steps of length equal to the eigenvalue of the system matrix;2;[9332, 638328, 10290214, 44337, 3884033, 58778, 17525443, 36253];['behavior', 'dynamical system', 'event', 'matrix', 'operation', 'system', 'middle', 'length']
In this paper the classical stable roommates problem is generalized to situations when the two partners in a pair perform different roles. We propose an efficient algorithm to decide the existence of a stable matching in this problem.;2;[11472, 14754454, 2290680, 728646, 191290, 214339, 8366, 468777, 1065144, 759676];['paper', 'roommate', 'Situation', 'partnership', 'ordered pair', 'role', 'algorithm', 'existence', 'matching', 'task']
Suppose that in a coalition formation game each participant has a preference list of the other participants and she prefers a set S to a set T if and only if she prefers the worst participant of S to the worst participant of T. We consider three definitions of stability. In the case of no indifferences stable partitions cannot contain very large sets and their existence can be decided polynomially. However;2;[11410, 1416170, 682, 434745, 682, 21473990, 101072, 403605, 8188561, 1082910, 6489176, 468777];['game', 'preference', 'sulfur', 'Tinashe', 'sulfur', 'Titus', 'definition', 'stability', 'letter case', 'partition', 'Large set', 'existence']
In this paper we consider instances of stable matching problems;2;[11472, 1664689, 1065144];['paper', 'instance', 'matching']
We prove that every tree of order n ≥ 5 with three leaves is (n + 1)-unavoidable. More precisely;2;[10884, 1473607, 33971, 282364];['tree', 'degree of a polynomial', 'leaf', 'dagger']
Double-loop networks have been widely studied as architecture for local area networks and it is well-known that the minimum distance diagram of a double-loop network yields an L-shape. Given an N;2;[141488, 12271, 11381, 959962, 141488, 6203, 627];['graph', 'architecture', 'local area network', 'diagram', 'graph', 'Avogadro constant', 'nitrogen']
Given an undirected network G = [N;2;[141488, 18373];['graph', 'gravitational constant']
It should be possible to predict the fold of a protein into its native conformation;2;[81659, 8054, 5160262];['fold', 'protein', 'Conformation']
An induced matching M of a graph G is a set of pairwise nonadjacent edges such that no two edges of M are joined by an edge in G. The problem of finding a maximum induced matching is known to be NP-hard even for bipartite graphs of maximum degree four. In this paper;2;[160669, 17514, 18373, 36161, 133346, 160669, 133346, 3755540, 759676, 65119384, 837, 174733, 189533, 11472];['Mach number', 'graffiti', 'gravitational constant', 'set', 'border', 'Mach number', 'border', 'G.', 'task', 'Induced matching', 'Nepal', 'bipartite graph', 'academic degree', 'paper']
An independent dominating set of a graph G = (V;2;[7888149, 17514, 18388296, 18373];['Maximal independent set', 'graffiti', 'V', 'gravitational constant']
For a positive integer k;2;[12503, 5962];['integer', 'Boltzmann constant']
Consider an oriented graph G = (V;2;[17514, 18388296, 18373];['graffiti', 'V', 'gravitational constant']
This paper deals with the application of noising methods to a clique partitioning problem for a weighted graph. The aim is to study different ways to add noise to the data;2;[11472, 166142, 190686, 866399, 17514, 4503831, 17641254, 179448, 42848];['paper', 'application', 'subroutine', 'liquid–liquid extraction', 'graffiti', 'goal', 'Andrew John Henry Way', 'noise', 'data']
The average time of computing Boolean functions by straight-line programs with random number generators is studied. Reliable programs;2;[11471, 942353, 40056, 11563, 40056];['time', 'boolean function', 'computer program', 'number', 'computer program']
In the group Steiner problem we are given an edge-weighted graph G = (V;2;[83478, 759676, 18388296, 17514, 18373];['group', 'task', 'V', 'graffiti', 'gravitational constant']
In the MULTIWAY CUT problem;2;[759676];['task']
"An n &#x00D7; m non-negative integer matrix D= {dij} is given";2;[21199, 6042601, 1655179];['natural number', 'integer matrix', 'Driggs-Reed Memorial Airport']
The technique of Weil restriction of scalars has significant implications for elliptic curve cryptography. In this paper we apply these ideas to the case of the discrete logarithm problem in the Jacobian of a curve of genus greater than one over a finite field Fqn where n > 1.;2;[21162272, 7980190, 1289248, 7881229, 1048911, 11472, 131841, 8188561, 11197, 506041, 161973, 34740];['means', 'Weil restriction', 'scalar', 'logical implication', 'elliptic curve cryptography', 'paper', 'idea', 'letter case', 'logarithm', 'Jacobian matrix', 'curve', 'genus']
Given a (directed or undirected) graph G;2;[18373];['gravitational constant']
A well-known result is that the inference problem for propositional Horn formulae can be solved in linear time. We show that this remains true even in the presence of arbitrary (static) propositional background knowledge. Our main tool is the notion of a cumulated clause;2;[2995644, 938438, 976981, 11471, 215408, 9081, 39546, 595523, 117364];['result', 'statistical inference', 'formula', 'time', 'Presence', 'knowledge', 'tool', 'notion', 'clause']
We study the relation between rooted 3-connected triangular maps and rooted 2-connected triangular maps on the projective plane. We then use this relation to derive a simple parametric expression for the generating function of rooted 3-connected triangular maps on the projective plane. We believe that this is the first simple exact result for 3-connected nonplanar maps.;2;[277521, 4006, 4006, 1475760, 277521, 11024, 860609, 4006, 1475760, 2995644, 4006];['relation', 'geographic map', 'geographic map', 'projective plane', 'relation', 'communication', 'generating function', 'geographic map', 'projective plane', 'result', 'geographic map']
Algebraic reconstruction techniques for the reconstruction of distributions from projections have yielded improvements in diverse fields such as medical imaging and electron microscopy. An important property of these methods is that they allow the use of various basis functions. Recently spherically symmetric functions (blobs) have been introduced as efficacious basis functions for reconstruction. However;2;[4723986, 7820109, 200726, 519967, 21255975, 190109, 931309, 2225, 6422240, 190686, 7901733, 11348, 981351, 373795, 11348, 7820109];['Algebraic Reconstruction Technique', 'tomographic reconstruction', 'probability distribution', 'projection', 'improvement', 'field', 'medical imaging', 'electron', 'property', 'subroutine', 'Use', 'function', 'symmetric function', 'Surface marker buoy', 'function', 'tomographic reconstruction']
An O(n2) algorithm is described for computing the maximum cycle mean (eigenvalue) for n × n matrices;2;[8366, 11442, 1900125, 44337];['algorithm', 'bicycle', 'multiplication sign', 'matrix']
Many problems in the field of computational biology consist of the analysis of so-called gene-expression data. The successful application of approximation and optimization techniques;2;[759676, 190109, 177005, 7754, 11024, 166142, 21162272, 27058, 141495];['task', 'field', 'computational biology', 'mathematical analysis', 'communication', 'application', 'means', 'approximation', 'mathematical optimization']
We present an efficient and scalable coarse grained multicomputer (CGM) coloring algorithm that colors a graph G with at most Δ + 1 colors where Δ is the maximum degree in G. This algorithm is given in two variants: randomized and deterministic. We show that on a p-processor CGM model the proposed algorithms require a parallel time of O(|G|/p) and a total work and overall communication cost of O(|G|). These bounds correspond to the average case for the randomized version and to the worst case for the deterministic variant.;2;[8366, 1122267, 18373, 14390, 1075, 14390, 189533, 3755540, 8366, 362031, 486902, 8366, 11471, 42213, 11024, 864930, 8188561, 3331189, 8037119, 362031];['algorithm', 'Computer Graphics Metafile', 'gravitational constant', 'Δ', 'color', 'Δ', 'academic degree', 'G.', 'algorithm', 'variance', 'mathematical model', 'algorithm', 'time', 'work', 'communication', 'Bound', 'letter case', 'version, edition, or translation', 'Worst Case', 'variance']
The λ-number of a graph G;2;[10897, 180309, 17514, 18373];['Λ', 'hyphen', 'graffiti', 'gravitational constant']
A naive digital plane is a subset of points (x;2;[197, 177646, 82818];['airplane', 'subset', 'railroad switch']
The maximum stable set problem is NP-hard;2;[36161, 837];['set', 'Nepal']
The complexity status of the maximum stable set problem in the class of P5-free graphs is unknown. In this paper;2;[723897, 759676, 4479242, 17514, 11472];['complexity', 'task', 'class', 'graffiti', 'paper']
The complexity status of the stable set problem in P5-free graphs remains an open question for a long time in spite of a lot of particular results in this direction. The purpose of the present paper is to summarize these results and to propose several new ones. In particular;2;[723897, 759676, 17514, 1321906, 30599689, 2143576, 6501349, 2995644, 29017603, 706622, 11472, 2995644, 199];['complexity', 'task', 'graffiti', 'open problem', 'Long Time', 'Spite', 'parking lot', 'result', 'control', 'intention', 'paper', 'result', '1']
In this paper;2;[11472];['paper']
We address a generalization of the classical multiprocessor scheduling problem with non simultaneous machine availability times;2;[170084, 2271896, 11471];['generalization', 'scheduling', 'time']
A finite-state machine is called a Thompson machine if it can be constructed from an empty-free regular expression using the construction of Thompson as modified by Hopcroft and Ullman. We call the underlying digraph of a Thompson machine a Thompson digraph. We characterize Thompson digraphs and we give an algorithm that generates an equivalent regular expression from a Thompson machine that has size linear in the total number of states and transitions. Although the algorithm is simple;2;[176452, 269593, 185612, 385378, 269593, 21484860, 1137726, 269593, 269593, 269593, 8366, 185612, 269593, 4049983, 11563, 7275, 1606712, 8366];['finite-state machine', 'Thompson submachine gun', 'regular expression', 'construction', 'Thompson submachine gun', 'Ullman', 'directed graph', 'Thompson submachine gun', 'Thompson submachine gun', 'Thompson submachine gun', 'algorithm', 'regular expression', 'Thompson submachine gun', 'cardinality', 'number', 'state', 'transition', 'algorithm']
In the paper we consider a generalized vertex coloring model;2;[11472, 486902, 26401];['paper', 'mathematical model', 'vertex']
It has been known for years that the problem of computing the T-span is NP-hard in general. Recently;2;[577, 759676, 434745, 837];['year', 'task', 'Tinashe', 'Nepal']
A problem of no-wait scheduling of zero-one time operations without allowing inserted idle times is considered in the case of open;2;[759676, 2271896, 11471, 11471, 8188561];['task', 'scheduling', 'time', 'time', 'letter case']
We consider two optimization problems for cellular telephone networks;2;[984063, 2354216];['optimization problem', 'telephone network']
We consider the problem of interconnecting a set of customer sites using bidirectional SONET rings of equal capacity. Each site is assigned to exactly one ring and a special ring;2;[759676, 36161, 35127, 161172, 491774, 35127, 161172, 161172];['task', 'set', 'website', 'ring', 'tonnage', 'website', 'ring', 'ring']
In this paper;2;[11472];['paper']
In this paper;2;[11472];['paper']
A block graph is a graph whose blocks are cliques. A block duplicate (BD) graph is a graph obtained by adding true twins (i.e.;2;[4927193, 17514, 48378, 761631, 17514, 48378, 47770, 17514, 159979];['block graph', 'graffiti', 'pulley', 'clique', 'graffiti', 'pulley', 'Blu-ray Disc', 'graffiti', 'twin']
Concern over fault tolerance in the design of interconnection networks has stimulated interest in finding large graphs with maximum degree Δ and diameter D such that the subgraphs obtained by deleting any set of s vertices have diameter at most D';2;[5158449, 47089, 183225, 82604, 141488, 170924, 17514, 14390, 336286, 36161, 11574, 37221, 336286];['Concern', 'fault', 'toleration', 'design', 'graph', 'interest', 'graffiti', 'Δ', 'defender', 'set', 'second', 'diameter', 'defender']
We propose a method for computing the cohomology ring of three-dimensional (3D) digital binary-valued pictures. We obtain the cohomology ring of a 3D digital binary-valued picture I;2;[190686, 5141399, 478798, 34929, 5141399, 478798];['subroutine', 'cohomology ring', 'image', 'three-dimensional space', 'cohomology ring', 'image']
The maximum 2-satisfiability problem (MAX-2-SAT) is: given a Boolean formula in 2-CNF;2;[759676, 334113, 2287198, 846564];['task', 'SAT', 'infant formula', 'conjunctive normal form']
A connected graph G = (V;2;[17514, 18373, 18388296];['graffiti', 'gravitational constant', 'V']
We use the link between the existence of tilings in Manhattan metric with {1}-bowls and minimum total dominating sets of Cartesian products of paths and cycles. From the existence of such a tiling;2;[102014, 468777, 72297, 11299, 2915204, 173740, 817765, 11442, 468777, 72297];['hyperlink', 'existence', 'Heinrich Sylvester Theodor Tiling', 'Manhattan', 'Dominating set', 'Cartesian product', 'path', 'bicycle', 'existence', 'Heinrich Sylvester Theodor Tiling']
There are many different ways of proving formulas in propositional logic. Many of these can easily be characterized as forms of resolution. Others use so-called binary decision diagrams (BDDs). Experimental evidence suggests that BDDs and resolution-based techniques are fundamentally different;2;[17641254, 2287198, 200694, 183252, 210521, 332515, 864155, 1347572, 814447, 21162272];['Andrew John Henry Way', 'infant formula', 'propositional logic', 'morphology', 'image resolution', 'The Others', 'binary decision diagram', 'evidence', 'behavior-driven development', 'means']
The combinatorial structure configuration which was already defined as early as 1876 is the topic of this paper. In their early years configurations were regarded to be finite geometrical substructures of the plane. The best example is the wrong picture of a configuration 103 by Kantor. However;2;[6671777, 2751586, 11472, 577, 1781447, 60790794, 197, 12335479, 478798, 1781447, 3344179];['structure', 'resolution', 'paper', 'year', 'computer configuration', 'Substructure', 'airplane', 'template', 'image', 'computer configuration', 'Morris Kantor']
On a very small surface;2;[484298];['surface']
It is shown that the problem of detecting a maximum embedded network in a linear program is related to balancing of subgraphs of signed graphs. This approach leads to a simple efficient heuristic to extract an embedded network. The proposed heuristic also determines whether a given linear program is a (reflected) network itself. Some complexity results are obtained and computational results are also reported.;2;[759676, 141488, 40056, 11246292, 21162272, 201413, 141488, 201413, 40056, 141488, 723897, 2995644];['task', 'graph', 'computer program', 'Signed graph', 'means', 'heuristic', 'graph', 'heuristic', 'computer program', 'graph', 'complexity', 'result']
A multipartite tournament is an orientation of a complete multipartite graph. A tournament is a multipartite tournament;2;[500834, 2748415, 17142035, 500834, 500834];['tournament', 'orientability', 'multipartite graph', 'tournament', 'tournament']
A connected graph is said to be k-cycle resonant if;2;[17514, 11442];['graffiti', 'bicycle']
Lin and Chang gave a generating function of convex polyominoes with an m + 1 by n + 1 minimal bounding rectangle. Gessel showed that their result implies that the number of such polyominoes is m+n+mn/m+n (2m+2n 2m)-2mn/m+n(m+n m)2 We show that this result can be derived from some binomial coefficients identities related to the generating function of Jacobi polynomials. Some (binomial coefficients) identities arise from alternative solutions of combinatorial problems and incidentally give added significance to doing problems the hard way. -J. RIORDAN;2;[15242576, 15304350, 860609, 209, 21199, 11573, 282364, 2995644, 11563, 2995644, 50700, 860609, 371631, 844569, 209875, 457174, 759676, 1056761, 759676, 578336, 31037245];['Lin', 'ThaiBev', 'generating function', 'rectangle', 'natural number', 'metre', 'dagger', 'result', 'number', 'result', 'coefficient', 'generating function', 'Jacobi polynomials', 'identity', 'binomial coefficient', 'workaround', 'task', 'significant figure', 'task', 'The Hard Way', 'Riordan']
We present O(n3) embedding algorithms (subgraph isomorphism and its generalizations) for classes of graphs of bounded pathwidth;2;[8366, 189112, 170084, 4479242, 17514, 7144893];['algorithm', 'isomorphism', 'generalization', 'class', 'graffiti', 'Pathwidth']
Directed edge path graphs are the intersection graphs of directed paths in a directed tree;2;[17514, 3498041, 817765, 10884];['graffiti', 'Intersection graph', 'path', 'tree']
A digraph D = (V;2;[18388296, 336286];['V', 'defender']
Level of repair analysis (LORA) is a prescribed procedure for defense logistics support planning. For a complex engineering system containing perhaps thousands of assemblies;2;[7754, 28955954, 2144962, 1142858, 190686, 309100, 11023, 43016, 165436];['mathematical analysis', 'Level', 'repair', 'LORA', 'subroutine', 'planning', 'engineering', '1000', 'assembly language']
We use the notion of domination ratio introduced by Glover and Punnen in 1997 to present a new classification of combinatorial optimization (CO) problems: DOM-easy and DOM-hard problems. It follows from results already proved in the 1970s that min TSP (both symmetric and asymmetric versions) is DOM-easy. We prove that several CO problems are DOM-easy including weighted max k-SAT and max cut. We show that some other problems;2;[595523, 3481047, 3099937, 5128386, 759676, 1333872, 1261, 23023212, 2995644, 35014, 184217, 3331189, 2093, 1261, 2093, 5962, 334113, 283916, 759676];['notion', 'ratio', 'Glover', 'classification', 'task', 'combinatorial optimization', 'Colorado', 'Hard Problems', 'result', '1970s', 'The Smashing Pumpkins', 'version, edition, or translation', 'Document Object Model', 'Colorado', 'Document Object Model', 'Boltzmann constant', 'SAT', 'cut', 'task']
An orientation of a digraph D is a spanning subdigraph of D obtained from D by deleting exactly one arc between x and y for every pair x ≠ y of vertices such that both xy and yx are in D. In this paper;2;[2748415, 336286, 336286, 336286, 28602, 1900125, 9973, 191290, 9973, 1304193, 8042669, 5249184, 11472];['orientability', 'defender', 'defender', 'defender', 'Aramaic language', 'multiplication sign', 'Y', 'ordered pair', 'Y', 'vertex', 'XY', 'Decimus', 'paper']
We consider the Asymmetric Traveling Salesman Problem (ATSP) and use the definition of neighborhood by Deineko and Woeginger (see Math. Programming 87 (2000) 519-542). Let µ(n) be the maximum cardinality of polynomial time searchable neighborhood for the ATSP on n vertices. Deineko and Woeginger conjectured that µ(n) < β(n - 1)! for any constant β > 0 provided P ≠ NP. We prove that µ(n) < β(n - k)! for any fixed integer k ≥ 1 and constant β > 0 provided NP ⊈ P/poly;2;[22344480, 101072, 123705, 395, 80006, 4049983, 123705, 11471, 1304193, 837, 5962, 12503, 5962, 50131873, 837, 674];['The Salesman', 'definition', 'neighborhood', 'mathematics', 'computer programming', 'cardinality', 'neighborhood', 'time', 'vertex', 'Nepal', 'Boltzmann constant', 'integer', 'Boltzmann constant', 'Poly', 'Nepal', 'phosphorus']
In this paper;2;[11472];['paper']
We shall show that it is decidable for binary instances of the Post Correspondence Problem whether the instance has an infinite solution. In this context;2;[1664689, 798572, 1664689, 5447188, 196626];['instance', 'Post correspondence problem', 'instance', 'solution', 'context']
We study continuous partitioning problems on tree network spaces whose edges and nodes are points in Euclidean spaces. A continuous partition of this space into p connected components is a collection of p subtrees;2;[866399, 25303627, 133346, 173106, 82818, 17295, 1082910, 4169, 2997928, 2294, 3052382, 2294];['liquid–liquid extraction', 'Tree network', 'border', 'network node', 'railroad switch', 'Euclidean space', 'partition', 'outer space', 'Connected component', 'proton', 'fonds', 'proton']
For some decades;2;[39911];['decade']
We examine the feasibility polyhedron of the uncapacitated hub location problem (UHL) with multiple allocation;2;[172937, 2221906, 1516893, 16002622];['polyhedron', 'geographic location', 'United Hockey League', 'Allocation']
Patterns are the key building blocks in the logical analysis of data (LAD). It has been observed in empirical studies and practical applications that some patterns are more suitable than others for use in LAD. In this paper;2;[7148402, 28457661, 7754, 42848, 334634, 28106657, 166142, 2083958, 1433373, 7901733, 334634, 11472];['Patterns', 'Building block', 'mathematical analysis', 'data', 'Los Angeles Dodgers', 'model sheet', 'application', 'pattern', 'other', 'Use', 'Los Angeles Dodgers', 'paper']
Following the general principles of the logical analysis of data methodology;2;[211364, 7754, 42848];['principle', 'mathematical analysis', 'data']
When applying the 2-opt heuristic to the travelling salesman problem;2;[201413, 322212];['heuristic', 'Travelling Salesman Problem']
Maximum clique is one of the most studied NP-hard optimization problem on graphs because of its simplicity and its numerous applications. A basic variable neighborhood search heuristic for maximum clique that combines greedy with the simplicial vertex test in its descent step is proposed and tested on standard test problems from the literature. Despite its simplicity;2;[761631, 984063, 17514, 508291, 166142, 201413, 761631, 26401, 624380, 27318, 8242, 508291];['clique', 'optimization problem', 'graffiti', 'simplicity', 'application', 'heuristic', 'clique', 'vertex', 'descent', 'test', 'literature', 'simplicity']
Asynchronous transfer mode (ATM) is a multiplexing and switching technique that supports integrated services in high-speed networks. Flexibility is crucial in order to handle the dynamic resource requirements of multimedia traffic in these networks. ATM provides virtual paths (VPs) that can facilitate resource management. The physical topology of an ATM network should be designed to provide flexibility to the logical VP reconfiguration mechanism in order to adapt to changing traffic conditions. In this paper;2;[206047, 81235, 21162272, 222903, 44127, 141488, 852220, 1473607, 1761598, 131765, 141488, 81235, 817765, 878048, 14431238, 42989, 81235, 852220, 3061319, 1473607, 12136, 11472];"['Asynchronous Transfer Mode', 'automated teller machine', 'means', 'multiplexing', 'server', 'graph', 'flexibility', 'degree of a polynomial', 'software requirements specification', 'multimedia', 'graph', 'automated teller machine', 'path', 'virtual private server', 'resource management', 'topology', 'automated teller machine', 'flexibility', ""Princess Patricia's Canadian Light Infantry"", 'degree of a polynomial', 'disease', 'paper']"
An inductive definition of the class of all cubic toroidal maps will be given. Moreover;2;[101072, 4479242, 4006];['definition', 'class', 'geographic map']
Let H be a graph on n vertices and g a collection of n subgraphs of H;2;[556, 17514, 1304193, 3052382, 556];['hydrogen', 'graffiti', 'vertex', 'fonds', 'hydrogen']
Consider a connected graph G with positive edge capacities. Gomory and Hu (J. SIAM 9 (1961) 551) showed that there always exists a tree T with positive edge capacities;2;[18373, 133346, 2346718, 8686, 782100, 10884, 133346];['gravitational constant', 'border', 'Gremory', 'Shanghai', 'Society for Industrial and Applied Mathematics', 'tree', 'border']
Let G = (V;2;[18373, 18388296];['gravitational constant', 'V']
We present a randomized (89169-@e)-approximation algorithm for the weighted maximum triangle packing problem;2;[8366, 19821];['algorithm', 'triangle']
Suppose we have a family F of sets. For every S@?F;2;[650, 36161];['fluorine', 'set']
A set S of vertices in a graph G = (V;2;[682, 1304193, 17514, 18388296, 18373];['sulfur', 'vertex', 'graffiti', 'V', 'gravitational constant']
We establish results on NeST graphs (intersection tolerance graphs of neighborhood subtrees of a tree) and several subclasses. In particular;2;[2995644, 17514, 17514, 123705, 10884, 212542];['result', 'graffiti', 'graffiti', 'neighborhood', 'tree', 'inheritance']
A P4 is an induced path with four vertices. A bichromatic P4 composition scheme is as follows: (1) start with two graphs with vertex sets of different colour;2;[568609, 15704639, 1304193, 959962, 17514, 36161, 1075];['Shin Megami Tensei: Persona 4', 'Induced path', 'vertex', 'diagram', 'graffiti', 'set', 'color']
A graph G=(V;2;[17514];['graffiti']
We consider the following generalization of split graphs: A graph is said to be a (k;2;[170084, 3893853, 17514];['generalization', 'Split graph', 'graffiti']
In this paper we consider the concept of the average connectivity of a digraph D defined to be the average;2;[11472, 151885, 28134632, 336286, 2796622];['paper', 'concept', 'connectivity', 'defender', 'mean']
We study a generalization of the well-known traveling salesman problem (TSP) where each customer provides or requires a given non-zero amount of product;2;[170084, 759676, 184217, 852835, 309314, 40276];['generalization', 'task', 'The Smashing Pumpkins', 'customer', 'quantity', 'multiplication']
One of the most important open problems in computational biology is the prediction of the conformation of a protein based on its amino acid sequence. In this paper;2;[759676, 177005, 748250, 5160262, 8054, 899763, 11472];['task', 'computational biology', 'prediction', 'Conformation', 'protein', 'protein primary structure', 'paper']
During the past 3 years there was a considerable growth in the number of algorithms solving MAX-SAT and MAX-2-SAT in worst-case time of the order cK;2;[577, 191145, 11563, 8366, 334113, 11471, 1473607, 26988];['year', 'scaling', 'number', 'algorithm', 'SAT', 'time', 'degree of a polynomial', 'Cook Islands']
In this paper we present an algorithm for the problem of exhaustive equivalence-free generation of 3-connected matroids which are represented by a matrix over some finite (partial) field;2;[11472, 8366, 759676, 213381, 898572, 44337, 190109];['paper', 'algorithm', 'task', 'generation', 'matroid', 'matrix', 'field']
We investigate the class of graphs defined by the property that every induced subgraph has a vertex which is either simplicial (its neighbours form a clique) or co-simplicial (its non-neighbours form an independent set). In particular we give the list of minimal forbidden subgraphs for the subclass of graphs whose vertex-set can be emptied out by first recursively eliminating simplicial vertices and then recursively eliminating co-simplicial vertices.;2;[4479242, 17514, 6422240, 24743362, 26401, 1986893, 761631, 33111, 180309, 1060343, 27948, 212542, 17514, 36161, 1304193, 1304193];['class', 'graffiti', 'property', 'induced subgraph', 'vertex', 'neighbor', 'clique', 'Corsican', 'hyphen', 'independent set', 'list', 'inheritance', 'graffiti', 'set', 'vertex', 'vertex']
The b-chromatic number ϕ(G) of a graph G is defined as the largest number k for which the vertices of G can be colored with k colors satisfying the following property: for each i;2;[11563, 17514, 18373, 11563, 5962, 1304193, 18373, 5962, 6422240];['number', 'graffiti', 'gravitational constant', 'number', 'Boltzmann constant', 'vertex', 'gravitational constant', 'Boltzmann constant', 'property']
In the design of telecommunication networks;2;[82604, 418];['design', 'telecommunication']
There are many cryptographic constructions in which one uses a random power or multiple of an element in a group or a ring. We describe a fast method to compute random powers and multiples in certain important situations including powers in the Galois field F2n;2;[385378, 25342, 1055293, 11344, 83478, 161172, 190686, 25342, 1055293, 2290680, 25342, 603880];['construction', 'power', 'multiple', 'chemical element', 'group', 'ring', 'subroutine', 'power', 'multiple', 'Situation', 'power', 'finite field']
The following problem is considered: given: an undirected planar graph G = (V;2;[759676, 547823, 18373, 18388296];['task', 'planar graph', 'gravitational constant', 'V']
This paper presents the methodology and theory for automatic spatial pattern discovery from multiple attributed relational graph samples. The spatial pattern is modelled as a mixture of probabilistic parametric attributed relational graphs. A statistic learning procedure is designed to learn the parameters of the spatial pattern model from the attributed relational graph samples. The learning procedure is formulated as a combinatorial non-deterministic process;2;[11472, 185698, 17737, 2083958, 17514, 2083958, 169336, 17514, 133500, 1413083, 486902, 17514, 133500, 205663];['paper', 'methodology', 'theory', 'pattern', 'graffiti', 'pattern', 'mixture', 'graffiti', 'learning', 'parameter', 'mathematical model', 'graffiti', 'learning', 'process']
A set of subgraphs C1;2;[36161, 655357];['set', 'atlas']
A numerical method for obtaining a crystalline flow starting from a general polygon is presented. A crystalline flow is a polygonal flow and can be regarded as a discrete version of a classical curvature flow. In some cases;2;[24262840, 750449, 37555, 750449, 750449, 3331189, 750449, 8188561];['numerical method', 'flow', 'polygon', 'flow', 'flow', 'version, edition, or translation', 'flow', 'letter case']
For a given connected graph G of order n;2;[18373, 1473607];['gravitational constant', 'degree of a polynomial']
In this paper;2;[11472];['paper']
We define a hereditary system on a finite set U as a partition of the family 2U of all subsets of U into disjoint families A and D satisfying (A ∈ A;2;[9887, 58778, 1098, 1082910, 8436, 177646, 1098, 9887, 336286];['Α', 'system', 'uranium', 'partition', 'family', 'subset', 'uranium', 'Α', 'defender']
Mutation and crossover are the main search operators of different variants of evolutionary algorithms. Despite the many discussions on the importance of crossover nobody has proved rigorously for some explicitly defined fitness functions fn : {0;2;[2290499, 875600, 131030, 362031, 14489129, 875600, 629118];['Mutation', 'crossover SUV', 'operator', 'variance', 'evolutionary algorithm', 'crossover SUV', 'fitness function']
Many different index structures;2;[6671777];['structure']
Given a digraph D and a subset X of vertices of D;2;[336286, 28561969, 1304193, 336286];['defender', 'XXXTentacion', 'vertex', 'defender']
For a multi-set Σ of splits (bipartitions) of a finite set X;2;[14413, 524080, 272404, 28561969];['Σ', 'split', 'finite set', 'XXXTentacion']
A path cover of a graph G = (V;2;[17141250, 17514, 18388296, 18373];['Path cover', 'graffiti', 'V', 'gravitational constant']
We study threshold properties of random constraint satisfaction problems under a probabilistic model due to Molloy [Models for random constraint satisfaction problems;2;[774145, 203994, 486902, 174565, 1128326];['threshold', 'euphoria', 'mathematical model', 'brackets', 'constraint satisfaction problem']
In this paper;2;[11472];['paper']
We present results related to satisfying shortest path queries on a planar graph stored in external memory. Let N denote the number of vertices in the graph and sort(N) denote the number of input/output (I/O) operations required to sort an array of length N: (1) We describe a blocking for rooted trees to support bottom-up traversals of these trees in O(K/B) I/Os;2;[2995644, 817765, 547823, 25339934, 11563, 1304193, 17514, 11563, 17148708, 210947, 1103, 3884033, 629, 186152, 627, 4927286, 1520825, 10884, 618];['result', 'path', 'planar graph', 'External memory', 'number', 'vertex', 'graffiti', 'number', 'output', 'factor of production', 'iodine', 'operation', 'oxygen', 'array data structure', 'nitrogen', 'blocking', 'arborescence', 'tree', 'boron']
Consider a graph G(V;2;[17514];['graffiti']
A stochastic (randomization) algorithm for solving mixed zero-one programs in a yes-no form is presented. Under a set of conditions;2;[8366, 1363085, 40056, 183252, 231043, 36161, 12136];['algorithm', 'randomization', 'computer program', 'morphology', 'consent', 'set', 'disease']
We consider the makespan minimization parallel machine scheduling problem where each machine may be unavailable for a known time interval. For this problem;2;[11019, 11019, 11471, 759676];['machine', 'machine', 'time', 'task']
Because antimatroid closure spaces satisfy the anti-exchange axiom;2;[4169, 17736];['outer space', 'axiom']
We characterize measures on free Boolean algebras and we examine the relationships that exist between measures and binary tables in relational databases. It is shown that these measures are completely defined by their values on positive conjunctions;2;[192276, 5499761, 223642, 192276, 496946, 192588, 192276, 194112, 36484];['measure', 'free Boolean algebra', 'interpersonal relationship', 'measure', 'table', 'relational database', 'measure', 'value', 'conjunction']
Using a weaker variant of the well-known dominance order on partitions;2;[362031, 5290288, 1082910];['variance', 'Dominance order', 'partition']
An L (2;2;[6203];['Avogadro constant']
This note deals with the job insertion problem in job-shop scheduling: Given a feasible schedule of n jobs and a new job which is not scheduled;2;[263478, 192581, 2271896, 1123036, 192581, 192581];['note', 'job', 'scheduling', 'scheduler', 'job', 'job']
In anonymous secret sharing schemes;2;[959962];['diagram']
A graph G = (V;2;[17514, 18373, 18388296];['graffiti', 'gravitational constant', 'V']
It is proved that seven different approaches to the multi-peg Tower of Hanoi problem are all equivalent. Among them the classical approaches of Stewart and Frame from 1941 can be found.;2;[4656436, 869870, 1858, 759676, 21162272, 41402, 18713327];['A Different Approach', 'Jenga', 'Hanoi', 'task', 'means', 'Gilbert Stuart', 'The Frame']
Functions exe(F;2;[16993879];['Function']
Rotagraphs generalize all standard products of graphs in which one factor is a cycle. A computer-based approach for searching graph invariants on rotagraphs is proposed and two of its applications are presented. First;2;[40276, 17514, 760170, 11442, 21162272, 722659, 166142];['multiplication', 'graffiti', 'enumerated type', 'bicycle', 'means', 'graph property', 'application']
We explore the possibility of using multiple processors to improve the encoding and decoding times of Lempel-Ziv schemes. A new layout of the processors;2;[7233420, 1466064, 11471, 18653, 959962, 356732, 1466064];['Possibility', 'processor', 'time', 'encoding', 'diagram', 'marking out', 'processor']
A digital arc is called 'straight' if it is the digitization of a straight line segment. Since the concept of digital straightness was introduced in the mid-1970s;2;[28602, 843958, 166154, 151885, 1035954];['Aramaic language', 'digitization', 'line segment', 'concept', 'heterosexuality']
Branchwidth is a graph invariant closely related to treewidth;2;[722659];['graph property']
In this paper we present lower bounds for the connectivity of the i-iterated line graph Li(G) of a graph G. We prove that if G is a connected regular graph and i ≥ 5;2;[11472, 10585806, 28134632, 776115, 17514, 3755540, 18373, 826467];['paper', 'minimum', 'connectivity', 'line chart', 'graffiti', 'G.', 'gravitational constant', 'regular graph']
Forgery and key-recovery attacks are described on the 3gpp-MAC scheme;2;[1332286, 81672, 959962];['forgery', 'assault', 'diagram']
We investigate how the compression size of the compressed version of a two-dimensional image changes when we cut off a part of it;2;[2493, 3331189, 478798, 7401];['data compression', 'version, edition, or translation', 'image', 'part']
Two graphs G and H with the same vertex set V are P4-isomorphic if there exists a permutation π on V such that;2;[17514, 18373, 556, 18388296, 161519, 18388296];['graffiti', 'gravitational constant', 'hydrogen', 'V', 'permutation', 'V']
We consider both the vertex and the edge versions of three graph partitioning problems. These problems are dominating set;2;[26401, 133346, 17514, 759676, 36161];['vertex', 'border', 'graffiti', 'task', 'set']
In this paper;2;[11472];['paper']
Let µ be a rational-valued metric on a finite set T. We consider (a version of) the multifacility location problem: given a finite set V ⊇ T and a function c : (V 2) → Z+;2;[865746, 272404, 21473990, 3331189, 759676, 18388296, 82435, 18388296];['metric function', 'finite set', 'Titus', 'version, edition, or translation', 'task', 'V', 'e', 'V']
For a binary tree with n nodes;2;[380172, 173106];['binary tree', 'network node']
We propose a simple data structure to represent all equivalent literals such as l1 ↔ l2 in a CNF formula F;2;[175263, 121572, 935289, 846564, 650];['data structure', 'literal', 'ISO/IEC 8859-1', 'conjunctive normal form', 'fluorine']
Convex geometries are closure spaces which satisfy anti-exchange property;2;[1783542, 4169, 6422240];['convex geometry', 'outer space', 'property']
We discuss matroid-likeness of polyhedra whose facets have non-01-vectors as their normal vectors. We propose;2;[172937, 3268495, 180309, 44528, 44528];['polyhedron', 'facet', 'hyphen', 'Euclidean vector', 'Euclidean vector']
The objective of this study was to distinguish within a population of patients with and without breast cancer. The study was based on the University of Wisconsin's dataset of 569 patients;2;[3880557, 28106657, 2625603, 181600, 128581, 28106657, 1172284, 838330, 1537, 181600];['objective', 'model sheet', 'population', 'patient', 'breast cancer', 'model sheet', 'data set', 'University of Wisconsin–Madison', 'Wisconsin', 'patient']
The present paper is intended to survey the interaction between relational database theory and coding theory. In particular it is shown how an extremal problem for relational databases gives rise to a new type of coding problem. The former concerns minimal representation of branching dependencies that can be considered as a data mining type question. The extremal configurations involve d-distance sets in the space of disjoint pairs of k-element subsets of an n-element set X. Let X be an n-element finite set;2;[11472, 1665869, 4809258, 602136, 759676, 192588, 1139344, 190087, 759676, 206361, 853614, 161243, 42848, 1781447, 60791114, 4169, 191290, 177646, 11344, 1739040, 272404];['paper', 'interaction', 'Database theory', 'coding theory', 'task', 'relational database', 'grade', 'data type', 'task', 'concern', 'identifier', 'dependent territory', 'data', 'computer configuration', 'Distance set', 'outer space', 'ordered pair', 'subset', 'chemical element', 'Kent Williams', 'finite set']
Combinatorial Laplace operators on the simplicial complex of independent sets of a loopless matroid M are known to have non-negative integral spectra (J. Amer. Math. Soc. B 13 (2000) 129). The spectrum polynomial of M;2;[131030, 994399, 1060343, 160669, 17510860, 8197166, 395, 610398, 618, 43260, 160669];['operator', 'simplicial complex', 'independent set', 'Mach number', 'Spectra', 'Amer', 'mathematics', 'system on a chip', 'boron', 'polynomial', 'Mach number']
The usefulness of topology in science and mathematics means that topological spaces must be studied;2;[42989, 336, 395, 179899];['topology', 'science', 'mathematics', 'topological space']
Distance labeling schemes are schemes that label the vertices of a graph with short labels in such a way that the distance between any two vertices can be inferred from inspecting their labels. It is shown in this paper that the classes of interval graphs and permutation graphs enjoy such a distance labeling scheme using O(log2 n) bit labels on n-vertex graphs. Towards establishing these results;2;[959962, 959962, 1304193, 17514, 18127, 17641254, 126017, 1304193, 18127, 11472, 4479242, 835942, 7169369, 959962, 18127, 17514, 2995644];['diagram', 'diagram', 'vertex', 'graffiti', 'record label', 'Andrew John Henry Way', 'distance', 'vertex', 'record label', 'paper', 'class', 'interval graph', 'permutation graph', 'diagram', 'record label', 'graffiti', 'result']
A graph is called equistable when there is a non-negative weight function on its vertices such that a set S of vertices has total weight 1 if and only if S is maximal stable. We characterize those series-parallel graphs that are equistable;2;[17514, 1520657, 1304193, 682, 1304193, 65088056, 682, 17514];['graffiti', 'weight function', 'vertex', 'sulfur', 'vertex', 'gross weight', 'sulfur', 'graffiti']
Genomics studies routinely depend on similarity searches based on the strategy of finding short seed matches (contiguous k bases) which are then extended. The particular choice of the seed length;2;[5533503, 608751, 185451, 40763, 5962, 1775867, 40763];['Genomics', 'nearest neighbor search', 'strategy', 'seed', 'Boltzmann constant', 'choice', 'seed']
We investigate the complexity of several domination problems on the complements of bounded tolerance graphs and the complements of trapezoid graphs. We describe an O(n2 log5 n) time and O(n2) space algorithm to solve the domination problem on the complement of a bounded tolerance graph;2;[723897, 759676, 242767, 17514, 242767, 7835582, 6666767, 11471, 8366, 759676, 242767, 17514];['complexity', 'task', 'complement', 'graffiti', 'complement', 'Trapezoid graph', 'Log5', 'time', 'algorithm', 'task', 'complement', 'graffiti']
The paper considers scheduling problems for parallel dedicated machines subject to resource constraints. A fairly complete computational complexity classification is obtained;2;[11472, 2271896, 11019, 723897];['paper', 'scheduling', 'machine', 'complexity']
In this paper we introduce the new notion of n-pseudomanifold and n-weakmanifold in an (n + 1)-digital image using (2(n + 1);2;[11472, 595523, 478798, 21199, 282364];['paper', 'notion', 'image', 'natural number', 'dagger']
We study the limit of branching rules in the Davis-Logemann-Loveland (DLL) procedure for hard random unsatisfiable 3-SAT and try to answer the question: what would be the search tree size if every branching variable were the best possible? The issue is of practical interest because much effort has been spent in designing better branching rules. Our experimental results suggest that the branching rules used in the current state-of-the-art DLL procedures are probably already close to the optimal for hard random unsatisfiable 3-SAT;2;[177239, 104555, 190686, 380319, 668546, 189756, 4049983, 50701, 86447, 170924, 14536140, 104555, 2995644, 104555, 380319, 7275, 735, 334113];['limit', 'ruler', 'subroutine', 'dynamic-link library', 'Davis', 'question', 'cardinality', 'variable', 'issue', 'interest', 'exertion', 'ruler', 'result', 'ruler', 'dynamic-link library', 'state', 'art', 'SAT']
The paper presents a new method of investigating topological properties of three-dimensional manifolds by means of computers. Manifolds are represented as block complexes. The paper contains definitions and a theorem necessary to transfer some basic knowledge of the classical topology to finite topological spaces. The method is based on subdividing the given set into blocks of cells in such a way that a k-dimensional block be homeomorphic to a k-dimensional ball. The block structure is described by the data structure known as cell list which is generalized here for the multidimensional case. Results of computer experiments are presented.;2;[11472, 190686, 625948, 203920, 2796622, 68, 48378, 11472, 101072, 65943, 190686, 48378, 7868, 17641254, 48378, 18545, 48378, 175263, 209440, 8188561, 18703883, 5157537];['paper', 'subroutine', 'topological property', 'manifold', 'mean', 'computer', 'pulley', 'paper', 'definition', 'theorem', 'subroutine', 'pulley', None, 'Andrew John Henry Way', 'pulley', 'ball', 'pulley', 'data structure', 'electrochemical cell', 'letter case', 'Results', 'Computer experiment']
A channel assignment problem is a triple (V;2;[620614, 18388296];['Assignment problem', 'V']
A mixed hypergraph is a triple (V;2;[840247, 18388296];['hypergraph', 'V']
The models within operational research concerned with locational decisions mostly either consider only the positive effects;2;[486902, 194292, 2995644];['mathematical model', 'operations research', 'result']
The problem of finding the minimum size 2-connected subgraph is a classical problem in network design. It is known to be NP-hard even on cubic planar graphs and MAX SNP-hard. We study the generalization of this problem;2;[759676, 4049983, 759676, 82604, 837, 547823, 10658, 170084, 759676];['task', 'cardinality', 'task', 'design', 'Nepal', 'planar graph', 'Scottish National Party', 'generalization', 'task']
The reconstruction of hv-convex binary matrices from their absorbed projections is considered. Although this problem is NP-hard if the non-absorbed row and column sums are available;2;[7820109, 1994977, 519967, 759676, 837, 1366302, 218005];['tomographic reconstruction', 'logical matrix', 'projection', 'task', 'Nepal', 'row', 'sum']
We introduce a class of pseudo-Boolean functions called ordered;2;[4479242, 942353];['class', 'boolean function']
In [Boros;2;[1266593];['Bodo people']
We study the problem of (efficiently) deleting such clauses from conjunctive normal forms (clause-sets) which cannot contribute to any proof of unsatisfiability. For that purpose we introduce the notion of an autarky system A;2;[759676, 117364, 846564, 36161, 11538, 706622, 595523, 9887];['task', 'clause', 'conjunctive normal form', 'set', 'mathematical proof', 'intention', 'notion', 'Α']
A classical binary Preparata code P2(m) is a nonlinear (2^m^+^1,2^2^(^2^^^m^-^1^-^m^),6)-code, where m is odd. It has a linear representation over the ring Z4 [Hammons et al.;2;[188889, 11573, 853614, 161172, 222, 16870471];['code', 'metre', 'identifier', 'ring', 'Albania', 'Hammons']
The problem of non-distorting compression (or coding) of sequences of symbols is considered. For sequences of asymptotically zero empirical entropy;2;[759676, 2493, 133250, 80071, 133250, 45003];['task', 'data compression', 'sequence', 'symbol', 'sequence', 'entropy']
During the past decade;2;[39911];['decade']
Bruno Leclerc proved that a finite lattice is upper semimodular if and only if;2;[955175, 595364];['Bruno', 'lattice']
General objects are classes of individual objects that are considered to be extents of concepts of a formal context. In this paper;2;[488383, 4479242, 488383, 389408, 151885, 196626, 11472];['object', 'class', 'object', 'extent', 'concept', 'context', 'paper']
Given a sequence of n arbitrary events in a probability space;2;[133250, 10290214, 623472];['sequence', 'event', 'probability space']
This paper has two related themes. Firstly;2;[11472, 184148];['paper', 'plug-in']
Probe interval graphs (PIGs) are used as a generalization of interval graphs in physical mapping of DNA. G=(V;2;[17514, 12694432, 170084, 835942, 65085897, 7430];['graffiti', 'Pigue Airport', 'generalization', 'interval graph', 'Physical mapping', 'DNA']
An asteroidal triple (AT) is a set of vertices such that each pair of vertices is joined by a path that avoids the neighborhood of the third. Every AT-free graph contains a dominating pair;2;[3539534, 40, 36161, 1304193, 191290, 1304193, 817765, 123705, 7784746, 17514, 191290];['RDF triple', 'Austria', 'set', 'vertex', 'ordered pair', 'vertex', 'path', 'neighborhood', 'third', 'graffiti', 'ordered pair']
A new concept of multigraph coloring-an incidentor coloring is developed in this paper. It is shown that this coloring is a generalization of the ordinary edge coloring and that it can be applied for solving some optimization problems in data networks.;2;[151885, 2642629, 11472, 170084, 1050972, 984063, 42848];['concept', 'multigraph', 'paper', 'generalization', 'edge coloring', 'optimization problem', 'data']
Expanding and forwarding are two graphic parameters related to the connectivity and the capacity of the network--the undirected graph with a given routing. Many large networks are composed from some existing smaller networks by using;2;[25345955, 1413083, 28134632, 491774, 141488, 17514, 22725, 141488, 141488];['forwarding', 'parameter', 'connectivity', 'tonnage', 'graph', 'graffiti', 'routing', 'graph', 'graph']
We gives some examples of subsets of points in the projective plane associated to truncated generalized projective Reed-Muller codes with good parameters;2;[12335479, 177646, 82818, 1475760, 188889, 1413083];['template', 'subset', 'railroad switch', 'projective plane', 'code', 'parameter']
In their paper (Inform. Process. Lett. 77 (2001) 261);2;[539268, 11472, 30597847, 16999734, 172008];['Inform', 'paper', 'Process', 'Henry William Lett', 'full stop']
Let g be a collection of graphs with n vertices. We present a simple description of [G]χ = {H ∈ g : χ(H) = χ(G)} where χ denotes the Randic´ index. We associate to G a Q-linear map ρ : Qm → Qk (for some integers k;2;[3052382, 17514, 1304193, 1200750, 556, 873506, 18373, 207643, 29539, 18034160, 944, 12503];['fonds', 'graffiti', 'vertex', 'description', 'hydrogen', 'index', 'gravitational constant', 'linear map', 'density', 'QKI', 'quantum mechanics', 'integer']
We study the behavior of the Randic index @g subject to the operation on a tree T which creates a new tree T^';2;[9332, 873506, 3884033, 10884, 10884];['behavior', 'index', 'operation', 'tree', 'tree']
Let g: D × D → R be a symmetric function on a finite set D satisfying g(x;2;[9739, 182333, 1900125, 336286, 981351, 336286];['G', 'gas constant', 'multiplication sign', 'defender', 'symmetric function', 'defender']
Consider a planar grid of size w × n. The vertices of the grid are called terminals and pairwise disjoint sets of terminals are called nets. We aim at routing all nets in a cubic grid (above the original grid holding the terminals) in a vertex-disjoint way. However;2;[1527816, 4049983, 9964, 1304193, 1527816, 176140, 215382, 176140, 1191147, 1191147, 1527816, 1527816, 176140, 17641254];['grating', 'cardinality', 'W', 'vertex', 'grating', 'electrode', 'disjoint sets', 'electrode', 'net', 'net', 'grating', 'grating', 'electrode', 'Andrew John Henry Way']
We present an algorithm for the all pairs shortest distance problem on permutation graphs. Given a permutation model for the graph on n vertices;2;[8366, 126017, 191290, 7169369, 18085712, 17514, 1304193];['algorithm', 'distance', 'ordered pair', 'permutation graph', 'Permutation model', 'graffiti', 'vertex']
Given a finite ordered set of items and an unknown distinguished subset P of up to p positive elements;2;[36161, 859965, 674, 11344];['set', 'item', 'phosphorus', 'chemical element']
The MINIMUM 2SAT-DELETION problem is to delete the minimum number of clauses in a 2SAT instance to make it satisfiable. It is one of the prototypes in the approximability hierarchy of minimization problems Khanna et al. [Constraint satisfaction: the approximability of minimization problems;2;[759676, 11563, 117364, 1664689, 207977, 188619, 6865248, 222, 30158686, 6865248];['task', 'number', 'clause', 'instance', 'prototype', 'hierarchy', 'minification', 'Albania', 'Constraint satisfaction', 'minification']
In addition to their prevalent use for analyzing gene expression;2;[32043, 7901733, 26972];['addition', 'Use', 'gene expression']
The problem of sorting signed permutations by reversals is inspired by genome rearrangement problems in computational molecular biology. Given two genomes represented as signed permutations of the same elements (e.g. orthologous genes);2;[759676, 161519, 7907894, 7020, 7202, 7020, 161519, 11344, 7187];['task', 'permutation', 'vacated judgment', 'genome', 'molecular biology', 'genome', 'permutation', 'chemical element', 'gene']
We present a parallel algorithm for recognizing and representing a proper interval graph in O(log^2n) time with O(m+n) processors on the CREW PRAM;2;[1087987, 835942, 11471, 1466064, 1153902];['parallel algorithm', 'interval graph', 'time', 'processor', 'phase-change memory']
We show that every function f implemented as a lookup table can be implemented such that the computational complexity of evaluating f^m(x) is small;2;[11348, 9765, 690265, 5157286];['function', 'F', 'lookup table', 'computational complexity']
Many problems involving DNA can be modeled by families of intervals. However;2;[759676, 7430, 8436, 185148];['task', 'DNA', 'family', 'real interval']
The detection of frequent patterns such as motifs and higher aggregates is of paramount interest in biology and invests many other applications of automated discovery. The problem with its variants is usually plagued with computational burden. A related difficulty is posed by the fact;2;[5720030, 2083958, 1697305, 866298, 170924, 420, 166142, 753297, 759676, 362031, 27964433, 26269989, 188572];['detection', 'pattern', 'narrative motif', 'aggregate', 'interest', 'biology', 'application', 'discovery', 'task', 'variance', 'Burden', 'degree of difficulty', 'fact']
We determine the number of nonzero coefficients (called the Hamming weight) in the polynomial representation of x^1^/^3 in F3^m=F3[x]/(f);2;[11563, 50700, 5645805, 853614, 214796];['number', 'coefficient', 'Hamming weight', 'identifier', 'equals sign']
We study the on-line version of the maximum independent set problem;2;[3331189, 37105, 36161];['version, edition, or translation', 'line', 'set']
We investigate the relative complexity of the graph isomorphism problem (GI) and problems related to the reconstruction of a graph from its vertex-deleted or edge-deleted subgraphs (in particular;2;[723897, 3738036, 325668, 759676, 7820109, 17514];['complexity', 'Graph isomorphism problem', 'geographical indication', 'task', 'tomographic reconstruction', 'graffiti']
Let P be a poset in a class of posets . A smallest positive integer r is called reducibility number of P with respect to if there exists a non-empty subset S of P with |S|=r and . The reducibility numbers for the power set nn of an n-set (n≥2) with respect to the classes of distributive lattices;2;[674, 474715, 4479242, 474715, 12503, 11563, 674, 28510, 682, 674, 11563, 25342, 25164, 28510, 4479242, 2363730];['phosphorus', 'partially ordered set', 'class', 'partially ordered set', 'integer', 'number', 'phosphorus', 'respect', 'sulfur', 'phosphorus', 'number', 'power', 'Nynorsk', 'respect', 'class', 'distributive lattice']
The purpose of this paper is to describe a method for embedding binary trees into hypercubes based on an iterative embedding into their subgraphs induced by dense sets. As a particular application;2;[706622, 11472, 190686, 380172, 213723, 673444, 166142];['intention', 'paper', 'subroutine', 'binary tree', 'hypercube', 'dense set', 'application']
Motivated by computer experiments;2;[5157537];['Computer experiment']
Let G be a simple digraph. The dicycle packing number of G;2;[1137726, 11563, 18373];['directed graph', 'number', 'gravitational constant']
In the framework of cooperative game theory;2;[271680, 44455];['software framework', 'game theory']
We consider the coloring problem for mixed graphs;2;[759676, 17104046];['task', 'Mixed graph']
Properties for distances based on neighbourhood sequences on the face-centred cubic (fcc) and the body-centred cubic (bcc) grids are presented. Formulas to both compute the distances and assure that the distances satisfy the conditions for being metrics are presented and proved to be correct. The formulas are used to calculate the neighbourhood sequences that generates distances with lowest deviation from the Euclidean distance.;2;[7250211, 126017, 133250, 128831, 1527816, 1755246, 126017, 126017, 12136, 865746, 2287198, 133250, 126017, 849149, 847073];['Property', 'distance', 'sequence', 'Federal Communications Commission', 'grating', 'The Formula', 'distance', 'distance', 'disease', 'metric function', 'infant formula', 'sequence', 'distance', 'deviation', 'Euclidean distance']
Let G be a connected (di)graph. A vertex w is said to strongly resolve a pair u;2;[9964, 9747];['W', 'U']
In the last years;2;[5274490];['The Last Year']
For a given linear mapping;2;[207643];['linear map']
Let D be a digraph. The competition-common enemy graph (CCE graph) of D has the same set of vertices as D and an edge between vertices u and v if and only if there are vertices w and x in D such that (w;2;[336286, 1137726, 17514, 17514, 336286, 36161, 1304193, 336286, 133346, 9747, 3711325, 1304193, 336286, 9964];['defender', 'directed graph', 'graffiti', 'graffiti', 'defender', 'set', 'vertex', 'defender', 'border', 'U', 'speed', 'vertex', 'defender', 'W']
We present an elementary theory of optimal interleaving schemes for correcting cluster errors in two-dimensional digital data. It is assumed that each data page contains a fixed number of;2;[5358916, 959962, 206637, 173285, 42848, 11563];['Elementary theory', 'diagram', 'computer cluster', 'digital data', 'data', 'number']
In the classical channel assignment problem;2;[733553];['channel']
"We consider the problem of scheduling orders for multiple different product types in an environment with m dedicated machines in parallel. The objective is to minimize the total weighted completion time. Each product type is produced by one and only one of the m dedicated machines; that is";2;[759676, 1473607, 7247800, 2249676, 11019, 53875, 3880557, 11471, 1466128, 7247800, 11019, 11573];['task', 'degree of a polynomial', 'product type', 'environment', 'machine', 'parallelism', 'objective', 'time', 'gross', 'product type', 'machine', 'metre']
We study the following problem: given a tree G and a finite set of trees H;2;[759676, 10884, 272404, 10884, 556];['task', 'tree', 'finite set', 'tree', 'hydrogen']
In the partially ordered knapsack problem (POK) we are given a set N of items and a partial order @?P on N. Each item has a size and an associated weight. The objective is to pack a set N^'@?N of maximum weight in a knapsack of bounded size. N^' should be precedence-closed, i.e., be a valid prefix of @?P. POK is a natural generalization;2;[864457, 15267272, 859965, 1473607, 6951521, 859965, 4049983, 11423, 3880557, 36161, 11423, 3815907, 4049983, 7239397, 134830, 15267272, 170084];['Knapsack problem', 'Pok', 'item', 'degree of a polynomial', 'N.', 'item', 'cardinality', 'mass', 'objective', 'set', 'mass', 'Knapsack', 'cardinality', 'Precedence', 'prefix', 'Pok', 'generalization']
For a given graph G of order n;2;[18373, 1473607];['gravitational constant', 'degree of a polynomial']
Let G be a graph and d(v) denote the degree of a vertex v in G. Then the zeroth-order general Randic index R@a0(G) of the graph G is defined as @?v@?V(G)d(v)^@a;2;[17514, 189533, 3711325, 3755540, 873506, 18373];['graffiti', 'academic degree', 'speed', 'G.', 'index', 'gravitational constant']
A graph G is called integral if all eigenvalues of its adjacency matrix A(G) are integers. In this paper;2;[18373, 727035, 12503, 11472];['gravitational constant', 'adjacency matrix', 'integer', 'paper']
In this paper we define Sturmian graphs and we prove that all of them have a certain ''counting'' property. We show deep connections between this counting property and two conjectures;2;[11472, 17514, 6422240, 31924, 6422240];['paper', 'graffiti', 'property', 'connection', 'property']
The Fibonacci number of a graph is the number of independent vertex subsets. In this paper;2;[47577, 17514, 11563, 177646, 11472];['Fibonacci number', 'graffiti', 'number', 'subset', 'paper']
We show that the middle bit of the multiplication of two n-bit integers can be computed by an ordered binary decision diagram (OBDD) of size less than 2.8.2^6^n^/^5. This improves the previously known upper bound of (73).2^4^n^/^3 by Woelfel (New Bounds on the OBDD-size of integer multiplication via Universal Hashing;2;[8805, 40276, 12503, 864155, 4049983, 14754876, 4049983, 12503, 846912];['bit', 'multiplication', 'integer', 'binary decision diagram', 'cardinality', 'New', 'cardinality', 'integer', 'universal hashing']
It is a well-known fact that if C is an [n;2;[6423452, 623, 174565];['Known Fact', 'carbon', 'brackets']
Stiebitz [Decomposing graphs under degree constraints;2;[17514, 189533];['graffiti', 'academic degree']
It is now well-documented that the structure of evolutionary relationships between a set of present-day species is not necessarily tree-like. The reason for this is that reticulation events such as hybridizations mean that species are a mixture of genes from different ancestors. Since such events are relatively rare;2;[6671777, 223642, 36161, 7432, 10884, 178354, 10290214, 8223839, 7432, 169336, 7187, 402152, 10290214];['structure', 'interpersonal relationship', 'set', 'species', 'tree', 'reason', 'event', 'nucleic acid hybridization', 'species', 'mixture', 'gene', 'ancestor', 'event']
A well-known formula of Tutte and Berge expresses the size of a maximum matching in a graph G in terms of what is usually called the deficiency. A subset X of V(G) for which this deficiency is attained is called a Tutte set of G. While much is known about maximum matchings;2;[2287198, 4891448, 4049983, 1065144, 18373, 1071233, 1139338, 28561969, 1139338, 36161, 3755540, 1065144];['infant formula', 'Berge', 'cardinality', 'matching', 'gravitational constant', 'terminal emulator', 'Ex nihilo', 'XXXTentacion', 'Ex nihilo', 'set', 'G.', 'matching']
In this paper;2;[11472];['paper']
In a graph;2;[17514];['graffiti']
We use syntactic monoid methods;2;[190686];['subroutine']
Given a graph G and a vertex subset S of V(G);2;[682];['sulfur']
We review selected known results on partially ordered patterns (POPs) that include co-unimodal;2;[2995644, 2083958, 386147];['result', 'pattern', 'point of sale']
Let C be a circuit representing a straight-line program on n inputs x1,x2;2;[623, 132629, 40056, 210947];['carbon', 'electrical network', 'computer program', 'factor of production']
We present a randomized polynomial-time approximation algorithm for the fixed linear crossing number problem (FLCNP). In this problem;2;[621751, 207643, 759676];['approximation algorithm', 'linear map', 'task']
We point out several security flaws in the cryptosystem based on tree replacement systems proposed by Samuel;2;[169489, 976521, 10884, 6577515];['security', 'cryptosystem', 'tree', 'Samuel']
We propose a new characterization of dual bases in finite fields. Let A=(@a1,...,@an) be a basis of F over Fq and its dual basis B=(@b1;2;[2667413, 2297777, 603880, 189569, 650, 2297777];['characterization', 'dual basis', 'finite field', 'basis', 'fluorine', 'dual basis']
The Grishukhin inequality is a facet of the cut polytope CUT7^@? of the complete graph K7;2;[28113351, 3268495, 747980, 11169, 45715, 14864152];['inequality', 'facet', 'polytope', 'question mark', 'complete graph', 'KRT7']
In this paper;2;[11472];['paper']
"Given an integer k&ge;1 and any graph G";2;[18373, 12503];['gravitational constant', 'integer']
Given an integer k>=1 and any graph G;2;[12503, 17514, 18373];['integer', 'graffiti', 'gravitational constant']
Induction (or transformation) by bipartite graphs is one of the most important operations on matroids;2;[484511, 461499, 174733, 3884033, 898572];['inductive reasoning', 'transformation', 'bipartite graph', 'operation', 'matroid']
In classical deterministic scheduling problems;2;[2271896];['scheduling']
In this paper we introduce the notion of the fractional weak discrepancy of a poset;2;[11472, 595523, 65090009, 474715];['paper', 'notion', 'Discrepancy', 'partially ordered set']
We introduce the notion of doubly rooted plane trees and give a decomposition of these trees;2;[595523, 7757371, 339062, 10884];['notion', 'The Plane Tree', 'decomposition', 'tree']
The asymmetric travelling salesman problem with replenishment arcs (RATSP);2;[759676, 28602];['task', 'Aramaic language']
In a graph G;2;[17514, 18373];['graffiti', 'gravitational constant']
The complexity class PP consists of all decision problems solvable by polynomial-time probabilistic Turing machines. It is well known that PP is a highly intractable complexity class and that PP-complete problems are in all likelihood harder than NP-complete problems. We investigate the existence of phase transitions for a family of PP-complete Boolean satisfiability problems under the fixed clauses-to-variables ratio model. A typical member of this family is the decision problem # 3SAT(>=2^n^/^2): given a 3CNF-formula;2;[185088, 3262192, 185088, 908207, 759676, 759676, 468777, 185357, 8436, 875276, 3481047, 117364, 50701, 379825, 8436, 3262192, 278485, 2287198];"[""People's Party"", 'decision problem', ""People's Party"", 'complexity class', 'task', 'task', 'existence', 'phase change', 'family', 'boolean satisfiability problem', 'ratio', 'clause', 'variable', 'element', 'family', 'decision problem', 'hashtag', 'infant formula']"
Imposing constraints is a way to incorporate information into the sequence alignment procedure. In this paper;2;[2303305, 17641254, 11028, 133250, 11472];['constraint', 'Andrew John Henry Way', 'information', 'sequence', 'paper']
The Wiener polynomial of a graph G is a generating function for the distance distribution dd(G)=(D1,D2;2;[43260, 17514, 18373, 860609, 126017];['polynomial', 'graffiti', 'gravitational constant', 'generating function', 'distance']
We develop polynomials in z@?C for which some generalized harmonic numbers are special cases at z=0. By using the Riordan array method;2;[43260, 13407133, 2890061, 190686];['polynomial', 'harmonic number', 'special case', 'subroutine']
Let p>=1 and q>=0 be integers. A family of sets F is (p;2;[12503, 8436, 36161, 650];['integer', 'family', 'set', 'fluorine']
This article studies the girth and cogirth problems for a connected matroid. The problem of finding the cogirth of a graphic matroid has been intensively studied;2;[103184, 759676, 959831, 898572, 759676, 5597156];['article', 'task', 'girth', 'matroid', 'task', 'Graphic matroid']
The Grundy (or First-Fit) chromatic number of a graph G is the maximum number of colors used by the First-Fit coloring of the graph G. In this paper we give upper bounds for the Grundy number of graphs in terms of vertex degrees;2;[11563, 1028061, 20925558, 18373, 11563, 1075, 5455379, 17514, 3755540, 11472, 10578722, 25303614, 17514, 1071233, 189533];['number', 'Grundy', 'First', 'gravitational constant', 'number', 'color', 'Fit', 'graffiti', 'G.', 'paper', 'maximum', 'Grundy number', 'graffiti', 'terminal emulator', 'academic degree']
In this paper;2;[11472];['paper']
The product graph Gm*Gp of two given graphs Gm and Gp was defined by Bermond et al. [Large graphs with given degree and diameter II;2;[17514, 17514, 81965, 17012, 222, 17514, 189533, 200];['graffiti', 'graffiti', 'General Motors', 'Guadeloupe', 'Albania', 'graffiti', 'academic degree', '2']
"In this paper we deal with the arc ranking problem of directed graphs. We give some classes of graphs for which the arc ranking problem is polynomially solvable. We prove that deciding whether @gr^'(G)=

#*The source location problem with local 3-vertex-connectivity requirements.
#@Toshimasa Ishii,Hitoshi Fujita,Hiroshi Nagamochi
#t2007
#cDiscrete Applied Mathematics
#index838719
#%415617
#%1088739
#%952486
#%624024
#!Let G=(V,E) be a simple undirected graph with a set V of vertices and a set E of edges. Each vertex v@?V has an integer valued demand d(v)>=0. The source location problem with vertex-connectivity requirements in a given graph G asks to find a set S of vertices with the minimum cardinality such that there are at least d(v) vertex-disjoint paths between S and each vertex v@?V-S. In this paper, we show that the problem with d(v)==4 for some vertex v@?V, the problem is NP-hard.

#*On encodings of spanning trees.
#@Glenn H. Hurlbert
#t2007
#cDiscrete Applied Mathematics
#index838720
#!Deo and Micikevicius recently gave a new bijection for spanning trees of complete bipartite graphs. In this paper we devise a generalization of Deo and Micikevicius's method, which is also a modification of Olah's method for encoding the spanning trees of any complete multipartite graph K(n1";2;[11472, 759676, 1137726, 4479242, 17514, 759676, 190212, 128751, 1761598, 1673893, 261846, 1620274, 33521, 11229, 11229, 11229, 11229, 2091584, 17514, 18388296, 1304193, 2091584, 133346, 26401, 4402708, 128751, 1761598, 18373, 682, 1304193, 4049983, 817765, 682, 26401, 11472, 759676, 26401, 759676, 837, 18653, 10884, 5627870, 33521, 3708772, 180907, 10884, 913598, 11472, 170084, 190686, 3708772, 1087043, 190686, 831672, 17514];"['paper', 'task', 'directed graph', 'class', 'graffiti', 'task', 'asterisk', 'source code', 'software requirements specification', 'Ishii', 'Tsuguharu Foujita', 'Hiroshi', 'applied mathematics', 'percent', 'percent', 'percent', 'percent', ""Young's modulus"", 'graffiti', 'V', 'vertex', ""Young's modulus"", 'border', 'vertex', 'demand', 'source code', 'software requirements specification', 'gravitational constant', 'sulfur', 'vertex', 'cardinality', 'path', 'sulfur', 'vertex', 'paper', 'task', 'vertex', 'task', 'Nepal', 'encoding', 'tree', 'H.', 'applied mathematics', 'Department of Extranormal Operations', 'bijection', 'tree', 'complete bipartite graph', 'paper', 'generalization', 'subroutine', 'Department of Extranormal Operations', 'modding', 'subroutine', 'spanning tree', 'graffiti']"
Gavril [F. Gavril;2;[5528384, 21473988];['Gavril', 'Faustus']
We study algorithms for @?SAT and its generalized version @?GENSAT;2;[8366, 3331189];['algorithm', 'version, edition, or translation']
We present the exact solution of the asymptotics of the multiple packing problem in a finite space with a sum-type metric.;2;[5447188, 3851477, 4169, 190087];['solution', 'packing problem', 'outer space', 'data type']
This paper presents the axioms of a real time random walk on the set of states of a medium and some of their consequences;2;[11472, 17736, 856741, 36161, 7275, 340169, 261155];['paper', 'axiom', 'random walk', 'set', 'state', 'communication medium', 'consequent']
We find the generating function counting the total internal path length of any proper generating tree. This function is expressed in terms of the functions (d(t);2;[860609, 7144654, 10884, 11348, 1071233, 11348];['generating function', 'path length', 'tree', 'function', 'terminal emulator', 'function']
The aim of a spatial classification is to position the units on a spatial network and to give simultaneously a set of structured classes of these units ''compatible'' with the network. We introduce the basic needed definitions: compatibility between a classification structure and a tessellation;2;[4503831, 5128386, 199, 7574076, 36161, 4479242, 199, 141488, 101072, 1319773, 6671777, 214856];['goal', 'classification', '1', 'spatial network', 'set', 'class', '1', 'graph', 'definition', 'consistency', 'structure', 'tessellation']
We study for various tree families the distribution of the number of edge-disjoint paths required to cover the edges of a random tree of size n. For all tree families considered we can show a central limit theorem with expectation ~@mn and variance ~@nn with constants @m;2;[10884, 200726, 11563, 817765, 133346, 10884, 4049983, 1084, 10884, 177239, 1362683, 186509];['tree', 'probability distribution', 'number', 'path', 'border', 'tree', 'cardinality', 'noun', 'tree', 'limit', 'expectation', 'mathematical constant']
We present proofs of lower bounds on the node search number of some grid-like graphs including two-dimensional grids;2;[11538, 10585806, 11563, 17514, 1527816];['mathematical proof', 'minimum', 'number', 'graffiti', 'grating']
We prove that a connected graph of diameter at least 4 and of girth 7 or more (in particular;2;[17514, 37221, 959831];['graffiti', 'diameter', 'girth']
One of the most beautiful and useful notions in the Mathematical Theory of Strings is that of a Period;2;[7063059, 20026918, 6590106, 2314021];['notions', 'mathematical theory', 'Strings', 'Period']
This paper presents procedures for constructing irreducible polynomials over GF(2^s) with linearly independent roots (or normal polynomials or N-polynomials). For a suitably chosen initial N-polynomial F0(x)@?GF(2^s) of degree n, polynomials Fk(x)@?GF(2^s) of degrees n2^k are constructed by iteratively applying the transformation x->x+x^-^1;2;[11472, 190686, 1476663, 1134817, 43260, 627, 189533, 189533, 461499];['paper', 'subroutine', 'irreducible polynomial', 'Android rooting', 'polynomial', 'nitrogen', 'academic degree', 'academic degree', 'transformation']
For a graph G;2;[18373];['gravitational constant']
By use of elementary geometric arguments we prove the existence of a special integral solution of a certain system of linear equations. The existence of such a solution then yields the NP-hardness of the decision problem on the existence of locally injective homomorphisms to Theta graphs with three distinct odd path lengths.;2;[7901733, 1780131, 468777, 5447188, 11203, 484637, 468777, 5447188, 1137554, 3262192, 468777, 215111, 17104040, 7144654];['Use', 'argument', 'existence', 'solution', 'system of linear equations', 'linear equation', 'existence', 'solution', 'NP-hardness', 'decision problem', 'existence', 'homomorphism', 'Theta graph', 'path length']
The signature coding for M active users out of T total users over a multiple access OR channel is considered. The mathematical problem is equivalent to the M-cover-free problem of extremal set theory. We survey the upper and lower bounds on the minimal code word length n(T;2;[188675, 18195621, 160669, 434745, 824, 1166625, 759676, 12482, 13222579, 863873, 36253];['signature', 'Active Users', 'Mach number', 'Tinashe', 'Oregon', 'mathematical problem', 'task', 'set theory', 'upper and lower bounds', 'Code word', 'length']
For each constant k;2;[5962];['Boltzmann constant']
This paper is the second part of a study devoted to the mutual exclusion scheduling problem. Given a simple and undirected graph G and an integer k;2;[11472, 7401, 28106657, 759676, 18373, 12503, 5962];['paper', 'part', 'model sheet', 'task', 'gravitational constant', 'integer', 'Boltzmann constant']
In this note;2;[263478];['note']
"It is well known that a de Bruijn sequence over F2 has the minimal polynomial (x+1)^d, where 2^n^-^1+n=

#*A framework for incremental generation of closed itemsets.
#@Petko Valtchev,Rokia Missaoui,Robert Godin
#t2008
#cDiscrete Applied Mathematics
#index838822
#%473546
#%938907
#%472392
#%472341
#%1009278
#%1059090
#%1091507
#%140530
#%299713
#%641830
#%304065
#%620018
#%290266
#%598124
#%2065
#%849055
#%846223
#%938939
#%1063451
#%473380
#%838822
#!Association rule mining from a transaction database (TDB) requires the detection of frequently occurring patterns, called frequent itemsets (FIs), whereby the number of FIs may be potentially huge. Recent approaches for FI mining use the closed itemset paradigm to limit the mining effort to a subset of the entire FI family, the frequent closed itemsets (FCIs). We show here how FCIs can be mined incrementally yet efficiently whenever a new transaction is added to a database whose mining results are available. Our approach for mining FIs in dynamic databases relies on recent results about lattice incremental restructuring and lattice construction. The fundamentals of the incremental FCI mining task are discussed and its reduction to the problem of lattice update, via the CI family, is made explicit. The related structural results underlie two algorithms for updating the set of FCIs of a given TDB upon the insertion of a new transaction. A straightforward method searches for necessary completions throughout the entire CI family, whereas a second method exploits lattice properties to limit the search to CIs which share at least one item with the new transaction. Efficient implementations of the parsimonious method is discussed in the paper together with a set of results from a preliminary study of the method's practical performances.

#*Algorithms for media.
#@David Eppstein,Jean-Claude Falmagne
#t2008
#cDiscrete Applied Mathematics
#index838823
#!Falmagne recently introduced the concept of a medium, a combinatorial object encompassing hyperplane arrangements, topological orderings, acyclic orientations, and many other familiar structures. We find efficient solutions for several algorithmic problems on media: finding short reset sequences, shortest paths, testing whether a medium has a closed orientation, and listing the states of a medium given a black-box description.

#*P-equicoverable graphs - Research on H-equicoverable graphs.
#@Yuqin Zhang
#t2008
#cDiscrete Applied Mathematics
#index838824
#%854751
#%838444
#!Let H be a fixed graph. An H-covering of G is a set L={H1";2;[133250, 209480, 271680, 190212, 213381, 16226063, 33521, 11229, 11229, 11229, 11229, 11229, 11229, 11229, 11229, 11229, 11229, 11229, 11229, 11229, 11229, 11229, 11229, 11229, 11229, 11229, 11229, 11229, 386780, 8513, 7820959, 5720030, 2083958, 20970075, 11563, 20970075, 21162272, 20970075, 28643, 44497, 177646, 8436, 5438159, 601401, 8513, 44497, 21162272, 44497, 8513, 2995644, 385378, 595364, 167634, 595364, 1457819, 44497, 1197709, 759676, 595364, 208498, 2995644, 8366, 36161, 5438159, 7820959, 1663694, 601401, 190686, 2990590, 208498, 190686, 595364, 16320113, 208498, 859965, 601401, 245962, 190686, 11472, 36161, 2995644, 28106657, 35140, 190686, 190212, 1740954, 45347, 6169109, 33521, 151885, 340169, 488383, 161519, 14953108, 4677986, 6671777, 5447188, 3435924, 1740954, 133250, 817765, 340169, 2748415, 7275, 340169, 3975, 395, 17514, 7315046, 17514, 37263491, 11229, 11229, 278485, 556, 17514, 556, 18373];['sequence', 'F-2', 'software framework', 'asterisk', 'generation', 'Robert', 'applied mathematics', 'percent', 'percent', 'percent', 'percent', 'percent', 'percent', 'percent', 'percent', 'percent', 'percent', 'percent', 'percent', 'percent', 'percent', 'percent', 'percent', 'percent', 'percent', 'percent', 'percent', 'percent', 'association rule learning', 'database', 'Tonga Development Bank', 'detection', 'pattern', 'CFI', 'number', 'CFI', 'means', 'CFI', 'paradigm', 'mining', 'subset', 'family', 'overhead power line fault indicator', 'trade', 'database', 'mining', 'means', 'mining', 'database', 'result', 'construction', 'lattice', 'Perestroika', 'lattice', 'Fundamental', 'mining', 'reduction', 'task', 'lattice', 'confidence interval', 'result', 'algorithm', 'set', 'overhead power line fault indicator', 'Tonga Development Bank', 'inclusion map', 'trade', 'subroutine', 'completion', 'confidence interval', 'subroutine', 'lattice', 'The Search', 'confidence interval', 'item', 'trade', 'implementation', 'subroutine', 'paper', 'set', 'result', 'model sheet', 'performance', 'subroutine', 'asterisk', 'tunica media', 'Eppstein', 'Jean-Claude Falmagne', 'applied mathematics', 'concept', 'communication medium', 'object', 'permutation', 'collation', 'Acyclic orientation', 'structure', 'solution', 'computational problem', 'tunica media', 'sequence', 'path', 'communication medium', 'orientability', 'state', 'communication medium', 'computer case', 'mathematics', 'graffiti', 'Research', 'graffiti', 'Zhang', 'percent', 'percent', 'hashtag', 'hydrogen', 'graffiti', 'hydrogen', 'gravitational constant']
We prove that binary decision diagrams [R. Bryant;2;[864155, 1931593];['binary decision diagram', 'R.']
The shifting technique is a useful tool in extremal set theory. It was successfully used and developed by Levon Khachatrian to obtain many significant results. The shifting operation also referred to as pushing gives rise to a partial order called pushing order. Here we consider the problem of determination of the size of special downsets in this order. For the analysis;2;[21162272, 39546, 12482, 1445935, 2995644, 3884033, 1139344, 1473607, 1473607, 759676, 21168708, 4049983, 1473607, 7754];['means', 'tool', 'set theory', 'Levon', 'result', 'operation', 'grade', 'degree of a polynomial', 'degree of a polynomial', 'task', 'determination', 'cardinality', 'degree of a polynomial', 'mathematical analysis']
An affine graph is a pair (G;2;[17514, 191290, 18373];['graffiti', 'ordered pair', 'gravitational constant']
Usual graph classes;2;[17514];['graffiti']
A clique-transversal of a graph G is a subset of vertices that meets all the cliques of G. A clique-independent set is a collection of pairwise vertex-disjoint cliques. The clique-transversal number and clique-independence number of G are the sizes of a minimum clique-transversal and a maximum clique-independent set of G;2;[761631, 18373, 177646, 1304193, 761631, 1060343, 3755540, 3052382, 761631, 11563, 11563, 18373, 4049983, 761631, 1060343, 18373];['clique', 'gravitational constant', 'subset', 'vertex', 'clique', 'independent set', 'G.', 'fonds', 'clique', 'number', 'number', 'gravitational constant', 'cardinality', 'clique', 'independent set', 'gravitational constant']
We study the fractional total chromatic number of Gn;2;[11563, 1006];['number', 'Guinea']
We analyze batch-scheduling problems that arise in connection with certain industrial applications. The models concern processing on a single max-batch machine with the additional feature that the tasks of the same batch have to be compatible. Compatibility is a symmetric binary relation-the compatible pairs are described with an undirected ''compatibility graph'';2;[2271896, 31924, 166142, 486902, 819511, 42139305, 759676, 819511, 1319773, 130901, 191290, 17514];['scheduling', 'connection', 'application', 'mathematical model', 'spoil tip', 'feature', 'task', 'spoil tip', 'consistency', 'binary relation', 'ordered pair', 'graffiti']
In many clustering systems (hierarchies;2;[188619, 58778];['hierarchy', 'system']
In this paper;2;[11472];['paper']
We study variants of the classical stable marriage problem in which the preferences of the men or the women;2;[362031, 620702, 1416170, 8441, 467];['variance', 'stable marriage problem', 'preference', 'man', 'woman']
Tree spanner problems have important applications in network design;2;[127332, 166142, 82604];['Charlotte Brontë', 'application', 'design']
In this paper;2;[11472];['paper']
Circular-perfect graphs form a natural superclass of perfect graphs: on the one hand due to their definition by means of a more general coloring concept;2;[1187620, 212542, 1187620, 33767, 101072, 2796622, 151885];['perfect graph', 'inheritance', 'perfect graph', 'hand', 'definition', 'mean', 'concept']
"We show the optimality of sphere-separable partitions for problems where n vectors in d-dimensional space are to be partitioned into p categories to minimize a cost function which is dependent in the sum of the vectors in each category; the sum of the squares of their Euclidean norms; and the number of elements in each category. We further show that the number of these partitions is polynomial in n. These results broaden the class of partition problems for which an optimal solution is guaranteed within a prescribed set whose size is polynomially bounded in n. Applications of the results are demonstrated through examples.";2;[1082910, 759676, 44528, 4169, 2294, 1036748, 218005, 44528, 719395, 218005, 11500, 956437, 11563, 11344, 719395, 11563, 1082910, 1084, 2995644, 4479242, 1065968, 5447188, 36161, 4049983, 1084, 2995644, 12335479];['partition', 'task', 'Euclidean vector', 'outer space', 'proton', 'loss function', 'sum', 'Euclidean vector', 'category', 'sum', 'area', 'norm', 'number', 'chemical element', 'category', 'number', 'partition', 'noun', 'result', 'class', 'Partition problem', 'solution', 'set', 'cardinality', 'noun', 'result', 'template']
The performance of a linear t-error correcting code over a q-ary symmetric memoryless channel with symbol error probability @e is characterized by the probability that a transmission error will remain undetected. This probability is a function of @e involving the code weight distribution and the weight distribution of the cosets of minimum weight at most t. When the undetectable error probability is an increasing function of @e;2;[35140, 207643, 733553, 80071, 9492, 6497460, 9492, 11348, 200726, 3711790, 751969, 6865502, 21473990, 9492, 11348];['performance', 'linear map', 'channel', 'symbol', 'probability', 'transmission', 'probability', 'function', 'probability distribution', 'Weight distribution', 'coset', 'Minimum weight', 'Titus', 'probability', 'function']
A transitive orientation of an undirected graph is an assignment of directions to its edges so that these directed edges represent a transitive relation between the vertices of the graph. Not every graph has a transitive orientation;2;[2748415, 17514, 315364, 29017603, 133346, 133346, 64861, 1304193, 17514, 17514, 2748415];['orientability', 'graffiti', 'transfer', 'control', 'border', 'border', 'transitive relation', 'vertex', 'graffiti', 'graffiti', 'orientability']
In this short paper;2;[11472];['paper']
We present a polynomial time algorithm to compute a minimum (weight) feedback vertex set for AT-free graphs;2;[8366, 36161, 17514];['algorithm', 'set', 'graffiti']
We give theoretical methods of creating sports schedules where there are multiple venues for the games;2;[190686, 349, 7920475, 11410];['subroutine', 'sport', 'venue', 'game']
A directed triplewhist tournament on v players;2;[500834, 3711325];['tournament', 'speed']
The Padmakar-Ivan (PI) index of a graph G is the sum over all edges uv of G of the number of edges which are not equidistant from u and v. In this paper;2;[873506, 830350, 7245082, 18373, 218005, 133346, 383568, 18373, 11563, 133346, 9747, 11472];['index', 'Ivan', 'principal investigator', 'gravitational constant', 'sum', 'border', 'University of Valencia', 'gravitational constant', 'number', 'border', 'U', 'paper']
We consider vertex coloring of an acyclic digraph G@? in such a way that two vertices which have a common ancestor in G@? receive distinct colors. Such colorings arise in a natural way when bounding space for various genetic data for efficient analysis. We discuss the corresponding down-chromatic number and derive an upper bound as a function of D(G@?);2;[26401, 1137726, 17641254, 1304193, 402152, 1075, 17641254, 4169, 42848, 7754, 11563, 11348];['vertex', 'directed graph', 'Andrew John Henry Way', 'vertex', 'ancestor', 'color', 'Andrew John Henry Way', 'outer space', 'data', 'mathematical analysis', 'number', 'function']
An induced subgraph H of a graph G is gated if for every vertex x outside H there exists a vertex x^' inside H such that each vertex y of H is connected with x by a shortest path passing through x^'. The gated amalgam of graphs G1 and G2 is obtained from G1 and G2 by identifying their isomorphic gated subgraphs H1 and H2. Two theorems on Hosoya polynomials of gated amalgams are provided. As their applications;2;[556, 18373, 26401, 556, 26401, 556, 26401, 9973, 556, 817765, 182574, 17514, 3799334, 5512664, 3799334, 1050411, 739120, 65943, 43260, 182574, 166142];['hydrogen', 'gravitational constant', 'vertex', 'hydrogen', 'vertex', 'hydrogen', 'vertex', 'Y', 'hydrogen', 'path', 'amalgam', 'graffiti', 'Directorate of Military Intelligence', 'G1', 'Directorate of Military Intelligence', 'Goblin', 'HTTP/2', 'theorem', 'polynomial', 'amalgam', 'application']
We show how to use the split decomposition to solve some NP-hard optimization problems on graphs. We give algorithms for clique problem and domination-type problems. Our main result is an algorithm to compute a coloration of a graph using its split decomposition. Finally we show that the clique-width of a graph is bounded if and only if the clique-width of each representative graph in its split decomposition is bounded.;2;[339062, 984063, 17514, 8366, 1196873, 190087, 2995644, 8366, 17514, 339062, 1101814, 17514, 1101814, 17514, 339062];['decomposition', 'optimization problem', 'graffiti', 'algorithm', 'clique problem', 'data type', 'result', 'algorithm', 'graffiti', 'decomposition', 'Clique-width', 'graffiti', 'Clique-width', 'graffiti', 'decomposition']
Let r>=2 be an integer. A real number @a@?[0;2;[12503, 12916];['integer', 'real number']
In this paper;2;[11472];['paper']
A general framework for modeling and solving cyclic scheduling problems is presented. The objective is to minimize the cycle time. The model covers different cyclic versions of the job-shop problem found in the literature;2;[271680, 6149367, 2271896, 3880557, 11442, 486902, 3331189, 759676, 8242];['software framework', 'modelling', 'scheduling', 'objective', 'bicycle', 'mathematical model', 'version, edition, or translation', 'task', 'literature']
We interpret the reciprocation process in K[[x]] as a fixed point problem related to contractive functions for certain adequate ultrametric spaces. This allows us to give a dynamical interpretation of certain arithmetical triangles introduced herein. Later we recognize;2;[205663, 156389, 11348, 1897429, 210439, 19821];['process', 'point', 'function', 'Ultrametric space', 'interpretation', 'triangle']
Polar graphs are a common generalization of bipartite;2;[17514, 170084, 4915407];['graffiti', 'generalization', 'Bipartite']
Its linear relaxation is often solved instead of the one-dimensional cutting stock problem (1CSP). This causes a difference between the optimal objective function values of the original problem and its relaxation;2;[900475, 1306230, 4658963, 11348, 759676, 900475];['relaxation', 'Cutting stock problem', 'cadency', 'function', 'task', 'relaxation']
In this paper a characterization of maximum fractional (g;2;[2667413, 11472, 9739];['characterization', 'paper', 'G']
We present a new computer system;2;[68];['computer']
Reformulation techniques are commonly used to transform 0-1 quadratic problems into equivalent;2;[21162272, 759676];['means', 'task']
The four digraph search models;2;[1137726];['directed graph']
Let D be a connected oriented graph. A set S@?V(D) is convex in D if;2;[336286, 17514, 336286];['defender', 'graffiti', 'defender']
It is proved that any pseudo-Boolean function f can be represented as f(x)=z+@f(x;2;[7254398, 9765];['Pseudo-Boolean function', 'F']
A mobile agent (robot);2;[3277848, 11012];['Mobile agent', 'robot']
"The Randic index of a simple connected graph G is defined as @?uv@?E(G)(d(u)d(v))^-^1^/^2. In this paper, we present a sharp lower bound on the Randic index of cacti with r pendants.

#*Center location problems on tree graphs with subtree-shaped customers.
#@Justo Puerto,Arie Tamir,Juan A. Mesa,Dionisio Pérez-Brito
#t2008
#cDiscrete Applied Mathematics
#index838898
#%1059445
#%950086
#%930243
#%1013222
#%651238
#%951614
#%211399
#%610523
#%951134
#%1014095
#%971500
#%481145
#%210377
#!We consider the p-center problem on tree graphs where the customers are modeled as continua subtrees. We address unweighted and weighted models as well as distances with and without addends. We prove that a relatively simple modification of Handler's classical linear time algorithms for unweighted 1- and 2-center problems with respect to point customers, linearly solves the unweighted 1- and 2-center problems with addends of the above subtree customer model. We also develop polynomial time algorithms for the p-center problems based on solving covering problems and searching over special domains.

#*Stability of two player game structures.
#@Andreas Polyméris
#t2008
#cDiscrete Applied Mathematics
#index838899
#%837001
#%952942
#!We have extended a two player game-theoretical model proposed by V. Gurvich [To theory of multi-step games, USSR Comput. Math and Math. Phys. 13 (1973)] and H. Moulin [The Strategy of Social Choice, North Holland, Amsterdam, 1983]: All the considered game situations are framed by the same game structure. The structure determines the families of potential decisions of the two players, as well as the subsets of possible outcomes allowed by pairs of such choices. To be a solution of a game, a pair of decisions has to determine a (pure) functional equilibrium of the situational pair of payoff mappings which transforms the realized outcome into real-valued rewards of the players. Accordingly we understand that a structure is stable, if it admits functional equilibria for all possible game situations; and that it is complete, if every situation that only partitions the potential outcomes, is dominated by one of the players. We have generalized and strengthened a theorem by V. Gurvich [Equilibrium in pure strategies, Soviet Math. Dokl. 38 (1989)], proving that a proper structure is stable iff it is complete. Additional results provide game-theoretical insight that focuses the inquiry on the complexity of the stability decision problem; in particular, for coherent structures. These results also have combinatorial importance because every structure is characterized by a pair of hypergraphs [C. Berge, Graphes et Hypergraphes, Dunod, 1970] over a common ground set. The structure is dual (complete/coherent) iff the clutter of one hypergraph equals (includes/is included in) the blocker of the other one. So, for non-void coherent structures, the stability decision problem is equivalent to the much studied subexponential [M.L. Fredman, L. Khachiyan, On the complexity of dualization of monotone disjunctive normal forms, J. Algorithms 21 (1996)] hypergraph duality decision problem.

#*Variable space search for graph coloring.
#@Alain Hertz,Matthieu Plumettaz,Nicolas Zufferey
#t2008
#cDiscrete Applied Mathematics
#index838900
#%814802
#%812776
#%979978
#%838742
#%773499
#%813597
#%813598
#%775021
#!Let G=(V,E) be a graph with vertex set V and edge set E. The k-coloring problem is to assign a color (a number chosen in {1,...,k}) to each vertex of G so that no edge has both endpoints with the same color. We propose a new local search methodology, called Variable Space Search, which we apply to the k-coloring problem. The main idea is to consider several search spaces, with various neighborhoods and objective functions, and to move from one to another when the search is blocked at a local optimum in a given search space. The k-coloring problem is thus solved by combining different formulations of the problem which are not equivalent, in the sense that some constraints are possibly relaxed in one search space and always satisfied in another. We show that the proposed algorithm improves on every local search used independently (i.e., with a unique search space), and is competitive with the currently best coloring methods, which are complex hybrid evolutionary algorithms.

#*Using solution properties within an enumerative search to solve a sports league scheduling problem.
#@Jean-Philippe Hamiez,Jin-Kao Hao
#t2008
#cDiscrete Applied Mathematics
#index838901
#%11860
#%117324
#%117390
#%548061
#%487069
#%166630
#%12977
#%838239
#!This paper presents an enumerative approach for a particular sports league scheduling problem known as ''Prob026'' in CSPLib. Despite its exponential-time complexity, this simple method can solve all instances involving a number T of teams up to 50 in a reasonable amount of time while the best known tabu search and constraint programming algorithms are limited to T=0 or T/2 is odd. Furthermore, solutions were also found for some T values up to 70. The proposed approach relies on discovering, by observation, interesting properties from solutions of small problem instances and then using these properties in the final algorithm to constraint the search process.

#*Partition into cliques for cubic graphs: Planar case, complexity and approximation.
#@Márcia R. Cerioli,L. Faria,T. O. Ferreira,Carlos A. J. Martinhon,Fábio Protti,Bruce A. Reed
#t2008
#cDiscrete Applied Mathematics
#index838902
#%1058550
#%759
#%931552
#%406834
#%816465
#%622476
#!Given a graph G=(V,E) and a positive integer k, the partition into cliques (pic) decision problem consists of deciding whether there exists a partition of V into k disjoint subsets V1";2;[873506, 17514, 18373, 11472, 873506, 14560, 9852, 190212, 10884, 852835, 18326155, 49261, 33521, 11229, 11229, 11229, 11229, 11229, 11229, 11229, 11229, 11229, 11229, 11229, 11229, 11229, 6587194, 10884, 852835, 1174982, 486902, 126017, 1087043, 8366, 1205349, 759676, 6587194, 28510, 852835, 759676, 6587194, 486902, 8366, 6587194, 759676, 146481, 190212, 11410, 33521, 11229, 11229, 486902, 1191071, 15180, 17737, 11410, 395, 395, 3359697, 5627870, 7621881, 18389443, 701, 727, 11410, 11410, 6671777, 8436, 732833, 5276395, 177646, 17104930, 191290, 1775867, 5447188, 11410, 191290, 732833, 1530271, 191290, 370502, 17104930, 4372150, 5276395, 6671777, 1530271, 11410, 2290680, 17104930, 5276395, 65943, 1191071, 174565, 185451, 19877957, 18046474, 6671777, 949972, 2995644, 1553259, 21004260, 723897, 403605, 6671777, 2995644, 6671777, 191290, 840247, 5517401, 115, 36161, 6671777, 641585, 840247, 632265, 6671777, 403605, 320980, 723897, 903789, 6103861, 2275559, 4169, 504843, 1371559, 37435870, 7029481, 33521, 11229, 11229, 11229, 11229, 11229, 11229, 11229, 11229, 2091584, 17514, 26401, 18388296, 133346, 759676, 1075, 11563, 26401, 18373, 133346, 12769393, 1075, 185698, 1457764, 759676, 131841, 17013331, 123705, 11348, 16320113, 3305386, 17013331, 759676, 3077570, 759676, 173253, 2303305, 17013331, 8366, 1868524, 17013331, 190686, 14489129, 5447188, 16320113, 349, 157098, 938985, 33521, 11229, 11229, 11229, 11229, 11229, 11229, 11229, 11229, 11472, 21162272, 349, 2393193, 190686, 1664689, 434745, 327245, 309314, 11471, 8366, 16320113, 11046554, 2303305, 5447188, 434745, 21162272, 6422240, 334401, 5447188, 1664689, 6422240, 8366, 205663, 8188561, 15843028, 761631, 1374495, 723897, 27058, 1931593, 320980, 171255, 159817, 56540352, 4978188, 33521, 11229, 11229, 11229, 11229, 11229, 11229, 17514, 2091584, 5962, 1082910, 3262192, 761631, 10486, 1082910, 18388296, 5962];"['index', 'graffiti', 'gravitational constant', 'paper', 'index', 'Cactaceae', 'R', 'asterisk', 'tree', 'customer', 'Arie', 'Mesa', 'applied mathematics', 'percent', 'percent', 'percent', 'percent', 'percent', 'percent', 'percent', 'percent', 'percent', 'percent', 'percent', 'percent', 'percent', 'centrism', 'tree', 'customer', 'continuum', 'mathematical model', 'distance', 'modding', 'algorithm', 'callback', 'task', 'centrism', 'respect', 'customer', 'task', 'centrism', 'mathematical model', 'algorithm', 'centrism', 'task', 'domain', 'asterisk', 'game', 'applied mathematics', 'percent', 'percent', 'mathematical model', 'V.', 'Soviet Union', 'theory', 'game', 'mathematics', 'mathematics', 'PHY', 'H.', 'Strategy', 'The Choice', 'North Holland', 'Amsterdam', 'game', 'game', 'structure', 'family', 'decision', 'gamer', 'subset', 'outcome', 'ordered pair', 'choice', 'solution', 'game', 'ordered pair', 'decision', 'equilibrium point', 'ordered pair', 'mapping', 'outcome', 'bounty', 'gamer', 'structure', 'equilibrium point', 'game', 'Situation', 'outcome', 'gamer', 'theorem', 'V.', 'brackets', 'strategy', 'Soviet', 'DOK3', 'structure', 'if and only if', 'result', 'insight', 'inquiry', 'complexity', 'stability', 'structure', 'result', 'structure', 'ordered pair', 'hypergraph', 'Gaius', 'Ethiopia', 'set', 'structure', 'clutter', 'hypergraph', 'Mobile phone jammer', 'structure', 'stability', 'Lucas van Leyden', 'complexity', 'disjunctive normal form', 'J.', 'duality', 'outer space', 'graph coloring', 'Hertz', 'Matthieu', 'Nicolas', 'applied mathematics', 'percent', 'percent', 'percent', 'percent', 'percent', 'percent', 'percent', 'percent', ""Young's modulus"", 'graffiti', 'vertex', 'V', 'border', 'task', 'color', 'number', 'vertex', 'gravitational constant', 'border', 'end', 'color', 'methodology', 'CTV Sci-Fi Channel', 'task', 'idea', 'feasible region', 'neighborhood', 'function', 'The Search', 'Local optimum', 'feasible region', 'task', 'Formulation', 'task', 'sense', 'constraint', 'feasible region', 'algorithm', 'local search', 'feasible region', 'subroutine', 'evolutionary algorithm', 'solution', 'The Search', 'sport', 'Philip I of Castile', 'Jin', 'applied mathematics', 'percent', 'percent', 'percent', 'percent', 'percent', 'percent', 'percent', 'percent', 'paper', 'means', 'sport', 'time complexity', 'subroutine', 'instance', 'Tinashe', 'team', 'quantity', 'time', 'algorithm', 'The Search', 'tapu', 'constraint', 'solution', 'Tinashe', 'means', 'property', 'surveillance', 'solution', 'instance', 'property', 'algorithm', 'process', 'letter case', 'Partition', 'clique', 'cubic graph', 'complexity', 'approximation', 'R.', 'Lucas van Leyden', 'Cutty Sark', 'Carlos, Prince of Asturias', 'Protti', 'Bruce Reed', 'applied mathematics', 'percent', 'percent', 'percent', 'percent', 'percent', 'percent', 'graffiti', ""Young's modulus"", 'Boltzmann constant', 'partition', 'decision problem', 'clique', 'Pictor', 'partition', 'V', 'Boltzmann constant']"
In this contribution the Riemann hypothesis analogue presented by Iwan Duursma is considered. Whether the analogue for a given selfdual code holds depends on its Hamming weight enumerator. A necessary and sufficient condition is provided in the case of genus less than 3 for the homogeneous polynomials in two variables invariant under the MacWilliams transform. Also the case of half integral genus is studied and similar results are obtained.;2;[25096743, 41719, 25342533, 485067, 188889, 11423, 12136, 1474074, 50701, 6722154, 8188561, 34740, 8188561, 34740, 2995644];['Contribution', 'hypothesis', 'Iwan', 'Analogue', 'code', 'mass', 'disease', 'homogeneous polynomial', 'variable', 'MacWilliams', 'letter case', 'genus', 'letter case', 'genus', 'result']
The neighbourhood-width of a graph G=(V;2;[123705, 17514];['neighborhood', 'graffiti']
A set of vertices S in a graph G is independent if no neighbor of a vertex of S belongs to S. The independence number @a is the maximum cardinality of an independent set of G. A series of best possible lower and upper bounds on @a and some other common invariants of G are obtained by the system AGX 2;2;[36161, 682, 17514, 18373, 6684320, 26401, 682, 17148194, 11563, 4049983, 1060343, 170198, 864930, 362031, 18373, 58778, 892248];['set', 'sulfur', 'graffiti', 'gravitational constant', 'The Neighbor', 'vertex', 'sulfur', 'S.', 'number', 'cardinality', 'independent set', 'series', 'Bound', 'variance', 'gravitational constant', 'system', 'Agatti Aerodrome']
The intramolecular model for gene assembly in ciliates considers three operations;2;[486902, 165436, 3884033];['mathematical model', 'assembly language', 'operation']
We propose a generic model for the ''weighted voting'' aggregation step performed by several methods in supervised classification. Further;2;[486902, 17525443, 2065430, 190686, 5128386];['mathematical model', 'middle', 'weighted voting', 'subroutine', 'classification']
"Hoffstein and Silverman suggested a use of Low Hamming Weight Product (LHWP) to compute a random power in a group or a multiple of an element in a ring. It reduces the computation of powers in a group with fast endomorphisms such as the Galois field F2^n and Koblitz elliptic curves. In this paper, we introduce a reduced representation of LHWP and apply them to attack the relevant cryptosystems.

#*Rotation symmetric Boolean functions - Count and cryptographic properties.
#@Pantelimon Stanica,Subhamoy Maitra
#t2008
#cDiscrete Applied Mathematics
#index838956
#%16599
#%837910
#%399383
#%570313
#%841851
#%193418
#!Rotation symmetric (RotS) Boolean functions have been used as components of different cryptosystems. This class of Boolean functions are invariant under circular translation of indices. Using Burnside's lemma it can be seen that the number of n-variable rotation symmetric Boolean functions is 2^g^^n";2;[21450787, 7901733, 837214, 25342, 83478, 1055293, 11344, 161172, 12525525, 25342, 83478, 1340800, 603880, 268493, 11472, 853614, 976521, 2343145, 7370303, 2482645, 6422240, 278485, 6737186, 33521, 11229, 11229, 11229, 11229, 11229, 11229, 942353, 11653, 976521, 4479242, 942353, 7553, 873506, 207505, 2928577, 11563, 206310, 2343145];['Silverman', 'Use', 'Low', 'power', 'group', 'multiple', 'chemical element', 'ring', 'computation', 'power', 'group', 'endomorphism', 'finite field', 'elliptic curve', 'paper', 'identifier', 'cryptosystem', 'Symmetric Boolean function', 'Rotation', 'The Count', 'property', 'hashtag', 'Maitra', 'applied mathematics', 'percent', 'percent', 'percent', 'percent', 'percent', 'percent', 'boolean function', 'electronic component', 'cryptosystem', 'class', 'boolean function', 'translation', 'index', 'lemma', 'Burnside', 'number', 'curl', 'Symmetric Boolean function']
Robotic cells consist of a flow-shop with a robot for material handling. A single part is to be produced cyclically and the objective is to minimize production rate. This document introduces basic concepts and tools for dealing with cyclic production. In particular;2;[7868, 750449, 11012, 1413942, 7401, 3880557, 739302, 49848, 151885, 39546, 739302];[None, 'flow', 'robot', 'material handling', 'part', 'objective', 'production', 'document', 'concept', 'tool', 'production']
An (h;2;[122894];['Planck constant']
Normal graphs can be considered as weaker perfect graphs in several ways. However;2;[17514, 1187620, 17641254];['graffiti', 'perfect graph', 'Andrew John Henry Way']
In this paper;2;[11472];['paper']
The median of a profile @p=(u1,...,uk) of vertices of a graph G is the set of vertices x that minimize the sum of distances from x to the vertices of @p. It is shown that for profiles @p with diameter @q the median set can be computed within an isometric subgraph of G that contains a vertex x of @p and the r-ball around x;2;[226995, 5117123, 1304193, 18373, 36161, 1304193, 218005, 126017, 1304193, 5117123, 226995, 18373, 26401, 9852, 180309, 1900125];['median', 'profile', 'vertex', 'gravitational constant', 'set', 'vertex', 'sum', 'distance', 'vertex', 'profile', 'median', 'gravitational constant', 'vertex', 'R', 'hyphen', 'multiplication sign']
We consider the following integer multipath flow network synthesis problem. We are given two positive integers q;2;[750449, 12503, 12503, 849422];['flow', 'integer', 'integer', 'voiceless uvular stop']
A Roman dominating function of a graph G=(V;2;[11348, 17514];['function', 'graffiti']
Given a graph G;2;[17514, 18373];['graffiti', 'gravitational constant']
Day and Tripathi [K. Day;2;[174565, 29652910, 28164084];['brackets', 'A Day', 'Tripathi']
The NP-complete Closest 4-Leaf Power problem asks;2;[15072855];['Power']
We describe the most efficient solutions to the word problem of Artin's braid group known so far;2;[5447188, 255912, 220409, 16274944];['solution', 'Word problem', 'braid group', 'Artin']
We investigate minimax Latin hypercube designs in two dimensions for several distance measures. For the @?^~-distance we are able to construct minimax Latin hypercube designs of n points;2;[82604, 751319, 4440864, 1344778, 82604, 751319, 82818];['design', 'Minimax', 'dimension', 'distance measures', 'design', 'Minimax', 'railroad switch']
We present here a systematic study of general boundary value problems on weighted networks that includes the variational formulation of such problems. In particular;2;[28106657, 194112, 7979900, 3077570, 759676];['model sheet', 'value', 'Weighted network', 'Formulation', 'task']
Given a simple polygon P with two vertices u and v;2;[674, 9747];['phosphorus', 'U']
In this paper we develop approximation algorithms for generalizations of the following three known combinatorial optimization problems;2;[11472, 621751, 170084, 984063];['paper', 'approximation algorithm', 'generalization', 'optimization problem']
This paper deals with the mathematical properties of watersheds in weighted graphs linked to region merging methods;2;[11472, 3924032, 166620, 17514, 36784];['paper', 'property (mathematics)', 'drainage basin', 'graffiti', 'region of France']
A balanced vertex-coloring of a graph G is a function c from V(G) to {-1;2;[26401, 18373, 82435];['vertex', 'gravitational constant', 'e']
We provide conditions for which the round functions of an @?-bit Rijndael-like block cipher generate the alternating group on the set {0;2;[12136, 7371197, 48378, 438814, 36161];['disease', 'Round function', 'pulley', 'alternating group', 'set']
This article is focused on some variations of Reed-Muller codes that yield improvements to the rate for a prescribed decoding performance under the Berlekamp-Massey-Sakata algorithm with majority voting. Explicit formulas for the redundancies of the new codes are given.;2;[103184, 214981, 188889, 21255975, 1144560, 35140, 8366, 18000, 5421272, 1204361, 188889];['article', 'variation', 'code', 'improvement', 'rate', 'performance', 'algorithm', 'age of majority', 'Explicit formula', 'redundancy', 'code']
"We address the problem of online route discovery for a class of graphs that can be embedded either in two or in three-dimensional space. In two dimensions we propose the class of quasi-planar graphs and in three dimensions the class of quasi-polyhedral graphs. In the former case such graphs are geometrically embedded in R^2 and have an underlying backbone that is planar with convex faces; however within each face arbitrary edges (with arbitrary crossings) are allowed. In the latter case";2;[759676, 34442, 4479242, 17514, 4169, 4440864, 4479242, 547823, 4479242, 4440864, 4555371, 8188561, 17514, 482853, 37017, 133346, 37017, 728243, 8188561];['task', 'road', 'class', 'graffiti', 'outer space', 'dimension', 'class', 'planar graph', 'class', 'dimension', 'Polyhedral graph', 'letter case', 'graffiti', 'vertebral column', 'face', 'border', 'face', 'crossing', 'letter case']
A digraph D is strong if it contains a directed path from x to y for every choice of vertices x;2;[336286, 817765, 9973, 1775867, 1304193];['defender', 'path', 'Y', 'choice', 'vertex']
We study parallel complexity of signed graphs motivated by the highly complex genetic recombination processes in ciliates. The molecular gene assembly operations have been modeled by operations of signed graphs;2;[723897, 11246292, 205663, 165436, 3884033, 11246292];['complexity', 'Signed graph', 'process', 'assembly language', 'operation', 'Signed graph']
We consider all-optical networks that use wavelength-division multiplexing and employ wavelength conversion at specific nodes in order to maximize their capacity usage. We investigate the effect of allowing reroutings on the number of necessary wavelength converters. We disprove a claim of Wilfong and Winkler [G. Wilfong;2;[141488, 222903, 41364, 173106, 1473607, 491774, 2995644, 11563, 41364, 836925, 1019402, 174565];['graph', 'multiplexing', 'wavelength', 'network node', 'degree of a polynomial', 'tonnage', 'result', 'number', 'wavelength', 'complaint', 'Winkler', 'brackets']
We design fast exponential time algorithms for some intractable graph-theoretic problems. Our main result states that a minimum optional dominating set in a graph of order n can be found in time O^*(1.8899^n). Our methods to obtain this result involve matching techniques. The list of the considered problems includes Minimum Maximal Matching;2;[8366, 759676, 2995644, 17514, 1473607, 11471, 190686, 2995644, 1065144, 27948, 759676, 2071962];['algorithm', 'task', 'result', 'graffiti', 'degree of a polynomial', 'time', 'subroutine', 'result', 'matching', 'list', 'task', 'Matching']
We consider problems of fault diagnosis in multiprocessor systems. Preparata;2;[759676, 47089, 58778, 7240610];['task', 'fault', 'system', 'Preparata']
We consider the problem of canonical labeling in anonymous directed split-stars. This paper proposes a distributed algorithm for finding the vertex sets with specified leading symbols in directed split-stars and which has a linear message and constant time complexity. The algorithm runs on an asynchronous timing model without shared memory. In addition;2;[759676, 6466900, 523, 11472, 2835898, 36161, 80071, 523, 133492, 2393193, 8366, 486902, 764810, 32043];['task', 'cartographic labeling', 'star', 'paper', 'distributed algorithm', 'set', 'symbol', 'star', 'letter', 'time complexity', 'algorithm', 'mathematical model', 'shared memory', 'addition']
The problem of computing the number of codewords of weights not exceeding a given integer in linear codes over a finite field is considered. An efficient method for solving this problem is proposed and discussed in detail. It builds and uses a sequence of different generator matrices;2;[759676, 11563, 11423, 12503, 1752667, 603880, 190686, 759676, 15059449, 133250, 1502046];['task', 'number', 'mass', 'integer', 'linear code', 'finite field', 'subroutine', 'task', 'Detail', 'sequence', 'generator matrix']
We discuss different variants of linear arrangement problems from a parameterized perspective. More specifically;2;[362031, 161519, 20978643];['variance', 'permutation', 'point of view']
We study a variant of the pickup-and-delivery problem (PDP) in which the objects that have to be transported can be reloaded at most d times;2;[362031, 759676, 572648, 7590, 185146, 488383, 11471];['variance', 'task', 'pickup', 'transport', 'plasma display', 'object', 'time']
We consider a game played by two players;2;[11410, 5276395];['game', 'gamer']
Many research papers in pairing-based cryptography treat pairings as a ''black box''. These papers build cryptographic schemes making use of various properties of pairings. If this approach is taken;2;[13442814, 11681459, 29256, 11472, 959962, 7901733, 6422240, 11681459, 21162272];['scholarly article', 'pairing', 'black box', 'paper', 'diagram', 'Use', 'property', 'pairing', 'means']
Let i1>=i2>=i3>=1 be integers. An L(i1;2;[12503];['integer']
While connected arithmetic discrete lines are entirely characterized;2;[37105];['line']
Existing theories on shape digitization impose strong constraints on admissible shapes;2;[17737, 843958, 2303305, 207961];['theory', 'digitization', 'constraint', 'shape']
A toroidal polyhex (resp. Klein-bottle polyhex) described by a string (p;2;[3851235, 80228, 184754];['polyhex', 'bottle', 'string']
In this paper;2;[11472];['paper']
Differential operators are essential for many image processing applications which require the computation of typical characteristics of continuous surfaces;2;[1058681, 166142, 12525525, 937228, 484298];['differential operator', 'application', 'computation', 'property', 'surface']
In this paper we define the notion of a gap in an arbitrary digital binary object S in a digital space of arbitrary dimension. Then we obtain an explicit formula for the number of gaps in S of maximal dimension;2;[11472, 595523, 4153227, 682, 4169, 4440864, 5421272, 11563, 4153227, 682, 4440864];['paper', 'notion', 'gap', 'sulfur', 'outer space', 'dimension', 'Explicit formula', 'number', 'gap', 'sulfur', 'dimension']
In this paper we consider the problem of no-wait cyclic scheduling of identical parts in an m-machine production line in which a robot is responsible for moving each part from a machine to another. The aim is to find the minimum cycle time for the so-called 2-cyclic schedules;2;[11472, 759676, 2271896, 7401, 10858068, 11012, 7401, 11019, 4503831, 11442, 1123036];['paper', 'task', 'scheduling', 'part', 'production line', 'robot', 'part', 'machine', 'goal', 'bicycle', 'scheduler']
For two given graphs G1 and G2;2;[17514, 3799334];['graffiti', 'Directorate of Military Intelligence']
In this paper;2;[11472];['paper']
This paper presents a set of tools to compute topological information of simplicial complexes;2;[11472, 36161, 39546, 11028, 994399];['paper', 'set', 'tool', 'information', 'simplicial complex']
One of the most frequently studied problems in the context of information dissemination in communication networks is the broadcasting problem. In this paper;2;[759676, 196626, 11028, 6031064, 15078788, 11472];['task', 'context', 'information', 'information exchange', 'broadcasting', 'paper']
A Hamming space @L^n consists of all sequences of length n over an alphabet @L and is endowed with the Hamming distance. In particular;2;[4169, 133250, 36253, 21199, 9779, 272172];['outer space', 'sequence', 'length', 'natural number', 'alphabet', 'Hamming distance']
The combinatorial structure of simploidal sets generalizes both simplicial complexes and cubical complexes. More precisely;2;[6671777, 36161, 994399, 48835561];['structure', 'set', 'simplicial complex', 'Cubical complex']
A new digital hyperplane recognition method is presented. This algorithm allows the recognition of digital analytical hyperplanes;2;[190686, 8366, 7302601, 657586];['subroutine', 'algorithm', 'recognition', 'hyperplane']
We study the problem that among all hypergraphs with e edges of ranks l1,...,le and v vertices;2;[3711325, 759676, 840247, 82435, 56019];['speed', 'task', 'hypergraph', 'e', 'military rank']
The distributed daemon model introduced by Burns in 1987 is a natural generalization of the central daemon model introduced by Dijkstra in 1974. In this paper;2;[177413, 6178257, 170084, 177413, 8556, 11472];['demon', 'Burns', 'generalization', 'demon', 'Edsger W. Dijkstra', 'paper']
An undirected graph G=(V;2;[17514];['graffiti']
Motivated by wavelength-assignment problems for all-to-all traffic in optical networks;2;[620614, 4323994, 141488];['Assignment problem', 'traffic', 'graph']
Whether the clique-width of graphs in a certain class of graphs is bounded or not;2;[1101814, 17514, 4479242, 17514];['Clique-width', 'graffiti', 'class', 'graffiti']
Graph labellings form an important graph theory model for the channel assignment problem. An optimum labelling usually depends on one or more parameters that ensure minimum separations between frequencies assigned to nearby transmitters. The study of spans and of the structure of optimum labellings as functions of such parameters has attracted substantial attention from researchers;2;[380709, 17514, 733553, 380709, 1413083, 636679, 11652, 131214, 28106657, 245097, 6671777, 380709, 11348, 1413083, 6501338, 1650915];['labelling', 'graffiti', 'channel', 'labelling', 'parameter', 'separation', 'frequency', 'antenna', 'model sheet', 'wingspan', 'structure', 'labelling', 'function', 'parameter', 'attention', 'researcher']
In this paper;2;[11472];['paper']
We investigate graphs G such that the line graph L(G) is hamiltonian connected if and only if L(G) is 3-connected;2;[17514, 18373, 37105];['graffiti', 'gravitational constant', 'line']
Given a graph G and an integer k>=0;2;[18373, 12503];['gravitational constant', 'integer']
"The fractional weak discrepancywdF(P) of a poset P=(V,@?) was introduced in [A. Shuchat, R. Shull, A. Trenk, The fractional weak discrepancy of a partially ordered set, Discrete Applied Mathematics 155 (2007) 2227-2235] as the minimum nonnegative k for which there exists a function f:V->R satisfying (i) if a@?b then f(a)+1@?f(b) and (ii) if a@?b then |f(a)-f(b)|@?k. In this paper we generalize results in [A. Shuchat, R. Shull, A. Trenk, Range of the fractional weak discrepancy function, ORDER 23 (2006) 51-63; A. Shuchat, R. Shull, A. Trenk, Fractional weak discrepancy of posets and certain forbidden configurations, in: S.J. Brams, W.V. Gehrlein, F.S. Roberts (Eds.), The Mathematics of Preference, Choice, and Order: Essays in Honor of Peter C. Fishburn, Springer, New York, 2009, pp. 291-302] on the range of the wdF function for semiorders (interval orders with no induced 3+1) to interval orders with no n+1";2;[4821839, 1931593, 4821839, 65090009, 36161, 5808319, 5962, 11348, 729138, 17056725, 11472, 2995644, 4821839, 1931593, 4821839, 65090009, 474715, 1781447, 36380, 1646493, 1141499, 395, 1416170, 18389443, 1471255, 624852, 27070331, 3376572, 176916, 60, 174565, 1931593, 4821839, 65089919, 5282031, 1471255, 182995, 11348, 7449567, 6057290, 282364, 6057290, 3869306];['Aulus', 'R.', 'Aulus', 'Discrepancy', 'set', 'Discrete Applied Mathematics', 'Boltzmann constant', 'function', 'integer data type', 'Interactive Investor', 'paper', 'result', 'Aulus', 'R.', 'Aulus', 'Discrepancy', 'partially ordered set', 'computer configuration', 'Society of Jesus', 'Roberts', 'Ehlers-Danlos syndrome', 'mathematics', 'preference', 'The Choice', 'The Order', 'Essays', 'Honor', 'Peter C. Fishburn', 'Springer Science+Business Media', 'New York City', 'brackets', 'R.', 'Aulus', 'Range', 'discrepancy function', 'The Order', 'kitchen stove', 'function', 'Semiorder', 'Interval order', 'dagger', 'Interval order', 'N+1']
A graph is superconnected;2;[17514];['graffiti']
Motivated by DNA rearrangements and DNA homologous recombination modeled in [A. Angeleska;2;[7430, 218447, 7430, 4821839];['DNA', 'homologous recombination', 'DNA', 'Aulus']
Assume we have a set of k colors and we assign an arbitrary subset of these colors to each vertex of a graph G. If we require that each vertex to which an empty set is assigned has in its neighborhood all k colors;2;[36161, 5962, 177646, 1075, 1304193, 17514, 3755540, 26401, 226183, 123705, 5962];['set', 'Boltzmann constant', 'subset', 'color', 'vertex', 'graffiti', 'G.', 'vertex', 'empty set', 'neighborhood', 'Boltzmann constant']
The aim of this paper is to give a complete picture of approximability for two tree consensus problems which are of particular interest in computational biology: Maximum Agreement SubTree (MAST) and Maximum Compatible Tree (MCT). Both problems take as input a label set and a collection of trees whose leaf sets are each bijectively labeled with the label set. Define the size of a tree as the number of its leaves. The well-known MAST problem consists of finding a maximum-sized tree that is topologically embedded in each input tree;2;[4503831, 11472, 478798, 10884, 170924, 177005, 42715155, 1916962, 127332, 1133357, 759676, 210947, 18127, 3052382, 10884, 36161, 36161, 4049983, 10884, 11563, 33971, 759676, 10884, 10884];['goal', 'paper', 'image', 'tree', 'interest', 'computational biology', 'Agreement', 'Mega Ampere Spherical Tokamak', 'Charlotte Brontë', 'Muscat International Airport', 'task', 'factor of production', 'record label', 'fonds', 'tree', 'set', 'set', 'cardinality', 'tree', 'number', 'leaf', 'task', 'tree', 'tree']
In this paper we analyze several approaches to the Maximum Independent Set (MIS) problem in hypergraphs with degree bounded by a parameter @D. Since independent sets in hypergraphs can be strong and weak;2;[11472, 21162272, 759676, 131795, 6795834, 6016319, 61905, 840247, 189533, 1413083, 1060343, 840247];['paper', 'means', 'task', 'Seth', 'Maximum', 'Independent', 'management information system', 'hypergraph', 'academic degree', 'parameter', 'independent set', 'hypergraph']
We present and compare three new compact linearizations for the quadratic 0-1 minimization problem;2;[1520713, 6865248];['Linearization', 'minification']
We study complexity and approximation of min weighted node coloring in planar;2;[723897, 27058, 7727, 3391255];['complexity', 'approximation', 'minute', 'Planar']
In this paper we discuss the two variable Ising polynomials in a graph theoretical setting. This polynomial has its origin in physics as the partition function of the Ising model with an external field. We prove some basic properties of the Ising polynomial and demonstrate that it encodes a large amount of combinatorial information about a graph. We also give examples which prove that certain properties;2;[11472, 43260, 617332, 17514, 43260, 7376362, 413, 15846551, 1076349, 190109, 6422240, 43260, 309314, 11028, 17514, 12335479, 6422240];['paper', 'polynomial', 'setting', 'graffiti', 'polynomial', 'river source', 'physics', 'partition function', 'Ising model', 'field', 'property', 'polynomial', 'quantity', 'information', 'graffiti', 'template', 'property']
Let k be a positive integer and G be a simple connected graph with order n. The average distance @m(G) of G is defined to be the average value of distances over all pairs of vertices of G. A subset D of vertices in G is said to be a k-dominating set of G if every vertex of V(G)-D is within distance k from some vertex of D. The minimum cardinality among all k-dominating sets of G is called the k-domination number @ck(G) of G. In this paper tight upper bounds are established for @m(G), as functions of n, k and @ck(G);2;[12503, 18373, 17514, 1473607, 1084, 126017, 18373, 2796622, 126017, 191290, 1304193, 336286, 9887, 1304193, 18373, 2915204, 18373, 26401, 126017, 5962, 26401, 4049983, 5249184, 2915204, 18373, 11563, 3755540, 11472, 10578722, 11348, 5962];['integer', 'gravitational constant', 'graffiti', 'degree of a polynomial', 'noun', 'distance', 'gravitational constant', 'mean', 'distance', 'ordered pair', 'vertex', 'defender', 'Α', 'vertex', 'gravitational constant', 'Dominating set', 'gravitational constant', 'vertex', 'distance', 'Boltzmann constant', 'vertex', 'cardinality', 'Decimus', 'Dominating set', 'gravitational constant', 'number', 'G.', 'paper', 'maximum', 'function', 'Boltzmann constant']
We study on-line bounded space bin-packing in the resource augmentation model of competitive analysis. In this model;2;[37105, 4169, 180309, 942417, 486902, 5156350, 486902];['line', 'outer space', 'hyphen', 'O-ring', 'mathematical model', 'Competitive analysis', 'mathematical model']
Grooming uniform all-to-all traffic in optical ring networks with grooming ratio C requires the determination of graph decompositions of the complete graph into subgraphs each having at most C edges. The drop cost of such a grooming is the total number of vertices of nonzero degree in these subgraphs;2;[862633, 4323994, 719775, 623, 21168708, 17514, 45715, 623, 240673, 999981, 11563, 1304193, 189533];['school uniform', 'traffic', 'Ring network', 'carbon', 'determination', 'graffiti', 'complete graph', 'carbon', 'cost', 'personal grooming', 'number', 'vertex', 'academic degree']
The left-regular multiplication is explicitly embedded in the notion of perfect nonlinearity. But there exist many other group actions. By replacing translations by another group action the new concept of group action-based perfect nonlinearity has been introduced. In this paper we show that this generalized concept of nonlinearity is actually equivalent to a new bentness notion that deals with functions defined on a finite Abelian group G that acts on a finite set X and with values in the finite-dimensional vector space of complex-valued functions defined on X.;2;[40276, 595523, 13360077, 288465, 7553, 288465, 151885, 13360077, 83478, 11472, 151885, 13360077, 595523, 321839, 11348, 181296, 18373, 28561969, 194112, 125977, 11348, 1739040];['multiplication', 'notion', 'Nonlinearity', 'group action', 'translation', 'group action', 'concept', 'Nonlinearity', 'group', 'paper', 'concept', 'Nonlinearity', 'notion', 'accord', 'function', 'abelian group', 'gravitational constant', 'XXXTentacion', 'value', 'vector space', 'function', 'Kent Williams']
Pattern generation methods for the Logical Analysis of Data (LAD) have been term-enumerative in nature. In this paper;2;[190686, 7754, 22983, 334634, 1071233, 7860, 11472];['subroutine', 'mathematical analysis', 'Data', 'Los Angeles Dodgers', 'terminal emulator', 'nature', 'paper']
A graph is subcubic if its maximum degree is at most 3. The bipartite density of a graph G is defined as b(G)=max{|E(B)|/|E(G)|:B is a bipartite subgraph of G}. It was conjectured by Bondy and Locke that if G is a triangle-free subcubic graph;2;[17514, 189533, 29539, 18373, 18373, 237394, 14339915, 18373, 17514];['graffiti', 'academic degree', 'density', 'gravitational constant', 'gravitational constant', 'Bondy', 'Locke', 'gravitational constant', 'graffiti']
"The Randic index of a graph G is defined as R(G)=@?u~v(d(u)d(v))^-^1^2, where d(u) is the degree of vertex u and the summation goes over all pairs of adjacent vertices u, v. A conjecture on R(G) for connected graph G is as follows: R(G)>=r(G)-1, where r(G) denotes the radius of G. We proved that the conjecture is true for biregular graphs, connected graphs with order n@?10 and tricyclic graphs.

#*Eulerian detachments with local edge-connectivity.
#@Takuro Fukunaga,Hiroshi Nagamochi
#t2009
#cDiscrete Applied Mathematics
#index1267332
#%853227
#%1061323
#%1061440
#!For a graph G, a detachment operation at a vertex transforms the graph into a new graph by splitting the vertex into several vertices in such a way that the original graph can be obtained by contracting all the split vertices into a single vertex. A graph obtained from a given graph G by applying detachment operations at several vertices is called a detachment of graph G. While detachment operations may decrease the connectivity of graphs, there are several works on conditions for preserving the connectivity. In this paper, we present necessary and sufficient conditions for a given graph/digraph to have an Eulerian detachment that satisfies a given local edge-connectivity requirement. We also discuss conditions for the detachment to be loopless.

#*Upper bounds of degree 3 for the probability of the union of events via linear programming.
#@Pierangela Veneziani
#t2009
#cDiscrete Applied Mathematics
#index1267333

#*The forcing hull and forcing geodetic numbers of graphs.
#@Li-Da Tong
#t2009
#cDiscrete Applied Mathematics
#index1267334
#%848801
#!For every pair of vertices u,v in a graph, a u-v geodesic is a shortest path from u to v. For a graph G, let IG[u";2;[873506, 17514, 18373, 11167, 189533, 9747, 218005, 191290, 9747, 319141, 18373, 173817, 3755540, 319141, 1153612, 17514, 1473607, 17514, 1201097, 133346, 21513150, 1620274, 33521, 11229, 11229, 11229, 18373, 3884033, 26401, 17514, 17514, 26401, 1304193, 17641254, 17514, 1304193, 26401, 17514, 18373, 3884033, 1304193, 1201097, 17514, 3755540, 3884033, 28134632, 17514, 42213, 12136, 28134632, 11472, 12136, 1137726, 17514, 1201097, 774228, 12136, 1201097, 10578722, 189533, 9492, 178790, 10290214, 202843, 33521, 190212, 731988, 11563, 17514, 483261, 33521, 11229, 191290, 9747, 3711325, 17514, 213488, 817765, 24905, 18373];['index', 'graffiti', 'gravitational constant', 'tilde', 'academic degree', 'U', 'sum', 'ordered pair', 'U', 'conjecture', 'gravitational constant', 'radius', 'G.', 'conjecture', 'biregular graph', 'graffiti', 'degree of a polynomial', 'graffiti', 'detachment', 'border', 'Fukunaga', 'Hiroshi', 'applied mathematics', 'percent', 'percent', 'percent', 'gravitational constant', 'operation', 'vertex', 'graffiti', 'graffiti', 'vertex', 'vertex', 'Andrew John Henry Way', 'graffiti', 'vertex', 'vertex', 'graffiti', 'gravitational constant', 'operation', 'vertex', 'detachment', 'graffiti', 'G.', 'operation', 'connectivity', 'graffiti', 'work', 'disease', 'connectivity', 'paper', 'disease', 'directed graph', 'graffiti', 'detachment', 'requirement', 'disease', 'detachment', 'maximum', 'academic degree', 'probability', 'trade union', 'event', 'linear programming', 'applied mathematics', 'asterisk', 'chassis', 'number', 'graffiti', 'dalton', 'applied mathematics', 'percent', 'ordered pair', 'U', 'speed', 'graffiti', 'geodesic', 'path', 'verb', 'gravitational constant']
A graph model for a set S of splits of a set X consists of a graph and a map from X to the vertices of the graph such that the inclusion-minimal cuts of the graph represent S. Phylogenetic trees are graph models in which the graph is a tree. We show that the model can be generalized to a cactus (i.e. a tree of edges and cycles) without losing computational efficiency. A cactus can represent a quadratic rather than linear number of splits in linear space. We show how to decide in linear time in the size of a succinct representation of S whether a set of splits has a cactus model;2;[17514, 682, 524080, 28561969, 17514, 4006, 28561969, 1304193, 17514, 283916, 17514, 242125, 17514, 17514, 10884, 486902, 14560, 10884, 133346, 11442, 1034411, 14560, 7268352, 11563, 524080, 125977, 11471, 4049983, 853614, 682, 36161, 524080, 14560];['graffiti', 'sulfur', 'split', 'XXXTentacion', 'graffiti', 'geographic map', 'XXXTentacion', 'vertex', 'graffiti', 'cut', 'graffiti', 'phylogenetic tree', 'graffiti', 'graffiti', 'tree', 'mathematical model', 'Cactaceae', 'tree', 'border', 'bicycle', 'efficiency', 'Cactaceae', 'Quadratic', 'number', 'split', 'vector space', 'time', 'cardinality', 'identifier', 'sulfur', 'set', 'split', 'Cactaceae']
Given a graph G and two positive integers p;2;[18373, 12503];['gravitational constant', 'integer']
We present an algorithm that supports operations for modifying a split graph by adding edges or vertices and deleting edges;2;[8366, 3884033, 3893853, 133346, 1304193, 133346];['algorithm', 'operation', 'Split graph', 'border', 'vertex', 'border']
In the Minimum Sum Edge Coloring problem we have to assign positive integers to the edges of a graph such that adjacent edges receive different integers and the sum of the assigned numbers is minimal. We show that the problem is (a) NP-hard for planar bipartite graphs with maximum degree 3;2;[759676, 12503, 133346, 17514, 133346, 12503, 218005, 11563, 759676, 837, 174733, 189533];['task', 'integer', 'border', 'graffiti', 'border', 'integer', 'sum', 'number', 'task', 'Nepal', 'bipartite graph', 'academic degree']
A defensive alliance in a graph G=(V;2;[131569, 17514];['treaty', 'graffiti']
We present a review of several column generation formulations for the Routing and Wavelength Assignment (rwa) problem with the objective of minimizing the blocking rate. Several improvements are proposed;2;[265158, 4817, 759676, 1560704, 1446839, 5221609, 4376276, 3880557, 1144560, 21255975];['review', 'column', 'task', 'The Assignment', 'Routing', 'Wavelength', 'right-wing authoritarianism', 'objective', 'rate', 'improvement']
A new general decomposition theory inspired by modular graph decomposition is presented. This helps in unifying modular decomposition on different structures;2;[339062, 17514, 6889712, 6671777];['decomposition', 'graffiti', 'Modular decomposition', 'structure']
The Galois closure on the set of relations invariant to all finite partial automorphisms (automorphisms) of a countable partial structure is established via quantifier-free infinite predicate languages (infinite languages with finite string of quantifiers respectively). Based on it the homogeneous and strictly homogeneous criteria for a countable partial structure as well as an ultrahomogeneous criterion for a countable relational structure are found. Next it is shown that infinite languages with a finite string of quantifiers cannot determine the corresponding Galois closure for relations invariant to all automorphisms of an uncountable partial structure.;2;[535335, 36161, 277521, 782566, 782566, 6671777, 315, 315, 184754, 592911, 5186556, 6671777, 21089247, 6671777, 315, 184754, 592911, 535335, 277521];['closure', 'set', 'relation', 'automorphism', 'automorphism', 'structure', 'language', 'language', 'string', 'quantification', 'Criteria', 'structure', 'Criterion', 'structure', 'language', 'string', 'quantification', 'closure', 'relation']
Let G be a connected plane graph;2;[66232788];['planar embedding']
"A random recursive tree on n vertices is either a single isolated vertex (for n=1) or is a vertex vn connected to a vertex chosen uniformly at random from a random recursive tree on n-1 vertices. Such trees have been studied before [R. Smythe, H. Mahmoud, A survey of recursive trees, Theory of Probability and Mathematical Statistics 51 (1996) 1-29] as models of boolean circuits. More recently, Barabasi and Albert [A. Barabasi, R. Albert, Emergence of scaling in random networks, Science 286 (1999) 509-512] have used modifications of such models to model for the web and other ''power-law'' networks. A minimum (cardinality) dominating set in a tree can be found in linear time using the algorithm of Cockayne et al. [E. Cockayne, S. Goodman, S. Hedetniemi, A linear algorithm for the domination number of a tree, Information Processing Letters 4 (1975) 41-44]. We prove that there exists a constant d~0.3745... such that the size of a minimum dominating set in a random recursive tree on n vertices is dn+o(n) with probability approaching one as n tends to infinity. The result is obtained by analysing the algorithm of Cockayne, Goodman and Hedetniemi.

#*Reformulation in mathematical programming: An application to quantum chemistry.
#@Leo Liberti,Carlile Lavor,Nelson Maculan,Marco Antonio Chaer Nascimento
#t2009
#cDiscrete Applied Mathematics
#index1267366
#%3577
#!This paper concerns the application of reformulation techniques in mathematical programming to a specific problem arising in quantum chemistry, namely the solution of Hartree-Fock systems of equations, which describe atomic and molecular electronic wave functions based on the minimization of a functional of the energy. Their traditional solution method does not provide a guarantee of global optimality and its output depends on a provided initial starting point. We formulate this problem as a multi-extremal nonconvex polynomial programming problem, and solve it with a spatial Branch-and-Bound algorithm for global optimization. The lower bounds at each node are provided by reformulating the problem in such a way that its convex relaxation is tight. The validity of the proposed approach was established by successfully computing the ground-state of the helium and beryllium atoms.

#*Complete catalogue of graphs of maximum degree 3 and defect at most 4.
#@Mirka Miller,Guillermo Pineda-Villavicencio
#t2009
#cDiscrete Applied Mathematics
#index1267367
#%836296
#%837280
#%853663
#%1078983
#%1078772
#!We consider graphs of maximum degree 3, diameter D>=2 and at most 4 vertices less than the Moore bound M3,D";2;[17133279, 1304193, 26401, 26401, 881, 26401, 17133279, 1304193, 10884, 1931593, 5627870, 7257997, 17133279, 2039867, 9492, 745328, 486902, 837479, 64821530, 280856, 4821839, 280856, 141488, 336, 1087043, 486902, 466, 141488, 7748, 25342, 1637963, 4049983, 10884, 11471, 8366, 222, 6645, 17148194, 17148194, 8366, 11563, 10884, 129239, 4049983, 17133279, 1304193, 9492, 2995644, 8366, 6645, 5583448, 190212, 141495, 166142, 188403, 16865379, 83235, 395, 19864629, 11229, 11472, 166142, 21162272, 141495, 759676, 188403, 5447188, 58778, 11345, 2362761, 6865248, 1474542, 11379, 5447188, 16246919, 17148708, 529711, 759676, 80006, 8366, 2923671, 5570875, 10585806, 173106, 759676, 17641254, 900475, 18757, 21162272, 7275, 9121, 560, 569, 2352616, 190212, 17514, 189533, 1605060, 2333698, 33521, 11229, 11229, 11229, 11229, 11229, 17514, 189533, 37221, 1304193, 917458];['Recursive tree', 'vertex', 'vertex', 'vertex', 'Vietnam', 'vertex', 'Recursive tree', 'vertex', 'tree', 'R.', 'H.', 'survey', 'Recursive tree', 'Theory', 'probability', 'mathematical statistics', 'mathematical model', 'Boolean circuit', 'Emergence', 'George VI', 'Aulus', 'George VI', 'graph', 'science', 'modding', 'mathematical model', 'World Wide Web', 'graph', 'law', 'power', 'minim', 'cardinality', 'tree', 'time', 'algorithm', 'Albania', 'Cockaigne', 'S.', 'S.', 'algorithm', 'number', 'tree', 'Information Processing Letters', 'cardinality', 'Recursive tree', 'vertex', 'probability', 'result', 'algorithm', 'Cockaigne', 'Goodman', 'asterisk', 'mathematical optimization', 'application', 'quantum chemistry', 'Carlile', 'Horatio Nelson', 'mathematics', 'Marco', 'percent', 'paper', 'application', 'means', 'mathematical optimization', 'task', 'quantum chemistry', 'solution', 'system', 'equation', 'wave function', 'minification', 'higher-order function', 'energy', 'solution', 'guarantee', 'output', 'beginning', 'task', 'computer programming', 'algorithm', 'Branch', 'Global optimization', 'minimum', 'network node', 'task', 'Andrew John Henry Way', 'relaxation', 'validity', 'means', 'state', 'atom', 'helium', 'beryllium', 'catalog', 'asterisk', 'graffiti', 'academic degree', 'Miller', 'Public Force of Costa Rica', 'applied mathematics', 'percent', 'percent', 'percent', 'percent', 'percent', 'graffiti', 'academic degree', 'diameter', 'vertex', 'Moore']
A generalization of Sperner's theorem is established: For a multifamily M={Y1,...,Yp} of subsets of {1;2;[170084, 65943, 177646];['generalization', 'theorem', 'subset']
Given a digraph D;2;[336286];['defender']
Gene expression in eukaryotic cells is regulated by a complex network of interactions;2;[26972, 5408685, 665189, 1665869];['gene expression', 'Eukaryotic Cell', 'complex network', 'interaction']
The results of a query expressed by a monadic second-order formula on a tree;2;[2995644, 11169, 1473607, 10884];['result', 'question mark', 'degree of a polynomial', 'tree']
Let (QP) be a 0-1 quadratic program which consists in minimizing a quadratic function subject to linear equality constraints. In this paper;2;[7265518, 40056, 50695, 11472];['QP', 'computer program', 'quadratic function', 'paper']
"The NP-hard problem of finding two edge-disjoint Hamiltonian cycles of minimal total weight (also known as 2- PSPmin) in a complete (undirected) graph with edge weights 1 and 2 is considered. Polynomial time approximation algorithms are proposed with performance ratios 5/4 (in the case of one weight function) and 11/7 (in the case of two weight functions), respectively.

#*Paintshop, odd cycles and necklace splitting.
#@Frédéric Meunier,András Sebö
#t2009
#cDiscrete Applied Mathematics
#index1267383
#%92848
#%972738
#%406828
#%838472
#%836682
#%976014
#!The following problem has been presented in [T. Epping, W. Hochstattler, P. Oertel, Complexity results on a paint shop problem, Discrete Applied Mathematics 136 (2004) 217-226] by Epping, Hochstattler and Oertel: cars have to be painted in two colors in a sequence where each car occurs twice; assign the two colors to the two occurrences of each car so as to minimize the number of color changes. More generally, the ''paint shop scheduling problem'' is defined with an arbitrary multiset of colors given for each car, where this multiset has the same size as the number of occurrences of the car; the mentioned article states two conjectures about the general problem and proves its NP-hardness. In a subsequent paper in [P. Bonsma, Th. Epping, W. Hochstattler, Complexity results for restricted instances of a paint shop problem for words, Discrete Applied Mathematics 154 (2006) 1335-1343], Bonsma, Epping and Hochstattler proved its APX-hardness and noticed the applicability of some classical results in special cases. We first identify the problem concerning two colors as a minimum odd circuit cover problem in particular graphs, exactly situating the problem. A resulting two-way reduction to a special minimum uncut problem leads to polynomial algorithms for subproblems, to observing APX-hardness through MAX CUT in 3-regular graphs, and to a solution with at most 3/4th of all possible remaining color changes (when all obliged color changes have been made). For the general problem concerning an arbitrary number of colors, we realize that the two aforementioned conjectures are corollaries of the celebrated ''necklace splitting'' theorem of Alon, Goldberg and West.

#*On the complexity of constructing Golomb Rulers.
#@Christophe Meyer,Periklis A. Papakonstantinou
#t2009
#cDiscrete Applied Mathematics
#index1267384
#%1090101
#%741060
#%310892
#%1012131
#%1090372
#%837665
#%1090374
#!A Golomb Ruler is a ruler with integer marks where the distances between every two marks are distinct. Golomb Rulers find diverse applications in computer science and electrical engineering. According to our knowledge the computational complexity of problems related to the construction of Golomb Rulers is unknown. We provide natural definitions for problems related to the construction of such rulers. The main contribution of this work is NP-completeness results for two such decision problems.

#*On complexity of Minimum Leaf Out-Branching problem.
#@Peter Dankelmann,Gregory Gutin,Eun Jung Kim
#t2009
#cDiscrete Applied Mathematics
#index1267385

#*Reformulation techniques in mathematical programming.
#@Leo Liberti,Nelson Maculan
#t2009
#cDiscrete Applied Mathematics
#index1267386

#*Using clausal graphs to determine the computational complexity of k-bounded positive one-in-three SAT.
#@Richard Denman,Stephen Foster
#t2009
#cDiscrete Applied Mathematics
#index1267387

#*The signed domatic number of some regular graphs.
#@Dirk Meierling,Lutz Volkmann,Stephan Zitzen
#t2009
#cDiscrete Applied Mathematics
#index1267388
#%854278
#%854288
#%854272
#%838270
#!Let G be a finite and simple graph with vertex set V(G), and let f:V(G)->{-1,1} be a two-valued function. If @?x@?N[v]f(x)>=1 for each v@?V(G), where N[v] is the closed neighborhood of v, then f is a signed dominating function on G. A set {f1";2;[759676, 11442, 65088056, 232563, 17514, 11423, 621751, 3481047, 8188561, 1520657, 8188561, 1520657, 190212, 11442, 189299, 552440, 1369927, 33521, 11229, 11229, 11229, 11229, 11229, 11229, 759676, 990775, 959051, 21485186, 5156624, 174219, 1420, 5808319, 990775, 65064772, 1075, 133250, 1420, 1075, 1190554, 1420, 11563, 19879512, 174219, 864377, 1075, 1420, 864377, 4049983, 11563, 1190554, 1420, 103184, 759676, 1137554, 2995644, 11472, 174565, 21485186, 1115, 990775, 959051, 1664689, 174219, 625642, 5808319, 990775, 3236003, 2995644, 2890061, 759676, 1075, 155171, 17514, 759676, 1197709, 759676, 8366, 3236003, 1190160, 826467, 5447188, 19879512, 19879512, 759676, 11563, 1075, 319141, 1343870, 65943, 18511800, 189299, 2839213, 115547, 313498, 723897, 2642, 46767, 4821839, 33521, 11229, 11229, 11229, 11229, 11229, 11229, 11229, 1426478, 104555, 12503, 126017, 18185, 2642, 166142, 21198, 43035, 9081, 5157286, 759676, 385378, 2642, 101072, 759676, 385378, 104555, 25096743, 42213, 15846555, 3262192, 723897, 759676, 33043981, 589868, 395, 190212, 141495, 83235, 33521, 17514, 5157286, 334113, 278485, 305202, 33521, 3343067, 826467, 1963340, 290812, 33521, 11229, 11229, 11229, 11229, 17514, 26401, 11348, 123705, 3711325, 9765, 11348, 9887, 36161, 1968];['task', 'bicycle', 'gross weight', 'coxless pair', 'graffiti', 'mass', 'approximation algorithm', 'ratio', 'letter case', 'weight function', 'letter case', 'weight function', 'asterisk', 'bicycle', 'necklace', 'Constantin Meunier', 'András', 'applied mathematics', 'percent', 'percent', 'percent', 'percent', 'percent', 'percent', 'task', 'Epping', 'W.', 'Publius', 'Complexity', 'paint', 'car', 'Discrete Applied Mathematics', 'Epping', 'Oertel', 'color', 'sequence', 'car', 'color', 'occurrence', 'car', 'number', 'Color Changes', 'paint', 'multiset', 'color', 'car', 'multiset', 'cardinality', 'number', 'occurrence', 'car', 'article', 'task', 'NP-hardness', 'result', 'paper', 'brackets', 'Publius', 'thorium', 'Epping', 'W.', 'instance', 'paint', 'word', 'Discrete Applied Mathematics', 'Epping', 'hardness', 'result', 'special case', 'task', 'color', 'cover version', 'graffiti', 'task', 'reduction', 'task', 'algorithm', 'hardness', 'Max Schneider', 'regular graph', 'solution', 'Color Changes', 'Color Changes', 'task', 'number', 'color', 'conjecture', 'corollary', 'theorem', 'split', 'necklace', 'Alon USA', 'Bill Goldberg', 'Benjamin West', 'complexity', 'exponential-Golomb coding', 'Meyer', 'Aulus', 'applied mathematics', 'percent', 'percent', 'percent', 'percent', 'percent', 'percent', 'percent', 'Golomb ruler', 'ruler', 'integer', 'distance', 'grade', 'exponential-Golomb coding', 'application', 'computer science', 'electrical engineering', 'knowledge', 'computational complexity', 'task', 'construction', 'exponential-Golomb coding', 'definition', 'task', 'construction', 'ruler', 'Contribution', 'work', 'completeness', 'decision problem', 'complexity', 'task', 'Gregory Gutin', 'Kim', 'mathematics', 'asterisk', 'mathematical optimization', 'Horatio Nelson', 'applied mathematics', 'graffiti', 'computational complexity', 'SAT', 'hashtag', 'Stephen Foster', 'applied mathematics', 'Domatic number', 'regular graph', 'Lutz', 'Stefan Lochner', 'applied mathematics', 'percent', 'percent', 'percent', 'percent', 'graffiti', 'vertex', 'function', 'neighborhood', 'speed', 'F', 'function', 'Α', 'set', 'Formula One']
The Reformulation-Linearization Technique (RLT) provides a hierarchy of relaxations spanning the spectrum from the continuous relaxation to the convex hull representation for linear 0-1 mixed-integer and general mixed-discrete programs. We show in this paper that this result holds identically for semi-infinite programs of this type. As a consequence;2;[1520713, 2604470, 188619, 900475, 2961234, 900475, 731988, 40056, 12503, 11472, 2995644, 40056, 190087, 261155];['Linearization', 'Arlit Airport', 'hierarchy', 'relaxation', 'Charter Communication', 'relaxation', 'chassis', 'computer program', 'integer', 'paper', 'result', 'computer program', 'data type', 'consequent']
We present a new representation of a chordal graph called the clique-separator graph;2;[853614, 1322892, 17514];['identifier', 'chordal graph', 'graffiti']
In this paper;2;[11472];['paper']
This paper deals with cyclic codes over the Galois ring GR(p^2;2;[11472, 245464, 161172];['paper', 'Cyclic code', 'ring']
Suppose that we are given n mutually exclusive hypotheses;2;[41719];['hypothesis']
Clustering problems with relational constraints in which the underlying graph is a tree arise in a variety of applications: hierarchical data base paging;2;[759676, 2303305, 17514, 10884, 3329375, 166142, 42848];['task', 'constraint', 'graffiti', 'tree', 'language variety', 'application', 'data']
A cycle in a graph G is isometric if the distance between two vertices in the cycle is equal to their distance in G. Finding the longest isometric cycle of a graph is then a natural variant of the problem of finding a longest cycle. While most variants of the longest cycle problem are NP-complete;2;[11442, 17514, 18373, 126017, 1304193, 11442, 126017, 3755540, 11442, 17514, 362031, 759676, 11442, 362031, 11442, 3989349, 837];['bicycle', 'graffiti', 'gravitational constant', 'distance', 'vertex', 'bicycle', 'distance', 'G.', 'bicycle', 'graffiti', 'variance', 'task', 'bicycle', 'variance', 'bicycle', 'Complete', 'Nepal']
Let Un;2;[16932644];['Ruan']
We construct new binary and ternary self-orthogonal linear codes. In order to do this we use an equivalence between the existence of a self-orthogonal linear code with a prescribed minimum distance and the existence of a solution of a certain system of Diophantine linear equations. To reduce the size of the system of equations we restrict the search for solutions to solutions with special symmetry given by matrix groups. Using this method we found at least six new distance-optimal codes;2;[1752667, 1473607, 5384705, 468777, 1752667, 126017, 468777, 5447188, 58778, 484637, 4049983, 735660, 11345, 16320113, 5447188, 5447188, 12485, 1050120, 190686, 188889];['linear code', 'degree of a polynomial', 'Equivalence', 'existence', 'linear code', 'distance', 'existence', 'solution', 'system', 'linear equation', 'cardinality', 'simultaneous equations', 'equation', 'The Search', 'solution', 'solution', 'symmetry', 'matrix group', 'subroutine', 'code']
Graph complexity measures such as tree-width;2;[192276, 10884];['measure', 'tree']
Column generation algorithms are instrumental in many areas of applied optimization;2;[8366, 11500, 141495];['algorithm', 'area', 'mathematical optimization']
Flexible discrete location problems are a generalization of most classical discrete locations problems like p-median or p-center problems. They can be modeled by using so-called ordered median functions. These functions multiply a weight to the cost of fulfilling the demand of a customer;2;[2221906, 170084, 2221906, 2294, 759676, 226995, 6587194, 226995, 11348, 11423, 240673, 4402708, 852835];['geographic location', 'generalization', 'geographic location', 'proton', 'task', 'median', 'centrism', 'median', 'function', 'mass', 'cost', 'demand', 'customer']
We study the problem of adding an inclusion minimal set of edges to a given arbitrary graph so that the resulting graph is a split graph;2;[759676, 36161, 728944, 133346, 17514, 17514, 3893853];['task', 'set', 'inclusion', 'border', 'graffiti', 'graffiti', 'Split graph']
For a fixed family F of graphs;2;[650, 17514];['fluorine', 'graffiti']
Split-decomposition theory deals with relations between R-valued split systems and metrics. In a previous publication (the first of a series of papers on split decomposition over an abelian group);2;[339062, 277521, 58778, 865746, 732577, 170198, 11472, 339062, 181296];['decomposition', 'relation', 'system', 'metric function', 'publication', 'series', 'paper', 'decomposition', 'abelian group']
Given a graph with edge costs;2;[17514, 133346];['graffiti', 'border']
An undirected graph is a treelike comparability graph if it admits a transitive orientation such that its transitive reduction is a tree. We show that treelike comparability graphs are distance hereditary. Utilizing this property;2;[17514, 5155607, 2748415, 3088151, 10884, 5155607, 126017, 6422240];['graffiti', 'Comparability graph', 'orientability', 'transitive reduction', 'tree', 'Comparability graph', 'distance', 'property']
We present a general framework to study enumeration algorithms for maximal cliques and maximal bicliques of a graph. Given a graph G;2;[271680, 21405405, 761631, 913598, 17514, 17514, 18373];['software framework', 'enumeration algorithm', 'clique', 'complete bipartite graph', 'graffiti', 'graffiti', 'gravitational constant']
A Directed Path Family is a family of subsets of some finite ground set whose members can be realized as arc sets of simple directed paths in some directed graph. In this paper we show that recognizing whether a given family is a Directed Path family is an NP-Complete problem;2;[1342648, 8436, 177646, 6501125, 379825, 36161, 817765, 1137726, 11472, 8436, 8436, 759676];['Path', 'family', 'subset', 'ground', 'element', 'set', 'path', 'directed graph', 'paper', 'family', 'family', 'task']
An edge cut W of a connected graph G is a k-restricted edge cut if G-W is disconnected;2;[133346, 1741, 18373, 133346, 1741];['border', 'Vienna', 'gravitational constant', 'border', 'Vienna']
This paper deals with the problem of locating path-shaped facilities of unrestricted length on networks. We consider as objective functions measures conceptually related to the variability of the distribution of the distances from the demand points to a facility. We study the following problems: locating a path which minimizes the range;2;[11472, 759676, 4688921, 36253, 141488, 82818, 11348, 65921492, 200726, 126017, 4402708, 4688921, 759676, 817765, 182995];['paper', 'task', 'Affiliated institution', 'length', 'graph', 'railroad switch', 'function', 'changeability', 'probability distribution', 'distance', 'demand', 'Affiliated institution', 'task', 'path', 'kitchen stove']
Minimal triangulations and potential maximal cliques are the main ingredients for a number of polynomial time algorithms on different graph classes computing the treewidth of a graph. Potential maximal cliques are also the main engine of the fastest so far;2;[188056, 761631, 10675206, 11563, 8366, 17514, 5067368, 17514, 761631, 44167];['triangulation', 'clique', 'ingredient', 'number', 'algorithm', 'graffiti', 'Treewidth', 'graffiti', 'clique', 'engine']
A fundamental problem in communication networks is wavelength assignment (WA): given a set of routing paths on a network;2;[759676, 6031064, 41364, 1049511, 36161, 817765, 141488];['task', 'information exchange', 'wavelength', 'WhatsApp', 'set', 'path', 'graph']
In generalized tree alignment problem;2;[10884];['tree']
This paper studies the ambiguity of morphisms in free monoids. A morphism @s is said to be ambiguous with respect to a string @a if there exists a morphism @t which differs from @s for a symbol occurring in @a;2;[11472, 1140419, 1948412, 5500266, 1948412, 28510, 184754, 1948412, 80071];['paper', 'ambiguity', 'morphism', 'free monoid', 'morphism', 'respect', 'string', 'morphism', 'symbol']
Most biological networks have some common properties;2;[4915005, 6422240];['biological network', 'property']
Motivated by a conjecture of Wang and Lih;2;[319141, 11573145, 1146451];['conjecture', 'Wang', 'Lihue Airport']
Assume that each vertex of a graph G is either a supply vertex or a demand vertex and is assigned a positive integer;2;[26401, 18373, 26401, 26401, 12503];['vertex', 'gravitational constant', 'vertex', 'vertex', 'integer']
We examine classes of real-valued functions of 0-1 variables closed under algebraic operations as well as topological convergence;2;[4479242, 11348, 50701, 3884033, 759757];['class', 'function', 'variable', 'operation', 'convergence']
We have proved in an earlier paper that the complexity of the list homomorphism problem;2;[11472, 723897, 27948, 215111];['paper', 'complexity', 'list', 'homomorphism']
Deciding whether or not a feasible solution to the Traveling Salesman Problem with Pickups and Deliveries (TSPPD) exists is polynomially solvable. We prove that counting the number of feasible solutions of the TSPPD is hard by showing that the problem is #P-complete.;2;[5447188, 22344480, 11563, 5447188, 759676, 1322138];['solution', 'The Salesman', 'number', 'solution', 'task', '#P']
In the majority problem;2;[6738440];['Majority problem']
Minimizing the number of electronic switches in optical networks has been a main research topic in some recent studies. In such networks;2;[11563, 5358435, 141488, 42240, 28106657, 141488];['number', 'Electronic switch', 'graph', 'research', 'model sheet', 'graph']
We first present new structural properties of a two-pair in various graphs. A two-pair is used in a well-known characterization of weakly chordal graphs. Based on these properties;2;[6422240, 191290, 17514, 191290, 2667413, 1322892, 6422240];['property', 'ordered pair', 'graffiti', 'ordered pair', 'characterization', 'chordal graph', 'property']
Given a sample of binary random vectors with i.i.d. Bernoulli(p) components;2;[49906, 44528, 11653, 172008];['sample', 'Euclidean vector', 'electronic component', 'full stop']
The k-power graph of a graph G is a graph with the same vertex set as G;2;[25342, 17514, 18373, 17514, 36161, 18373];['power', 'graffiti', 'gravitational constant', 'graffiti', 'set', 'gravitational constant']
Let X and G be graphs;2;[28561969, 18373, 17514];['XXXTentacion', 'gravitational constant', 'graffiti']
This paper deals with a single allocation problem in hub-and-spoke networks. We present a simple deterministic 3-approximation algorithm and randomized 2-approximation algorithm based on a linear relaxation problem and a randomized rounding procedure. We handle the case where the number of hubs is three;2;[11472, 759676, 141488, 21073034, 621751, 621751, 900475, 663208, 8188561, 11563, 21073034];['paper', 'task', 'graph', 'hub', 'approximation algorithm', 'approximation algorithm', 'relaxation', 'rounding', 'letter case', 'number', 'hub']
"A d-graph G=(V;E1,...,Ed) is a complete graph whose edges are colored by d colors";2;[9884, 180309, 17514, 45715, 133346, 1075];['D', 'hyphen', 'graffiti', 'complete graph', 'border', 'color']
A general quantitative description of vertex subsets of the n-dimensional unit cube E^n through their partitions (direct problem) is given and the existence and composition problems for vertex subsets with given quantitative characteristics of partitions (inverse problem) are considered. Each of these subproblems is of significant theoretical and practical importance. Finding an efficient algorithmic solution to the inverse problem remains open. A complete and simple structural description of the numerical parameters of the unit cube partitions is presented.;2;[1200750, 177646, 199, 1082910, 759676, 468777, 244761, 177646, 937228, 1082910, 1567213, 5447188, 1567213, 1200750, 1413083, 199];['description', 'subset', '1', 'partition', 'task', 'existence', 'function composition', 'subset', 'property', 'partition', 'inverse problem', 'solution', 'inverse problem', 'description', 'parameter', '1']
Motivated by the pooling designs over the incidence matrices of matchings with various sizes of the complete graph K2n considered by Ngo and Du [Ngo and Du;2;[82604, 939272, 1065144, 4049983, 45715, 4067893, 709747, 4067893, 709747];['design', 'incidence matrix', 'matching', 'cardinality', 'complete graph', 'Ao', 'Du', 'Ao', 'Du']
Let K be the complete oriented graph on the finite set of vertices A. A family G={Ga:a@?A} of spanning subgraphs of K is an orthogonal cover provided every arrow of K occurs in exactly one Ga and for every two elements a;2;[703, 17514, 272404, 8436, 703, 155171, 1139519, 703, 861, 11344];['potassium', 'graffiti', 'finite set', 'family', 'potassium', 'cover version', 'arrow', 'potassium', 'gallium', 'chemical element']
The computation of all minimal transversals of a given hypergraph in output-polynomial time is a long standing open question known as Transversal Hypergraph Generation. One of the first attempts at this problem-the sequential method [Claude Berge;2;[12525525, 1347094, 840247, 11471, 1321906, 1347094, 29142, 759676, 190686, 551830];['computation', 'Transversal', 'hypergraph', 'time', 'open problem', 'Transversal', 'attempt', 'task', 'subroutine', 'Claude Berge']
I study the interplay between stochastic dependence and causal relations within the setting of Bayesian networks and in terms of information theory. The application of a recently defined causal information flow measure provides a quantitative refinement of Reichenbach's common cause principle.;2;[1668116, 12029, 277521, 617332, 812540, 1071233, 131222, 166142, 750449, 3417382, 211364, 25218814];['Interplay', 'addiction', 'relation', 'setting', 'Bayesian network', 'terminal emulator', 'information theory', 'application', 'flow', 'refinement', 'principle', 'Reichenbach']
For most scheduling problems the set of machines is fixed initially and remains unchanged for the duration of the problem. Recently online scheduling problems have been investigated with the modification that initially the algorithm possesses no machines;2;[2271896, 36161, 11019, 2341537, 759676, 2271896, 1087043, 8366, 11019];['scheduling', 'set', 'machine', 'duration', 'task', 'scheduling', 'modding', 'algorithm', 'machine']
This paper describes an approach to generalized Bernoulli polynomials in higher dimensions by using Clifford algebras. Due to the fact that the obtained Bernoulli polynomials are special hypercomplex holomorphic (monogenic) functions in the sense of Clifford Analysis;2;[11472, 21162272, 2346201, 4440864, 674689, 188572, 2346201, 11348, 173253, 5133083];['paper', 'means', 'Bernoulli polynomials', 'dimension', 'Clifford algebra', 'fact', 'Bernoulli polynomials', 'function', 'sense', 'Clifford analysis']
We will consider models of the spread of disease or opinion through social networks;2;[486902, 1472481, 12136, 3962655, 2715623];['mathematical model', 'spread', 'disease', 'opinion', 'social network']
We consider the problem of locating a circle with respect to existing facilities in the plane such that the sum of weighted distances between the circle and the facilities is minimized;2;[759676, 17278, 28510, 4688921, 197, 218005, 126017, 17278, 4688921];['task', 'circle', 'respect', 'Affiliated institution', 'airplane', 'sum', 'distance', 'circle', 'Affiliated institution']
A secret sharing scheme is a protocol by which a dealer distributes a secret among a set of participants in such a way that only qualified sets of them can reconstruct the value of the secret whereas any non-qualified subset of participants obtain no information at all about the value of the secret. Secret sharing schemes have always played a very important role for cryptographic applications and in the construction of higher level cryptographic primitives and protocols. In this paper we investigate the construction of efficient secret sharing schemes by using a technique called hypergraph decomposition;2;[959962, 702761, 43845, 1503443, 36161, 17641254, 36161, 194112, 1503443, 177646, 11028, 194112, 1503443, 959962, 214339, 166142, 385378, 246593, 16843666, 702761, 11472, 385378, 959962, 21162272, 339062];['diagram', 'standard operating procedure', 'businessperson', 'secrecy', 'set', 'Andrew John Henry Way', 'set', 'value', 'secrecy', 'subset', 'information', 'value', 'secrecy', 'diagram', 'role', 'application', 'construction', 'cryptographic primitive', 'Higher Level', 'standard operating procedure', 'paper', 'construction', 'diagram', 'means', 'decomposition']
In this paper some exact expressions for the first and second Zagreb indices of graph operations containing the Cartesian product;2;[11024, 11472, 1435, 1028355, 173740];['communication', 'paper', 'Zagreb', 'graph operation', 'Cartesian product']
It has been known that every planar 4-graph has a 2-bend 2-D orthogonal drawing;2;[17514, 93184];['graffiti', 'drawing']
For a connected graph G=(V;2;[17514];['graffiti']
It is well known that the two graph invariants;2;[722659];['graph property']
We present here a pricing model which is an extension of the Cooperative Game concept and which includes a notion of Price-Dependent Demand. We present some existence results as well as some algorithms;2;[486902, 184148, 151885, 595523, 5255021, 468777, 8366];['mathematical model', 'plug-in', 'concept', 'notion', 'Demand', 'existence', 'algorithm']
Modeling the dynamic behaviour of biochemical systems at a molecular level aims at understanding and predicting the interactions of macromolecules inside the cell. Models of small subsystems based on differential equations not only prepare the way for the long-term goal of understanding a whole cell;2;[9332, 58778, 207988, 46744, 1665869, 178593, 209440, 4044426, 11214, 17641254, 4503831, 209440];['behavior', 'system', 'spirit level', 'understanding', 'interaction', 'macromolecule', 'electrochemical cell', 'Models', 'differential equation', 'Andrew John Henry Way', 'goal', 'electrochemical cell']
To understand the stochastic behavior of biological systems;2;[9332, 30336093];['behavior', 'biological system']
The eigenspace structure for a given nxn concave Monge matrix in a max-plus algebra is described. Based on the description;2;[6671777, 44337, 3968, 18028904, 1200750];['structure', 'matrix', 'algebra', 'MAX', 'description']
A b-coloring is a coloring of the vertices of a graph such that each color class contains a vertex that has a neighbor in all other color classes. El-Sahili and Kouider have conjectured that every d-regular graph with girth at least 5 has a b-coloring with d+1 colors. We show that the Petersen graph infirms this conjecture;2;[1304193, 17514, 1075, 26401, 6684320, 1075, 27955792, 826467, 959831, 8805, 1075, 17514, 319141];['vertex', 'graffiti', 'color', 'vertex', 'The Neighbor', 'color', 'Eleven', 'regular graph', 'girth', 'bit', 'color', 'graffiti', 'conjecture']
We present several new families of (@LxT;2;[12409669];['New Family']
We consider a production planning problem for two items where the high quality item can substitute the demand for the low quality item. Given the number of periods;2;[739302, 859965, 185957, 4402708, 185957, 11563, 172008];['production', 'item', 'quality', 'demand', 'quality', 'number', 'full stop']
"We consider a combinatorial problem motivated by a special simplified timetabling problem for subway networks. Mathematically the problem is to find (pairwise) disjoint congruence classes modulo certain given integers; each such class corresponds to the arrival times of a subway line of a given frequency. For a large class of instances we characterize when such disjoint congruence classes exist and how they may be determined. We also study a generalization involving a minimum distance requirement between congruence classes";2;[759676, 759676, 5503, 759676, 4479242, 12503, 4479242, 11471, 15079663, 11652, 4479242, 1664689, 4479242, 170084, 774228, 4479242];['task', 'task', 'rapid transit', 'task', 'class', 'integer', 'class', 'time', 'rapid transit railway line', 'frequency', 'class', 'instance', 'class', 'generalization', 'requirement', 'class']
An unbordered word is a string over a finite alphabet such that none of its proper prefixes is one of its suffixes. In this paper;2;[625642, 184754, 9779, 362009, 134830, 1964223, 11472];['word', 'string', 'alphabet', 'None', 'prefix', 'name suffix', 'paper']
Threshold group testing first proposed by Damaschke is a generalization of classic group testing. Specifically;2;[468333, 170084, 5611272];['Threshold', 'generalization', 'Group testing']
The use of multileaf collimators (MLCs) is a modern way to realize intensity modulated fields in radiotherapy. An important step in the treatment planning is the shape matrix decomposition: the desired fluence distribution;2;[7901733, 374703, 3859958, 1061524, 190109, 180507, 17525443, 309100, 339062, 200726];['Use', 'Multileaf collimator', 'Modern Way', 'intensity', 'field', 'radiation therapy', 'middle', 'planning', 'decomposition', 'probability distribution']
The procedures studied in this paper originate from a problem posed at the International Mathematical Olympiad in 1986. We present several approaches to the IMO problem and its generalizations. In this context we introduce a ''signed mean value procedure'' and study ''relaxation procedures on graphs''. We prove that these processes are always finite;2;[190686, 11472, 759676, 7983, 21162272, 759676, 170084, 196626, 190686, 28106657, 190686, 17514, 205663];['subroutine', 'paper', 'task', 'International Mathematical Olympiad', 'means', 'task', 'generalization', 'context', 'subroutine', 'model sheet', 'subroutine', 'graffiti', 'process']
In this paper;2;[11472];['paper']
We consider a product X of n finite intervals of integers;2;[185148, 28561969, 40276, 21199, 12503];['real interval', 'XXXTentacion', 'multiplication', 'natural number', 'integer']
An s-graph is a graph with two kinds of edges: subdivisible edges and real edges. A realisation of an s-graph B is any graph obtained by subdividing subdivisible edges of B into paths of arbitrary length (at least one). Given an s-graph B;2;[11574, 180309, 17514, 17514, 21146257, 133346, 133346, 133346, 17146409, 618, 17514, 133346, 618, 817765, 36253, 618];['second', 'hyphen', 'graffiti', 'graffiti', 'type', 'border', 'border', 'border', 'Realisation', 'boron', 'graffiti', 'border', 'boron', 'path', 'length', 'boron']
A set of vertices S in a graph G is independent if no neighbor of a vertex of S belongs to S. A set of vertices U in a graph G is irredundant if each vertex v of U has a private neighbor;2;[36161, 682, 17514, 18373, 6684320, 26401, 682, 36161, 17148194, 1304193, 1098, 17514, 18373, 3711325, 1098, 6684320];['set', 'sulfur', 'graffiti', 'gravitational constant', 'The Neighbor', 'vertex', 'sulfur', 'set', 'S.', 'vertex', 'uranium', 'graffiti', 'gravitational constant', 'speed', 'uranium', 'The Neighbor']
The paper deals with algorithms for applying classical list scheduling to a project scheduling problem where the units of resources are produced or consumed at the occurrence of precedence-related events. It is shown that the feasibility variant of the project scheduling problem is NP-complete. Moreover;2;[11472, 8366, 2271896, 170584, 199, 1554231, 1190554, 10290214, 362031, 170584, 837];['paper', 'algorithm', 'scheduling', 'project', '1', 'resource', 'occurrence', 'event', 'variance', 'project', 'Nepal']
In this paper;2;[11472];['paper']
For integer r>=2;2;[12503];['integer']
We generalize all the results obtained for maximum integer multiflow and minimum multicut problems in trees by Garg;2;[2995644, 12503, 759676, 10884, 21449872];['result', 'integer', 'task', 'tree', 'Garg']
It is shown that the Positivity Problem for a sequence satisfying a third order linear recurrence with integer coefficients;2;[16736785, 133250, 207643, 12503];['Problem', 'sequence', 'linear map', 'integer']
As an extension of the disjoint paths problem;2;[184148, 759676];['plug-in', 'task']
"The bounded edge-connectivity @lk(G) of a connected graph G with respect to k(>=d(G)) is the minimum number of edges in G whose deletion from G results in a subgraph with diameter larger than k and the edge-persistence D^+(G) is defined as @ld(G)(G), where d(G) is the diameter of G. This paper considers the Cartesian product G1xG2, shows @lk""1+k""2(G1xG2)>=@lk""1(G1)+@lk""2(G2) for k1>=2 and k2>=2";2;[28134632, 18373, 28510, 11563, 133346, 650250, 18373, 37221, 37221, 3755540, 11472, 40276];['connectivity', 'gravitational constant', 'respect', 'number', 'border', 'elision', 'gravitational constant', 'diameter', 'diameter', 'G.', 'paper', 'multiplication']
A single round robin tournament (SRRT) consists of n teams and a set of periods. Matches between the teams have to be scheduled such that each team plays against each other team exactly once and each team plays at most once per period. In order to establish fairness among teams;2;[37144, 18040422, 327245, 36161, 172008, 3112819, 327245, 327245, 327245, 327245, 172008, 1473607, 6316865, 327245];['cartridge', 'SRRT', 'team', 'set', 'full stop', 'Match.com', 'team', 'team', 'team', 'team', 'full stop', 'degree of a polynomial', 'justice', 'team']
We present an algorithm which given a source node and a set of n-1 target nodes in the (n;2;[8366, 128751, 36161, 173106];['algorithm', 'source code', 'set', 'network node']
minimum dominating set of queens is one of the typical programming exercises of a first year's computer science course. However;2;[2915204, 139, 80006, 68, 3520896];['Dominating set', 'queen', 'computer programming', 'computer', 'The First Year']
"In this paper two-terminal series-parallel chromatic hypergraphs are introduced and for this class of hypergraphs it is shown that the chromatic polynomial can be computed with polynomial complexity. It is also proved that h-uniform multibridge hypergraphs @q(h;a1,a2";2;[840247, 11472, 4479242, 840247, 1087609, 723897, 862633];['hypergraph', 'paper', 'class', 'hypergraph', 'chromatic polynomial', 'complexity', 'school uniform']
This paper presents a new generalization of the graph multicoloring problem. We propose a Branch-and-Cut algorithm based on a new integer programming formulation. The cuts used are valid inequalities that we could identify to the polytope associated with the model. The Branch-and-Cut system includes separation heuristics for the valid inequalities;2;[11472, 170084, 17514, 8366, 2923671, 1626444, 12503, 283916, 28113351, 747980, 486902, 58778, 2923671, 1626444, 201413, 28113351];['paper', 'generalization', 'graffiti', 'algorithm', 'Branch', 'Cut', 'integer', 'cut', 'inequality', 'polytope', 'mathematical model', 'system', 'Branch', 'Cut', 'heuristic', 'inequality']
An n-partite tournament is an orientation of a complete n-partite graph. In this paper;2;[500834, 2748415, 17514, 11472];['tournament', 'orientability', 'graffiti', 'paper']
"A stable (or independent) set in a graph is a set of pairwise nonadjacent vertices thereof. The stability number@a(G) is the maximum size of stable sets in a graph G. The independence polynomial of G is I(G;x)=@?k=0@a(G)skx^k=s0+s1x+s2x^2+...+s@a(G)x^@a^(^G^)(s0@?1), where sk is the number of stable sets of cardinality k in a graph G";2;[36161, 17514, 36161, 1304193, 403605, 4049983, 1060343, 17514, 3755540, 43260, 18373, 214796, 11563, 1060343, 4049983, 5962, 18373];['set', 'graffiti', 'set', 'vertex', 'stability', 'cardinality', 'independent set', 'graffiti', 'G.', 'polynomial', 'gravitational constant', 'equals sign', 'number', 'independent set', 'cardinality', 'Boltzmann constant', 'gravitational constant']
The recently introduced atom-bond connectivity (ABC) index has been applied up until now to study the stability of alkanes and the strain energy of cycloalkanes. Furtula et al. (2009) [3] obtained extremal ABC values for chemical trees;2;[873506, 11693, 169889, 403605, 41581, 496309, 188862, 222, 172008, 169889, 10884];['index', 'bond', 'American Broadcasting Company', 'stability', 'alkane', 'Strain energy', 'cycloalkane', 'Albania', 'full stop', 'American Broadcasting Company', 'tree']
We study the quantity distance between nodejand nodenin a random tree of sizen chosen from a family of increasing trees. For those subclass of increasing tree families;2;[126017, 10884, 8436, 10884, 212542, 10884];['distance', 'tree', 'family', 'tree', 'inheritance', 'tree']
"An independent set of a graph G is a set of pairwise non-adjacent vertices. Let @a(G) denote the cardinality of a maximum independent set and fs(G) for 0@?s@?@a(G) denote the number of independent sets of s vertices. The independence polynomial I(G;x)=@?i=0^@a^(^G^)fs(G)x^s defined first by Gutman and Harary has been the focus of considerable research recently. Wingard bounded the coefficients fs(T) for trees T with n vertices: (n+1-ss)@?fs(T)@?(n-1s) for s>=2. We generalize this result to bounds for a very large class of graphs, maximal k-degenerate graphs, a class which includes all k-trees. Additionally, we characterize all instances where our bounds are achieved, and determine exactly the independence polynomials of several classes of k-tree related graphs. Our main theorems generalize several related results known before.

#*First-Fit coloring of {P, K-e}-free graphs.
#@Sheshayya A. Choudum,T. Karthick
#t2010
#cDiscrete Applied Mathematics
#index1592430
#%933185
#!We show that given any ordering of the vertices of a {P5";2;[1060343, 18373, 36161, 1304193, 4049983, 1060343, 11563, 1060343, 11574, 43260, 21501922, 5654220, 190909, 42240, 50700, 10884, 21199, 1304193, 3869306, 2995644, 4479242, 17514, 17514, 4479242, 5962, 180309, 1664689, 864930, 43260, 4479242, 5962, 65943, 2995644, 5455379, 17514, 674, 703, 4821839, 21473990, 278485, 11229, 33521, 14953108, 1304193, 214314];['independent set', 'gravitational constant', 'set', 'vertex', 'cardinality', 'independent set', 'number', 'independent set', 'second', 'polynomial', 'Gutman', 'Harary', 'focus', 'research', 'coefficient', 'tree', 'natural number', 'vertex', 'N+1', 'result', 'class', 'graffiti', 'graffiti', 'class', 'Boltzmann constant', 'hyphen', 'instance', 'Bound', 'polynomial', 'class', 'Boltzmann constant', 'theorem', 'result', 'Fit', 'graffiti', 'phosphorus', 'potassium', 'Aulus', 'Titus', 'hashtag', 'percent', 'applied mathematics', 'collation', 'vertex', 'Pentium']
The traditional Generalized Assignment Problem (GAP) seeks an assignment of customers to facilities that minimizes the sum of the assignment costs while respecting the capacity of each facility. We consider a nonlinear GAP where;2;[5532462, 420822, 315364, 852835, 4688921, 218005, 315364, 491774, 4688921, 420822];['Generalized assignment problem', 'Gap, Inc.', 'transfer', 'customer', 'Affiliated institution', 'sum', 'transfer', 'tonnage', 'Affiliated institution', 'Gap, Inc.']
A digraph D is a union of quasi-transitive digraphs if its arcs can be partitioned into sets A1 and A2 such that the induced subdigraph D[Ai](i=1,2) is quasi-transitive. Let D be an m-colored asymmetric union of quasi-transitive digraphs such that every chromatic class is completely included in D[Ai] for some i=1;2;[336286, 178790, 28602, 36161, 888603, 336286, 178790, 4479242];['defender', 'trade union', 'Aramaic language', 'set', 'A2 road', 'defender', 'trade union', 'class']
The interlace polynomialq was introduced by Arratia;2;[6046828];['interlace']
Rank-width is a structural graph measure introduced by Oum and Seymour and aimed at better handling of graphs of bounded clique-width. We propose a formal mathematical framework and tools for easy design of dynamic algorithms running directly on a rank-decomposition of a graph (on contrary to the usual approach which translates a rank-decomposition into a clique-width expression;2;[2572622, 17514, 13534653, 1998315, 620591, 17514, 1101814, 271680, 39546, 82604, 8366, 56019, 17514, 21162272, 56019, 11024];['Rank', 'graffiti', 'Oum', 'Seymour', 'apotropaic magic', 'graffiti', 'Clique-width', 'software framework', 'tool', 'design', 'algorithm', 'military rank', 'graffiti', 'means', 'military rank', 'communication']
In this paper we analyze ternary bicooperative games;2;[11472, 11410];['paper', 'game']
Using polyhedral combinatorics and graph theory results;2;[8348314, 131476];['polyhedral combinatorics', 'graph theory']
In this paper;2;[11472];['paper']
In the early 1980s;2;[34644];['1980s']
In this paper;2;[11472];['paper']
The Tree Augmentation Problem (TAP) is: given a tree T=(V;2;[127332, 208232, 10884];['Charlotte Brontë', 'TAP Air Portugal', 'tree']
A set H of disjoint faces of a plane bipartite graph G is a resonant pattern if G has a perfect matching M such that the boundary of each face in H is an M-alternating cycle. An elementary result was obtained [Discrete Appl. Math. 105 (2000) 291-311]: a plane bipartite graph is 1-extendable if and only if every face forms a resonant pattern. In this paper we show that for a 2-extendable plane bipartite graph;2;[556, 37017, 18373, 2083958, 18373, 160669, 133346, 37017, 556, 11442, 2995644, 3208293, 395, 172008, 174733, 37017, 2083958, 11472, 197];['hydrogen', 'face', 'gravitational constant', 'pattern', 'gravitational constant', 'Mach number', 'border', 'face', 'hydrogen', 'bicycle', 'result', 'La Discrète', 'mathematics', 'full stop', 'bipartite graph', 'face', 'pattern', 'paper', 'airplane']
This paper deals with problems on non-oriented edge-colored graphs. The aim is to find a route between two given vertices s and t. This route can be a walk;2;[11472, 759676, 17514, 4503831, 34442, 1304193, 21473990, 34442, 587180];['paper', 'task', 'graffiti', 'goal', 'road', 'vertex', 'Titus', 'road', 'base on balls']
This article describes the experiences of five universities in using the Personal Software Process (PSP) to teach software engineering concepts in a variety of contexts. It also contains suggestions and techniques for introducing the PSP into a university curriculum. The article's objective is to encourage and guide other academics that might consider introducing the PSP in their own software engineering courses. Additionally;3;[103184, 282250, 3918, 1702721, 170325, 7397, 3329375, 196626, 690194, 21162272, 170325, 3918, 3880557, 103184, 3400985, 170325, 7397];['article', 'qualia', 'university', 'Personal software process', 'PlayStation Portable', 'software', 'language variety', 'context', 'suggestion', 'means', 'PlayStation Portable', 'university', 'objective', 'article', 'academic', 'PlayStation Portable', 'software']
Researchers at Telcordia Technologies and the State University of New York;3;[16968515, 7695688, 49210, 60];['Researcher', 'iconectiv', 'New York University', 'New York City']
This paper describes the reengineering of a Sandia National Laboratories legacy system for managing engineering drawings/documentation that has evolved over the past 30 years. The approach used natural language information modeling and a 4GL language to understand;3;[11472, 445962, 788790, 1788588, 577, 21162272, 315, 315];['paper', 'legacy system', 'documentation', 'engineering drawing', 'year', 'means', 'language', 'language']
Two techniques that analyze prediction accuracy and enhance predictive power of a software reliability model are presented. The u-plot technique detects systematic differences between predicted and observed failure behavior;3;[21162272, 272035, 10350689, 7397, 21162272, 4658963, 9332];['means', 'accuracy and precision', 'predictive power', 'software', 'means', 'cadency', 'behavior']
Software has become a major cost;3;[7554175, 240673];['Software', 'cost']
The authors argue that current work on integrated project support environments (IPSEs) is based on an inappropriate view of integration;3;[482980, 42213, 6042939, 1329910, 80091];['author', 'work', 'Integrated Project Support Environment', 'view', 'integral']
Allowing a user to interact with dynamically changing graphical representations of algorithms or data structures may help in teaching;3;[278368, 959962, 8366, 42848];['user', 'diagram', 'algorithm', 'data']
Software development organizations continually make decisions on how to select;3;[43229, 732833];['organization', 'decision']
A component-based software engineering workshop at the 20th International Conference on Software Engineering discussed the current state of components. The authors synthesize these perspectives and ideas into a coherent discussion of how components are reshaping SE practices. A component-based system requires an infrastructure for communication and collaboration. Roger Sessions' sidebar on component middleware examines the Microsoft MTS and OMG Corba infrastructure technologies. David Chappell addresses the fundamental architectural issue of transactions in his sidebar;3;[7397, 18504, 80993, 3505845, 11653, 482980, 20978643, 131841, 11653, 34, 58778, 121359, 11024, 1145523, 2880842, 550632, 146768, 2283, 121359, 41370, 86447, 601401, 2880842];['software', 'National League', 'software engineering', 'state', 'electronic component', 'author', 'point of view', 'idea', 'electronic component', 'Sweden', 'system', 'infrastructure', 'communication', 'collaboration', 'sidebar', 'Roger Sessions', 'middleware', 'Microsoft', 'infrastructure', 'David', 'issue', 'trade', 'sidebar']
The authors describe CODE (computation-oriented display environment);3;[482980, 40387612, 5290];['author', 'CODE University of Applied Sciences', 'computer monitor']
As the use of commercial technology and products in systems becomes increasingly popular;3;[7901733, 11016, 40276, 58778];['Use', 'technology', 'multiplication', 'system']
Operations in today's large corporations are usually supported by complex software infrastructures that involve hundreds or thousands of software systems.Companies frequently need to redesign their software infrastructures in response to marketplace changes in the. This article describes the Enterprise Navigator;3;[3033529, 167037, 130838, 7397, 313354, 43016, 2429814, 2915810, 7397, 7315950, 330284, 103184, 369987];['Operation', 'corporation', 'Today', 'software', 'hundred', '1000', 'software system', 'Company', 'software', 'response', 'marketplace', 'article', 'USS Enterprise']
When imperative (value- or state-oriented) programming and logical (relation-oriented) programming are combined into a single language;3;[80006, 80006, 315];['computer programming', 'computer programming', 'language']
Based on actual experience;3;[282250];['qualia']
The RSL couples a passive database with interactive design tools to make reuse an integral part of the software development process.;3;[391353, 8513, 17008971, 7401, 2904257];['Real Salt Lake', 'database', 'Design tool', 'part', 'software development process']
The authors consider the user of modern functional languages;3;[482980, 278368, 193076];['author', 'user', 'functional programming']
The architecture for the Global Command and Control System's new common operating environment will comprise several modern architectural concepts currently used in complex;3;[12271, 2713600, 5165841, 2371533, 5570585, 151885];['architecture', 'operating environment', 'Control System', 'The Command', 'Global', 'concept']
The design of the SVR4/MP multiprocessing system with fine-grained locking is discussed. SVR4/MP scales efficiently to eight processors under a database transaction processing workload and typical multiuser benchmarks. In developing SVR4/MP;3;[82604, 11005, 661609, 11005, 1466064, 8513, 816747, 11005];['design', 'House of Commons', 'Locking', 'House of Commons', 'processor', 'database', 'benchmark', 'House of Commons']
One of the key issues in Model Driven Architecture is model mapping--that is;3;[86447, 15188241, 486902];['issue', 'model-driven architecture', 'mathematical model']
Most businesses outside the software-engineering community;3;[4830453, 11023];['business', 'engineering']
Defect causal analysis offers a simple;3;[7754, 48428626];['mathematical analysis', 'Alexander Kostyliev']
The authors describe three tactical approaches to reducing intensive collaboration;3;[482980, 21162272, 1145523];['author', 'means', 'collaboration']
The use of the COTS acronym can be a convenience;3;[7901733, 101244, 5166129];['Use', 'acronym', 'Convenience']
Attention is given to the problems that arise during the testing and debugging cycle of concurrent programs because of their nondeterministic execution behavior;3;[29581389, 759676, 1003030, 11442, 40056, 9332];['Attention', 'task', 'test', 'bicycle', 'computer program', 'behavior']
The interactive implementation of this hash function algorithm presents several examples of large lexicon design;3;[245962, 8366, 12335479, 82604];['implementation', 'algorithm', 'template', 'design']
In recent years;3;[577];['year']
We present an experimental software system to design;3;[2429814];['software system']
A system is described that integrates timed Petri nets and queueing networks to model complex;3;[58778, 724168, 6042555, 141488, 486902];['system', 'Petri net', 'InteGrate', 'graph', 'mathematical model']
A model for industry-sponsored academic software research tha helps the sponsor gain tangible results quickly but respects the university's research mission is presented. Central to the model is joint effort to achieve a win-win situation for all participants. The key is the relationship between the university's principal investigator and the company's visiting scholar. The principal investigator initiates research contracts and is responsible for research results but;3;[486902, 7397, 172747, 152478, 2995644, 42240, 3918, 486902, 14536140, 50000, 23445, 223642, 7245082, 3918, 2248623, 783794, 7245082, 42240, 42240];['mathematical model', 'software', 'ث', 'sponsor', 'result', 'research', 'university', 'mathematical model', 'exertion', 'victory', 'black', 'interpersonal relationship', 'principal investigator', 'university', 'scholar', 'company', 'principal investigator', 'research', 'research']
The concept of postnormal science is meant to challenge how science is used today in attacking complex;3;[151885, 336, 336, 130838, 238156];['concept', 'science', 'science', 'Today', 'coordination complex']
Risk management in maintenance differs in major ways from risk management in development. Risk opportunities are more frequent;3;[189447, 1043452, 17641254, 189447, 1395034, 12541];['risk management', 'maintenance', 'Andrew John Henry Way', 'risk management', 'new product development', 'Risk']
Predicting software engineering trends is difficult because of the wide range of factors involved and the complexity of their interactions. In an earlier article;3;[7397, 182995, 760170, 723897, 1665869, 103184];['software', 'kitchen stove', 'enumerated type', 'complexity', 'interaction', 'article']
An organizational framework for integrated CASE development and research that is based on the reference model for integrated software-engineering environments being developed by the NIST and the European Computer Manufacturers Association is proposed. Services defined in the reference model permit three forms of integration: data integration;3;[271680, 1395034, 42240, 356674, 11023, 176691, 837335, 3479121, 356674, 183252, 80091, 386824];['software framework', 'new product development', 'research', 'reference model', 'engineering', 'National Institute of Standards and Technology', 'Ecma International', 'Service', 'reference model', 'morphology', 'integral', 'data integration']
Developed to take advantage of the facilities of today's powerful personal workstations;3;[4686406, 4688921, 192525, 130838];['advantage', 'Affiliated institution', 'workstation', 'Today']
Effective software testing before release is crucial for product success. Based on a new metric and an associated methodology for in-process validation of test-case effectiveness;3;[15618492, 24238946, 40276, 865746, 185698, 359176, 205663, 8188561];['software testing tool', 'liberation', 'multiplication', 'metric function', 'methodology', 'validation', 'process', 'letter case']
The Expert System Builder;3;[45165];['System of a Down']
This article describes an introductory course for an undergraduate computing student. This course aims to integrate data structures and software engineering. In addition to requiring students to complete several varied assignments;3;[103184, 1962728, 179310, 1962728, 175263, 80993, 32043, 48282, 315364];['article', 'course', 'computing', 'course', 'data structure', 'software engineering', 'addition', 'student', 'transfer']
The authors provide a general picture of current research in distributed debugging. Rather than an exhaustive survey of the area;3;[482980, 478798, 42240, 7257997, 11500];['author', 'image', 'research', 'survey', 'area']
The key to applying computer-aided software engineering to the maintenance and enhancement of existing systems lies in applying reverse-engineering approaches. However;3;[23445, 80993, 1043452, 58778, 11023];['black', 'software engineering', 'maintenance', 'system', 'engineering']
An engineering process is only as good as its ability to meet market needs. In the evangelical world of software process models;3;[10843872, 1347367, 37654, 16502, 7397];['engineering process', 'capability', 'market', 'world', 'software']
Extraction of the structural and;3;[19878146, 936724];['Extraction', 'structural type system']
An algorithm for making sequential programs parallel is described;3;[8366, 40056];['algorithm', 'computer program']
This article presents the results of a 2002 survey on industry adoption of software review technologies. The study offers two important insights. First;3;[103184, 2995644, 7257997, 8148, 7397, 28106657, 1553259];['article', 'result', 'survey', 'industry', 'software', 'model sheet', 'insight']
When organizations make many improvements con-currently;3;[43229, 21255975];['organization', 'improvement']
The development of application generators;3;[1395034, 166142];['new product development', 'application']
The unique features of a software product line organization challenge the conventional definition of project management. Among those features are different project types;3;[42139305, 7397, 101072, 179012, 42139305, 190087];['feature', 'software', 'definition', 'project management', 'feature', 'data type']
As designers struggle to develop Web applications in Web time, they are under the added pressure of delivering usability. This author describes her company's successful transformation to user-driven processes for designing e-commerce applications. She also offers strategies for introducing human factors methods into a reluctant development organization.;3;[5322166, 189210, 466, 39552, 216378, 482980, 461499, 783794, 205663, 82435, 185451, 760170, 43229];['designer', 'web application', 'World Wide Web', 'pressure', 'usability', 'author', 'transformation', 'company', 'process', 'e', 'strategy', 'enumerated type', 'organization']
Eight common misconceptions of software quality are examined and refuted. The concept of cleanroom engineering of software is introduced. Cleanroom engineering achieves intellectual control by applying rigorous;3;[25345174, 1412670, 151885, 11023, 7397, 11023, 11175];['common misconception', 'software quality', 'concept', 'engineering', 'software', 'engineering', 'circumflex']
Different methodologies are inevitable;3;[185698];['methodology']
An approach to having compilers do most of the implementation detail work in programming that divides a program into two parts is described. The specification part describes what the program should do;3;[21162272, 47506, 42213, 80006, 40056, 7401, 2101564, 40056];['means', 'compiler', 'work', 'computer programming', 'computer program', 'part', 'specification', 'computer program']
The combinatorial design method substantially reduces testing costs. The authors describe an application in which the method reduced test plan development from one month to less than a week. In several experiments;3;[2292993, 240673, 482980, 166142, 1395034, 190686, 5151, 23387, 101965];['design method', 'cost', 'author', 'application', 'new product development', 'subroutine', 'month', 'week', 'experiment']
Conventional wisdom in the software industry decrees that it's good practice to conduct a postmortem study at the end of each project. Some would even suggest that this is not just a useful undertaking;3;[2646525, 880371, 334600, 28106657, 5375780, 170584, 48701870];['conventional wisdom', 'software industry', 'practice', 'model sheet', 'end', 'project', 'Undertaking']
For Web sites to be usable for a global audience;3;[35127, 211198];['website', 'audience']
The educational needs of the C-130J Software Factory are as diverse as the roles of the C-130J aircraft itself;3;[190258, 7554203, 214339, 11436];['need', 'Software Factory', 'role', 'aircraft']
Several issues and problems exist for software process improvement application. According to the authors' experiences;3;[86447, 759676, 7397, 282250, 482980];['issue', 'task', 'software', 'qualia', 'author']
The authors provide experienced-based risk management guidelines from a highly successful distributed command-and-control project that uses several innovative risk management practices.;3;[482980, 104493, 170584, 2390977, 11175, 104493];['author', 'risk', 'project', 'language proficiency', 'circumflex', 'risk']
This article presents a lightweight form of usage-centered design. Fully compatible with both traditional object-oriented software engineering methods and newer agile techniques such as Extreme Programming;3;[103184, 183252, 82604, 7397, 21162272, 209711];['article', 'morphology', 'design', 'software', 'means', 'extreme programming']
One of the leaders of the patterns community and the author of Advanced C++;3;[32518, 177634, 482980, 2407];['ellipsis', 'community', 'author', 'C++']
The article describes how to perform domain engineering by identifying the commonalities and variabilities within a family of products. Through interesting examples dealing with reuse libraries;3;[103184, 5289815, 5153644, 65921492, 8436, 40276, 12335479, 846574];['article', 'Domain engineering', 'Commonality', 'changeability', 'family', 'multiplication', 'template', 'reuse']
Predicting the evolution of software engineering technology is;3;[1063, 7397];['evolution', 'software']
The term legacy has taken on new meaning with the Web's broad success and the demand to bring existing systems quickly into the Internet fold. Cobol programs and data are being viewed in a new positive light with options for interconnection and integration for both code and data.;3;[1071233, 101072, 50000, 466, 4402708, 58778, 75, 131140, 42848, 9128, 187860, 1665949, 80091, 188889, 42848];['terminal emulator', 'definition', 'victory', 'World Wide Web', 'demand', 'system', 'Internet', 'COBOL', 'data', 'light', 'option', 'interconnection', 'integral', 'code', 'data']
Traditional software-reliability prediction methods such as reliability growth models base estimates on observing failures (and fixing faults) in validation testing;3;[190686, 18748, 1121708, 47089, 359176];['subroutine', 'reliability', 'failure', 'fault', 'validation']
A description is given of FPlus;3;[1200750];['description']
Software professionals' work remains vital to modern industrial society as key definitions of work;3;[42213, 702269, 917614, 101072, 42213];['work', 'professional', 'industrial society', 'definition', 'work']
The worldwide boom in IT use has spurred software development efforts around the globe. The authors' research program focuses on collecting quantitative data about several countries' current practices and performance;3;[179057, 38, 7397, 133792, 1298668, 482980, 42848, 334600, 6256, 35140];['explosion', 'Italy', 'software', 'globe', 'science project', 'author', 'data', 'practice', 'country', 'performance']
The development of large;3;[1395034];['new product development']
Legal and policy aspects of information technology use and development. The ACM Portal is published by the Association for Computing Machinery. Copyright © 2010 ACM;3;[208084, 11028, 1395034, 274897, 988108, 5157629, 5169211, 11195, 127992];['aspect', 'information', 'new product development', 'Portal', 'club', 'Computing', 'Copyright', 'copyright symbol', 'Association for Computing Machinery']
Contrary to traditional wisdom;3;[1993735];['appeal to tradition']
Organizations implementing Enterprise Resource Planning (ERP) systems have been increasingly adopting generic;3;[1986084, 58778, 1992324, 131508];['The Organization', 'system', 'SAP R/3', 'enterprise resource planning']
A variety of studies have documented relationships between OO metrics and managerial-performance variables including effort;3;[3329375, 28106657, 223642, 865746, 35140, 14536140];['language variety', 'model sheet', 'interpersonal relationship', 'metric function', 'performance', 'exertion']
Accreditation of software engineering degree programs affirms that software development is a true engineering discipline. The authors;3;[705899, 7397, 638608, 12015335, 482980];['accreditation', 'software', 'software development', 'area of engineering', 'author']
Two years or more can pass between formal SEI (Software Engineering Institute) assessments using the Capability Maturity Model (CMM). An organization seeking to monitor its progress to a higher SEI level needs a method for internally conducting incremental assessments. The author provides one that has proven successful at Motorola. A method was developed for assessing progress to higher SEI levels that lets engineers and managers evaluate an organization's current status relative to the CMM and identify weak areas for immediate attention and improvement. This method serves as an effective means to ensure continuous process improvement as well as grassroots participation and support in achieving higher maturity levels. This progress-assessment process is not intended as a replacement for any formal assessment instruments developed by the SEI;3;[577, 27318, 5986438, 1760963, 929673, 929673, 43229, 1963461, 207988, 190686, 27318, 482980, 259011, 190686, 1963461, 207988, 81096, 3246315, 2628882, 43229, 11500, 6501338, 21255975, 190686, 2796622, 205663, 1773152, 1136376, 207988, 205663, 65088609, 34379, 5986438];['year', 'test', 'ichthyosis bullosa of Siemens', 'Software Engineering Institute', 'Capability Maturity Model', 'Capability Maturity Model', 'organization', 'OpenEdge Advanced Business Language', 'spirit level', 'subroutine', 'test', 'author', 'Motorola', 'subroutine', 'OpenEdge Advanced Business Language', 'spirit level', 'engineer', 'head coach', 'legal status', 'organization', 'area', 'attention', 'improvement', 'subroutine', 'mean', 'process', 'participation', 'support', 'spirit level', 'process', 'return', 'musical instrument', 'ichthyosis bullosa of Siemens']
In the software-engineering industry;3;[11023];['engineering']
Developers have plenty of reasons to avoid investing in requirements engineering: It is next to impossible to capture user needs completely;3;[5266661, 1545013, 178354, 1761598, 278368];['Developer', 'Plenty', 'reason', 'software requirements specification', 'user']
The application architecture;3;[12271];['architecture']
Most software engineering graduates begin their careers lacking an appreciation of real-world conditions. Do universities have the resources to simulate this environment or must software companies provide such training themselves?;3;[7397, 282049, 2728730, 16502, 3918, 1554231, 2249676, 1058914, 918385];['software', 'career', 'gratitude', 'world', 'university', 'resource', 'environment', 'software company', 'training']
This case study presents the development of an abstract oscilloscope specification;3;[155207, 1395034, 174320];['case study', 'new product development', 'oscilloscope']
The last few years have seen intense scrutiny of the flawed business premises underlying the dot-com bubble of the late 1990s. The prevailing attitude then was that software investment could be repaid through the company's increased capital value in expectation of future profits. The current IT environment is greatly changed. Not only are organizations no longer willing to invest in software development without clear expectations for returns;3;[577, 7439360, 4830453, 75794, 34653, 622645, 7397, 5119, 783794, 1362683, 5510745, 38, 43229];['year', 'Scrutiny', 'business', 'bubble', '1990s', 'attitude', 'software', 'capital', 'company', 'expectation', 'Future Profits', 'Italy', 'organization']
Automatic test-case generation from Prolog specifications encounters problems due to recursion;3;[213381, 163468, 759676];['generation', 'Prolog', 'task']
Models can describe business transactions in terms of business entities and help automate some systems integration tasks. The joint action model describes a new business transaction motivating systems integration.;3;[4044426, 4830453, 1071233, 3376073, 58778, 486902, 4830453];['Models', 'business', 'terminal emulator', 'corporate personhood', 'system', 'mathematical model', 'business']
The static structure is the physical organization of a system's functional modules in terms of their structural relations. It is the packaging of the dynamic structure into textually self-contained modules;3;[6671777, 43229, 18848, 58778, 1071233, 277521, 6671777, 18848];['structure', 'organization', 'module', 'system', 'terminal emulator', 'relation', 'structure', 'module']
This article is a report on an innovative retraining program designed to take a surplus of engineers from traditional areas at Lockheed Martin Aeronautics Company in Marietta;3;[103184, 10870555, 40056, 268617, 81096, 11500, 1627738, 852684];['article', 'report', 'computer program', 'surplus', 'engineer', 'area', 'Lockheed Martin Aeronautics', 'Marietta']
Metaclasses let database designers extend Adam;3;[8513, 69488];['database', 'MDMA']
Many organizations are using or considering the Capability Maturity Model as a vehicle for software process improvement. Does the CMM provide real benefits? The authors offer metrics and data that show the results of Motorola's CMM usage.;3;[43229, 929673, 42889, 7397, 929673, 2383321, 482980, 865746, 42848, 2995644, 929673, 259011];['organization', 'Capability Maturity Model', 'vehicle', 'software', 'Capability Maturity Model', 'yield', 'author', 'metric function', 'data', 'result', 'Capability Maturity Model', 'Motorola']
The aim of the ESPRIT SEDOS (software environment for the design of open systems) project is to further develop Estelle;3;[4503831, 170584, 1368412, 7397, 82604, 898312, 230622];['goal', 'project', 'Esprit', 'software', 'design', 'open system', 'Estelle']
An information system's performance in relation to time and resources is largely deter-mined by the design selected in software development. Performance engineering's core concept accounts for a software system's performance from the earliest development phases. Unfortunately;3;[35140, 121182, 277521, 11471, 1554231, 82604, 638608, 151885, 4117135, 35140, 2429814, 185553];['performance', 'information system', 'relation', 'time', 'resource', 'design', 'software development', 'concept', 'Performance engineering', 'performance', 'software system', 'phase']
The investigation of reuse has a long history;3;[21004260, 846574, 309];['inquiry', 'reuse', 'history']
There's little debate that usability engineering benefits end users;3;[179875, 216378, 278368];['debate', 'usability', 'user']
Knowledge bases offer an information retrieval method that is especially appropriate for knowledge-intensive activities like software engineering. The authors describe lessons learned using DSpace;3;[593744, 11028, 61788060, 80993, 482980, 379833, 595786];['knowledge base', 'information', 'human activity', 'software engineering', 'author', 'lesson', 'DSpace']
Selecting the right component to integrate into an application is challenging and risky;3;[11653, 166142];['electronic component', 'application']
In conventional multiple inheritance;3;[1070739];['multiple inheritance']
Text mining is a relatively new research area associated with the creation of novel information resources from electronic text repositories. An expert-witness database based on text from legal;3;[676880, 42240, 386724, 58327659, 234460, 8513, 234460];['text mining', 'research', 'work', 'information services', 'text', 'database', 'text']
Frederick Brooks' famous article No Silver Bullet implied that we can't hope to make significant gains in software development. In other words;3;[103184, 3273004, 1198033, 854659, 638608, 625642];['article', 'Frederick', 'Silver Bullet', 'gain', 'software development', 'word']
Over the past decade;3;[39911];['decade']
Organizations can rest their software process decisions on a more solid basis than subjective preferences and dogma. Economics is one such basis. Understanding how high-level process characteristics alter a software project's economics can lead to informed decisions and improve value creation. This article illustrates this point by focusing on two central characteristics of iterative and incremental development¿flexibility and learning¿and how these characteristics support creation of economic value under uncertainty.;3;[1986084, 7397, 189569, 1416170, 620749, 8134, 189569, 205663, 8134, 7397, 6031304, 194112, 103184, 156389, 937228, 937228, 386724, 868257, 13649246];['The Organization', 'software', 'basis', 'preference', 'dogma', 'economics', 'basis', 'process', 'economics', 'software', 'Informed Decision', 'value', 'article', 'point', 'property', 'property', 'work', 'economic value', 'uncertainty']
Four prototype metatools;3;[207977];['prototype']
Whereas the remote-procedure-call (RPC) abstraction;3;[224055, 353659, 190686, 62270];['abstraction', 'call sign', 'subroutine', 'remote procedure call']
Most security attacks exploit in-stances of well-known classes of implementation flaws. Developers could detect and eliminate many of these flaws before deploying the software;3;[169489, 17052364, 4479242, 245962, 5266661, 2062519, 7397];['security', 'stance', 'class', 'implementation', 'Developer', 'Flaw', 'software']
Although inspection is an effective mechanism for detecting defects in procedural systems;3;[1137655, 517596, 831320, 58778];['inspection', 'mechanism', 'wine fault', 'system']
The reuse of accepted software solutions that have proven to be usable is one of the key concepts of modern and successful software development. This contribution focuses on the reuse of good design and presents an approach that is based on over 10 years of experience. Like most modern methods;3;[846574, 7397, 151885, 638608, 25096743, 846574, 17067591, 21162272, 577, 282250, 190686];['reuse', 'software', 'concept', 'software development', 'Contribution', 'reuse', 'Good Design', 'means', 'year', 'qualia', 'subroutine']
Tools are available to generate the parser part of the compiler front end from the grammar describing the language being parsed. Tools like Lex/Yacc assume that the parser has two parts;3;[184827, 7401, 47506, 8091, 315, 184827, 305932, 929667, 194152, 7401];['Tool', 'part', 'compiler', 'grammar', 'language', 'Tool', 'yacc', 'Lexington', 'parser', 'part']
Reuse is not just a technical issue. Hewlett-Packard studied why people sometimes resist reuse and which organizational models appear to encourage reuse more than others. The study found that successful reuse programs must be integrated within the culture of a company's existing organizational structure. One crucial organizational factor is the relationship between producers and consumers of reuse components and services. What are these relationships and how well do they work? To answer this question;3;[846574, 86447, 80978, 5, 846574, 486902, 846574, 1433373, 28106657, 40056, 11042, 759524, 783794, 760170, 223642, 3282637, 22855, 11653, 44127, 223642, 189756];['reuse', 'issue', 'Hewlett-Packard', 'human', 'reuse', 'mathematical model', 'reuse', 'other', 'model sheet', 'computer program', 'culture', 'organizational structure', 'company', 'enumerated type', 'interpersonal relationship', 'film producer', 'consumer', 'electronic component', 'server', 'interpersonal relationship', 'question']
Traditional ways of developing software and improving the software process rely on theories that assume that the environment is predictable. However;3;[17641254, 7397, 7397, 17737, 2249676];['Andrew John Henry Way', 'software', 'software', 'theory', 'environment']
Software engineers might make incorrect decisions about adopting new techniques if they donýt consider scientific evidence about the techniquesý efficacy. Procedures used for evidence-based medicine can also apply to software engineering. Such evidence-based software engineering fits well with current ideas concerning software process improvement and could be an important means for closing the gap between research and practice. However;3;[1709010, 732833, 21162272, 3320364, 2585693, 190686, 11190, 80993, 80993, 131841, 7397, 2796622, 4153227, 42240, 334600];['software engineer', 'decision', 'means', 'scientific evidence', 'efficacy', 'subroutine', 'medicine', 'software engineering', 'software engineering', 'idea', 'software', 'mean', 'gap', 'research', 'practice']
There is little to instruct software project managers on how to handle risk in a way that ensures the success of contingency planning and avoids crisis. This seven-step procedure describes how to identify risk factors;3;[7397, 104493, 17641254, 50000, 2340208, 381072, 190686, 1475848];['software', 'risk', 'Andrew John Henry Way', 'victory', 'contingency plan', 'crisis', 'subroutine', 'risk factor']
Alcatel aims for global software development in its switching and routing business. Although there are many good reasons to globally distribute development activities;3;[509404, 638608, 4830453, 2666112, 22725, 178354, 1395034];['Alcatel-Lucent', 'software development', 'business', 'transposition', 'routing', 'reason', 'new product development']
A conceptual framework;3;[13600188];['conceptual framework']
In software development and software maintenance;3;[1043452, 1395034, 7397, 7397];['maintenance', 'new product development', 'software', 'software']
Development of large-scale systems often requires interaction among geographically distributed specialists. Highlighting tool use and team integration;3;[3025404, 58778, 1665869, 702269, 7901733, 80091];['Development', 'system', 'interaction', 'professional', 'Use', 'integral']
Building and evolving software systems is an arduous;3;[2429814, 4986440];['software system', 'Building']
The adaptation of the Shlaer-Mellor object-oriented analysis method for engineering the requirements of a mission-planning system by a missile-guidance software group is discussed. The Shlaer-Mellor object-oriented analysis method provides a structured means of identifying objects within a system by analyzing abstract data types and uses these objects as a basis for building three formal models: information;3;[483921, 7754, 683822, 1761598, 58778, 7397, 7754, 683822, 2796622, 488383, 58778, 190087, 488383, 189569, 486902, 11028];['adaptation', 'mathematical analysis', 'Mellor', 'software requirements specification', 'system', 'software', 'mathematical analysis', 'Mellor', 'mean', 'object', 'system', 'data type', 'object', 'basis', 'mathematical model', 'information']
In their first use of object-oriented design techniques;3;[7901733, 82604];['Use', 'design']
The problem of knowing when to stop testing software is considered;3;[759676, 7397];['task', 'software']
An approach to determining the consequences of a stop-test decision that combines software reliability engineering and economic analysis is described. The approach develops a model to quantify the economic consequences associated with terminating testing at a reliability achieved with a specified number of units of test-program execution;3;[21162272, 261155, 732833, 27318, 7754, 11023, 7397, 21162272, 486902, 261155, 1003030, 18748, 11563, 199, 1077724];['means', 'consequent', 'decision', 'test', 'mathematical analysis', 'engineering', 'software', 'means', 'mathematical model', 'consequent', 'test', 'reliability', 'number', '1', 'execution']
Software measurement has the potential to play an important role in risk management during product development. Metrics incorporated into predictive models can give advanced warning of potential risks. However;3;[7554325, 1202245, 214339, 189447, 40276, 650486, 486902, 7969813, 104493];['Software measurement', 'potential', 'role', 'risk management', 'multiplication', 'Metric', 'mathematical model', 'warning', 'risk']
For 25 years;3;[577];['year']
A description is given of MicroTool;3;[1200750];['description']
Systems analysis is the study of a system for the purpose of understanding and documenting its essential characteristics. Analysis is neither design nor implementation. Analysis focuses on real-world problems;3;[7663698, 28106657, 58778, 706622, 46744, 937228, 7754, 82604, 245962, 7754, 16502];['system analysis', 'model sheet', 'system', 'intention', 'understanding', 'property', 'mathematical analysis', 'design', 'implementation', 'mathematical analysis', 'world']
Methods and tools for detecting nondeterminacy in programs for shared-memory multiprocessors are discussed. The approach described divides the debugging chore into two phases. The first phase uses tools that automatically detect nondeterminacy to debug synchronization errors;3;[42844673, 39546, 40056, 492, 21162272, 5105000, 185553, 185553, 39546, 650462];['Method', 'tool', 'computer program', 'memory', 'means', 'Chore', 'phase', 'phase', 'tool', 'synchronization']
This tutorial discusses the general usability process and the design-evaluate-redesign cycle it follows. It also suggests how managers should implement the process in their software development organizations.;3;[535741, 205663, 11442, 3246315, 205663, 7397];['tutorial', 'process', 'bicycle', 'head coach', 'process', 'software']
Calico;3;[14932155];['Calico']
It's difficult to determine event order in distributed systems because of the problem of observability. The author discusses this problem and evaluates different strategies for determining arrival order.;3;[1473607, 3962217, 759676, 1369844, 482980, 759676, 185451, 1473607];['degree of a polynomial', 'distributed system', 'task', 'observability', 'author', 'task', 'strategy', 'degree of a polynomial']
The Quartz method treats time and functional behavior with equal importance in the development process. By modeling program development in a unified framework;3;[190686, 11471, 9332, 1395034, 40056, 17053202];['subroutine', 'time', 'behavior', 'new product development', 'computer program', 'Unified Framework']
Reusable components are not enough. Program designers need tools that help them understand the components and how to use them. Fortunately;3;[11653, 7248412, 39546, 11653];['electronic component', 'Program designer', 'tool', 'electronic component']
The author presents a knowledge-based approach to enhance and support communication between humans and computers. His system architecture has an explicit communication channel between the human and the hardware and an implicit communication channel between the human's knowledge base and the computer's stored knowledge. The author uses two intelligent support systems;3;[482980, 21162272, 11024, 5, 68, 477538, 733553, 5, 3966, 733553, 593744, 5, 9081, 68, 482980, 58778];['author', 'means', 'communication', 'human', 'computer', 'systems architecture', 'channel', 'human', 'computer hardware', 'channel', 'knowledge base', 'human', 'knowledge', 'computer', 'author', 'system']
"Developers typically use software architecture models at design time to capture significant decisions about a software system's organization and to describe and establish a common understanding about the system's abstract properties. Architectural information isn't usually explicitly represented at runtime; developers transform and realize the architectural properties through runtime artifacts. Recently";3;[5266661, 7397, 11471, 732833, 43229, 2429814, 430880, 6422240, 58778, 11028, 288510, 5482740, 6422240, 220659];['Developer', 'software', 'time', 'decision', 'organization', 'software system', 'collective consciousness', 'property', 'system', 'information', 'run time', 'programmer', 'property', 'archaeological artifact']
The demand for increased efficiency and effectiveness of our software processes places measurement demands on the software engineering community beyond those traditionally practiced. Statistical and process thinking principles lead to the use of statistical process control methods to determine consistency and capability of the processes used to develop software. This article stems from a technical collaboration between the Software Engineering Institute and the Space Shuttle Onboard Software Project (collaboration established through Lockheed Martin at the time). The analytic factors involved in using statistical process control to analyze process behavior are discussed using the inspection process as the vehicle to illustrate the role of these factors.;3;[82794, 4402708, 1034411, 1296024, 7397, 7397, 211364, 7901733, 190686, 5163219, 1347367, 205663, 7397, 103184, 1145523, 1760963, 80336, 1145523, 7240, 11471, 760170, 1649571, 9332, 205663, 42889, 214339, 760170];['geographic region', 'demand', 'efficiency', 'effectiveness', 'software', 'software', 'principle', 'Use', 'subroutine', 'consistency', 'capability', 'process', 'software', 'article', 'collaboration', 'Software Engineering Institute', 'Microsoft Project', 'collaboration', 'Lockheed Martin', 'time', 'enumerated type', 'process control', 'behavior', 'process', 'vehicle', 'role', 'enumerated type']
One of the newest user-interface management systems;3;[629173];['management system']
As relational databases grow in power and popularity;3;[192588, 25342, 1357284];['relational database', 'power', 'popularity']
Systematic software reuse is a paradigm shift in software engineering from building single systems to building families of related systems. The goal of software reuse research is to discover systematic procedures for engineering new systems from existing assets. Implementing systematic reuse is risky. Not doing it is also risky. Trying systematic reuse unsuccessfully can cost precious time and resources and may make management sceptical of trying it again. But if your competitors do it successfully and you do not;3;[771245, 689971, 80993, 58778, 8436, 58778, 4503831, 7397, 190686, 58778, 46737, 846574, 846574, 1612477, 1554231, 29017603, 18536342];['code reuse', 'paradigm shift', 'software engineering', 'system', 'family', 'system', 'goal', 'software', 'subroutine', 'system', 'asset', 'reuse', 'reuse', 'Precious Time', 'resource', 'control', 'competitive player']
Design patterns capture development solutions to design problems in forms that make the designs more modular;3;[181156, 5447188, 759676, 183252, 82604];['software design pattern', 'solution', 'task', 'morphology', 'design']
The absence of structured descriptions of quality features and user quality requirements makes selecting the right software package difficult. The authors propose a methodology for describing the quality features of domain-specific software packages uniformly and comprehensively using ISO/IEC 9126-1 quality standards as a framework.;3;[1139338, 1200750, 42139305, 1761598, 1318054, 482980, 185698, 42139305, 1318054, 185957, 193858, 15028, 271680];['Ex nihilo', 'description', 'feature', 'software requirements specification', 'enterprise software', 'author', 'methodology', 'feature', 'enterprise software', 'quality', 'International Electrotechnical Commission', 'International Organization for Standardization', 'software framework']
Java's portability and platform independence have made it the language of choice for developing Web-based applications. Yet Java actually consists of three parts: a language;3;[625303, 251, 7231329, 241317, 315, 1775867, 166142, 251, 7401, 315];['independence', 'Java', 'portability', 'computing platform', 'language', 'choice', 'application', 'Java', 'part', 'language']
Scientific computing and advanced mechanical analysis demand high-level support for modeling and solving complex equations. To meet this need;3;[117801, 7754, 1136376, 6149367, 11345, 190258];['computational science', 'mathematical analysis', 'support', 'modelling', 'equation', 'need']
Dynamic evolution is an important phenomenon in distributed systems that undergo changes without being shut down. Several technologies are available that can support dynamic evolution;3;[1063, 483247, 3962217, 54869047, 11016, 1063];['evolution', 'phenomenon', 'distributed system', 'changes', 'technology', 'evolution']
Many software development methodologies are called open source. However simply stating that a project is open source doesn't precisely describe the approach used to support the project. A multidisciplinary viewpoint can help determine those characteristics that are common to open source projects and those that vary among projects. These characteristics form the basis for a taxonomy of open source projects that's useful for analyzing and setting up projects. They also provide a starting point for understanding what open source means.;3;[7397, 1130645, 170584, 1130645, 21162272, 170584, 20978643, 937228, 128751, 170584, 937228, 189569, 8269924, 128751, 170584, 529711, 1130645];['software', 'open-source software', 'project', 'open-source software', 'means', 'project', 'point of view', 'property', 'source code', 'project', 'property', 'basis', 'taxonomy', 'source code', 'project', 'beginning', 'open-source software']
Ratfiles (RATional FILE System) by-passes the Unix kernel to perform database-file operations at nearly twice the speed of conventional file systems and offers several techniques;3;[174989, 11368, 82753, 3711325, 174989, 21162272];['file system', 'Unix', 'computer file', 'speed', 'file system', 'means']
The Documents Integration Facility;3;[904490];['Document']
Architectural mismatch stems from mismatched assumptions a reusable part makes about the system structure it is to be part of. These assumptions often conflict with the assumptions of other parts and are almost always implicit;3;[15039559, 29463760, 7401, 58778, 7401, 29463760, 29463760, 7401];['The Mismatch', 'modeling assumption', 'part', 'system', 'part', 'modeling assumption', 'modeling assumption', 'part']
As systems become more complex;3;[58778];['system']
Establishing a profession as a branch of engineering requires understanding that profession's accumulated knowledge. Software engineering has advanced greatly in recent years;3;[28640, 12015335, 11023, 9081, 28640, 80993, 577];['profession', 'area of engineering', 'engineering', 'knowledge', 'profession', 'software engineering', 'year']
The authors describe the use of Prolog to build a syntactic list structure and a syntactic-semantic structure and to incorporate the semantic structure into a background structure that conveys the meanings of the individual words in the sentence in the context of general work knowledge. This semantic structure is then placed in the context of the sentence being parsed. Rather than rely solely on case grammar to represent the functions of words in a sentence;3;[482980, 7901733, 163468, 6671777, 6671777, 6671777, 6671777, 101072, 625642, 41796, 196626, 9081, 6671777, 196626, 41796, 1735511, 11348, 625642, 41796];['author', 'Use', 'Prolog', 'structure', 'structure', 'structure', 'structure', 'definition', 'word', 'sentence', 'context', 'knowledge', 'structure', 'context', 'sentence', 'case grammar', 'function', 'word', 'sentence']
This article describes the results of the routine use of a group support system to support inspections in the Baan Company. The authors compare 87 inspections using a GSS to 102 traditional inspections. The results indicate that mature inspections supported by a GSS are more effective and efficient. The difference is up to 40 percent;3;[103184, 2995644, 7901733, 83478, 1137655, 2915810, 482980, 1137655, 14881255, 1137655, 2995644, 1137655, 14881255, 4658963, 11229];['article', 'result', 'Use', 'group', 'inspection', 'Company', 'author', 'inspection', 'PRNP', 'inspection', 'result', 'inspection', 'PRNP', 'cadency', 'percent']
Although there are indisputable benefits to society from the introduction of computers into everyday life;3;[2383321, 8425, 305178, 68, 1129653];['yield', 'society', 'introduction', 'computer', 'everyday life']
How to get people and technology to work togetherEach week;3;[5, 11016, 23387];['human', 'technology', 'week']
An enormous intellectual distance exists between the fields of computer science and information systems;3;[126017, 190109, 58778, 21198, 11028];['distance', 'field', 'system', 'computer science', 'information']
With the advantage of more than 25 years' hindsight;3;[4686406, 18786444, 577];['advantage', 'Hindsight', 'year']
In recent years it has become clear that application-independent techniques and toolsmust be supplemented with an application-specific approach. Here;3;[577, 21162272, 21162272];['year', 'means', 'means']
Service-oriented software is being hailed as the next revolutionary approach to software development. Service orientation allows organizations to rapidly and dynamically form new software applications to meet changing business needs;3;[7397, 21162272, 638608, 2748415, 43229, 166142, 4830453];['software', 'means', 'software development', 'orientability', 'organization', 'application', 'business']
The authors describe a version of Common Lisp for multiprocessing;3;[482980, 3331189, 849146];['author', 'version, edition, or translation', 'Common Lisp']
Using cause-effect modeling to drive software quality can move your organization to higher maturity levels.;3;[6149367, 1412670, 43229, 207988];['modelling', 'software quality', 'organization', 'spirit level']
Opinions on rapid prototyping as a practical development tool vary widely;3;[19650467, 1128971, 1077784];['Opinions', 'rapid prototyping', 'programming tool']
The authors present results from a research field study that examined the question: What factors explain the successful diffusion of new software de-velopment techniques into practice? They created a research framework that ex-plores the complex relationship between developer involvement in the IT adoption process;3;[482980, 2995644, 42240, 189756, 760170, 163214, 7397, 334600, 42240, 9968, 180309, 223642, 5482740, 38];['author', 'result', 'research', 'question', 'enumerated type', 'diffusion', 'software', 'practice', 'research', 'X', 'hyphen', 'interpersonal relationship', 'programmer', 'Italy']
Aspect-oriented programming languages such as AspectJ offer new mechanisms for decomposing systems into modules and composing modules into systems. Common ways of using these mechanisms couple aspects to complex;3;[9143, 735604, 517596, 58778, 18848, 18848, 58778, 17641254, 517596, 208084];['programming language', 'AspectJ', 'mechanism', 'system', 'module', 'module', 'system', 'Andrew John Henry Way', 'mechanism', 'aspect']
Developers have been performance testing large database applications for more than 20 years. Up to now;3;[5266661, 35140, 5227393, 577];['Developer', 'performance', 'database application', 'year']
A description is given of Faust;3;[1200750, 332885];['description', 'Faust']
The software development global market is opening its doors to more countries;3;[2746910, 638608, 36794, 6256];['Global marketing', 'software development', 'door', 'country']
One approach to software reuse is to generate an application from a domain specific specification. The specification describes the application's problem or task;3;[21162272, 771245, 166142, 2101564, 146481, 2101564, 759676, 166142, 759676];['means', 'code reuse', 'application', 'specification', 'domain', 'specification', 'task', 'application', 'task']
"This article describes a bias in human perception that has practical and ethical implications for product evaluation in general and software evaluation in particular. The bias affects a user's recall of how pleasant or unpleasant an experience was overall; this recall is skewed by the most intense episode within the experience and by the last few minutes of the experience. As a result";3;[103184, 742736, 160402, 7881229, 40276, 27318, 742736, 18733, 278368, 282250, 18733, 1983062, 282250, 2085515, 282250, 2995644];['article', 'bias', 'perception', 'logical implication', 'multiplication', 'test', 'bias', 'recall', 'user', 'qualia', 'recall', 'episode', 'qualia', 'minutes', 'qualia', 'result']
The authors define a reference model for applying formal methods to the development of user requirements and their reduction to a system's behavioral specification. Their approach focuses on the shared phenomena that define the interface between the system and the environment in which it will operate and on how the parts of this interface are controlled.;3;[482980, 356674, 1049183, 1395034, 1761598, 1197709, 2101564, 58778, 21162272, 483247, 23808, 58778, 2249676, 7401, 23808];['author', 'reference model', 'formal methods', 'new product development', 'software requirements specification', 'reduction', 'specification', 'system', 'means', 'phenomenon', 'interface', 'system', 'environment', 'part', 'interface']
The embedded-software market has grown swiftly in the last decade and will continue to do so in coming years. Embedded software's specific properties;3;[7397, 39911, 577, 7575002, 193040];['software', 'decade', 'year', 'Specific properties', 'embedded system']
Commercial-off-the-shelf software components are considered an important technology for future software development. However;3;[7397, 11016, 638608];['software', 'technology', 'software development']
Capturing requirements engineering knowledge in the format of patterns enables knowledge transfer at the level of practical experience. The authors present four patterns for basic RE activities that have been successfully applied in projects. They also propose patterns as a general vehicle for sharing RE experience and describe an analysis method for deriving patterns from observations. Practitioners can use this method as a basis for building an online pattern repository to make patterns available to project leaders on the job.;3;[1761598, 9081, 5470012, 2083958, 2586354, 207988, 282250, 482980, 2083958, 64590185, 170584, 2083958, 42889, 282250, 7754, 2083958, 334401, 190686, 189569, 2083958, 2083958, 32518, 192581];['software requirements specification', 'knowledge', 'format', 'pattern', 'Knowledge transfer', 'spirit level', 'qualia', 'author', 'pattern', 'Renew Europe', 'project', 'pattern', 'vehicle', 'qualia', 'mathematical analysis', 'pattern', 'surveillance', 'subroutine', 'basis', 'pattern', 'pattern', 'ellipsis', 'job']
Hewlett-Packard has distilled its experience in promoting software inspections into a model of how technology adoption occurs and a metric of where it stands. Its managers know when and how to accelerate efforts to adopt inspections and other best practices. Experience has shown that the return on investment in technology adoption efforts can be huge. At HP;3;[80978, 282250, 929972, 486902, 11016, 865746, 3246315, 14536140, 1137655, 830382, 1070883, 283976, 4290, 11016, 80978];['Hewlett-Packard', 'qualia', 'Software inspection', 'mathematical model', 'technology', 'metric function', 'head coach', 'exertion', 'inspection', 'best practice', 'Experience', 'carriage return', 'investment', 'technology', 'Hewlett-Packard']
Programmable logic controllers are popular in process-control applications;3;[188674, 166142];['Programmable logic controller', 'application']
"Seven widely held conceptions about formal methods are challenged. These beliefs are variants of the following: formal methods can guarantee that software is perfect; they work by proving that the programs are correct; only highly critical systems benefit from their use; they involve complex mathematics; they increase the cost of development; they are incomprehensible to clients; and nobody uses them for real projects. The arguments are based on the author's experiences. They address the bounds of formal methods";3;[14890574, 1049183, 34394, 362031, 685817, 1049183, 7397, 40056, 58778, 7901733, 395, 240673, 1395034, 528166, 170584, 1780131, 282250, 482980, 864930, 1049183];['fertilization', 'formal methods', 'belief', 'variance', 'Following', 'formal methods', 'software', 'computer program', 'system', 'Use', 'mathematics', 'cost', 'new product development', 'client', 'project', 'argument', 'qualia', 'author', 'Bound', 'formal methods']
Can formal methods be a part of large-system development? The project teams at Praxis used a combination of formal methods to help specify;3;[1049183, 7401, 58778, 1454317, 2108115, 202805, 1049183];['formal methods', 'part', 'system', 'Project team', 'Praxis', 'combination', 'formal methods']
Praxis Critical Systems recently developed a secure certification authority for smart cards that had to satisfy performance and usability requirements while meeting stringent security constraints. The authors used a systematic process from requirements elicitation through formal specification;3;[2108115, 196776, 41349, 2928808, 35140, 169489, 482980, 7663784, 1761598, 1437424];['Praxis', 'certificate authority', 'smart card', 'Usability goals', 'performance', 'security', 'author', 'systematic process', 'software requirements specification', 'formal specification']
Automatic program analysis is regarded here as both the mechanized process of understanding high-level concepts from program text and the use of those concepts to guide program maintenance. A knowledge-based program analysis tool called PAT;3;[2112188, 205663, 151885, 40056, 7901733, 151885, 40056, 40056, 2603777];['program analysis', 'process', 'concept', 'computer program', 'Use', 'concept', 'computer program', 'computer program', 'conversion']
An environment for creating user interfaces for embedded systems;3;[2249676, 47146, 193040];['environment', 'user interface', 'embedded system']
Although recent Internet;3;[75];['Internet']
A brief overview precedes ten separate tool reviews. Five of the tools address the problems of performance analysis;3;[39546, 39546, 759676, 1138496];['tool', 'tool', 'task', 'profiling']
The extension of dataflow testing to interprocedural testing is described. This was done by developing both an analysis technique that computes the required interprocedural definition-use information;3;[184148, 1003030, 1003030, 7754, 11028];['plug-in', 'test', 'test', 'mathematical analysis', 'information']
The authors address the question of how to decide which test cases to rerun after a modification. They emphasize that it is important that these tests be selected systematically;3;[482980, 189756, 1568346, 1087043, 27318];['author', 'question', 'test case', 'modding', 'test']
The author addresses how to separate components in an interactive system;3;[482980, 11653, 58778];['author', 'electronic component', 'system']
Joy of use has become a buzzword in user interface design although serious attempts at defining it remain sparse. The authors propose systematic methods of taking into account one of its main determinants;3;[17484113, 7901733, 82550, 135707, 29142, 482980, 190686, 5190563, 178546];['Joy', 'Use', 'buzzword', 'user interface design', 'attempt', 'author', 'subroutine', 'accountability', 'determinant']
Software engineers;3;[7554175];['Software']
Conventional wisdom;3;[2646525];['conventional wisdom']
Evidence indicates that n-version development techniques are more reliable than producing one good version-and cost effective in the long run. The author concludes that diverse;3;[1237694, 3331189, 1395034, 3331189, 240673, 7748263, 482980];['Evidence', 'version, edition, or translation', 'new product development', 'version, edition, or translation', 'cost', 'The Long Run', 'author']
Given that corrective-maintenance costs already dominate the software life cycle and look set to increase significantly;3;[1043452, 2904257];['maintenance', 'software development process']
The authors explain how to understand programs by abstracting program function. This abstraction is made possible by the algebraic structure and mathematical properties of structured programs. They describe an abstraction algorithm that provides a basis for a tool for automatic abstraction of program functions. They also explore what the goals of a program-abstraction tool should be. A miniature Cobol program for a banking application is used as an example.;3;[482980, 40056, 11348, 224055, 205464, 3924032, 40056, 8366, 189569, 39546, 224055, 11348, 4503831, 224055, 131140, 166142, 12335479];['author', 'computer program', 'function', 'abstraction', 'algebraic structure', 'property (mathematics)', 'computer program', 'algorithm', 'basis', 'tool', 'abstraction', 'function', 'goal', 'abstraction', 'COBOL', 'application', 'template']
The requirements traceability matrix has proven successful as a way to predict quality before code is written. However;3;[3313745, 17641254, 185957, 188889];['traceability matrix', 'Andrew John Henry Way', 'quality', 'code']
ParaGraph;3;[7134646];['Paragraph']
Clients and software developers need to move their global outsourcing relationships up the value chain to reap greater benefits. Yet such moves bring costs and risks. The authors investigate the strategies that differentiate successful and unsuccessful value chain moves. Case studies from longitudinal research identified synching as a key success strategy: building client- developer congruence along six identified dimensions. Synching can be problematic because distance still matters in our supposedly borderless world. Distance particularly constrains the synching of tacit knowledge;3;[255376, 7397, 61515, 646107, 2383321, 6477014, 240673, 104493, 482980, 185451, 194112, 155207, 42240, 185451, 5482740, 4440864, 126017, 16502, 3030663, 743861];['The Client', 'software', 'outsourcing', 'value chain', 'yield', 'move', 'cost', 'risk', 'author', 'strategy', 'value', 'case study', 'research', 'strategy', 'programmer', 'dimension', 'distance', 'world', 'Distance', 'tacit knowledge']
This article describes a vendor-supported benchmarking study of an applications development (IT) department. The study established a quantitative performance baseline of the organization and compared it to industry trends.;3;[103184, 28106657, 6465, 166142, 38, 28106657, 201610, 43229, 8148];['article', 'model sheet', 'department of France', 'application', 'Italy', 'model sheet', 'status quo', 'organization', 'industry']
The use of a business-focused development process can greatly facilitate producing and maintaining Cobol programs. The authors outline an OPEN (object-oriented process;3;[7901733, 1395034, 131140, 482980, 205663];['Use', 'new product development', 'COBOL', 'author', 'process']
Component libraries are the dominant paradigm for software reuse;3;[5156687, 28643, 771245];['Component station', 'paradigm', 'code reuse']
All the changes in an organization's management;3;[54869047, 29017603, 43229];['changes', 'control', 'organization']
It is shown how metrics can be used to gauge the quality of source code by evaluating its design specifications before coding;3;[865746, 185957, 128751, 16960030];['metric function', 'quality', 'source code', 'Design specification']
An integrated CASE environment for performing cleanroom systems engineering is proposed. The cleanroom integrated CASE environment is viewed as a series of iterative development activities. The fundamental integrating concepts and principles of cleanroom engineering provide a seamless development environment;3;[868714, 11023, 794827, 170198, 1395034, 151885, 211364, 11023, 1395034];['Computer-aided software engineering', 'engineering', 'cleanroom', 'series', 'new product development', 'concept', 'principle', 'engineering', 'new product development']
Because of the growing impact of software and its historically poor performance in meeting society's needs;3;[4115667, 7397, 35140, 190258, 8425];['impact', 'software', 'performance', 'need', 'society']
The effectiveness of a team software project depends on many issues: the problem;3;[1296024, 7397, 759676, 86447];['effectiveness', 'software', 'task', 'issue']
Professional programming practice should be based on underlying mathematical theories and follow the traditions of better-established engineering disciplines. Success will come through improved education.;3;[80006, 20026918, 82821, 12015335, 16951594, 8434];['computer programming', 'mathematical theory', 'tradition', 'area of engineering', 'Success', 'education']
The authors describe an interface system called Athena Muse. Muse is an experiment kit for the construction of multimedia learning environments. Learning environments developed with Muse offer a diverse set of complementary interaction techniques;3;[482980, 58778, 37122, 22151, 101965, 385378, 131765, 2249676, 22151, 36161, 18921192];['author', 'system', 'Athena', 'Muse', 'experiment', 'construction', 'multimedia', 'environment', 'Muse', 'set', 'Interaction technique']
Requirements engineering might be the single most important part of any software project. Based on their field study of 15 RE teams in nine software organizations;3;[376937, 7401, 7397, 1402508, 64590185, 7397];['requirements engineering', 'part', 'software', 'field research', 'Renew Europe', 'software']
The developers of Graz University's Virtual Medical Campus;3;[5482740, 2703769, 13298];['programmer', 'GNU Health', 'Graz']
The application of formal methods to high-level protocol design is addressed. A formal method is considered to be one that has the capability of rendering correctness proofs. The traditional and formal design processes are described and compared. The framework for proving logical correctness in protocol engineering is then discussed.;3;[166142, 1049183, 702761, 190686, 1347367, 176953, 2920267, 271680, 360812, 60790540];['application', 'formal methods', 'standard operating procedure', 'subroutine', 'capability', 'rendering', 'Engineering design process', 'software framework', 'correctness', 'Protocol engineering']
It is argued that object-oriented analysis is not a fully mature upstream-development method because its specification process is a complex round-trip method that has not been described in detail. The round-trip OOA model involves data and activities that are intricately dependent on each other. If an analyst tries to use OOA to model specification sequentially;3;[7754, 1395034, 2101564, 190686, 15059449, 486902, 42848, 61788060, 969812, 2101564];['mathematical analysis', 'new product development', 'specification', 'subroutine', 'Detail', 'mathematical model', 'data', 'human activity', 'Analyst', 'specification']
To show that lightweight approaches can facilitate the technological transfer of formal development methods;3;[21162272, 315364, 1395034];['means', 'transfer', 'new product development']
By encouraging the unsophisticated computer user to develop his own dataintensive programs;3;[278368, 40056];['user', 'computer program']
Software engineering is a young profession. We still have much to learn from each other. Past experience suggests that an incremental delivery model would reduce risk and improve project management.;3;[80993, 28640, 282250, 7590, 104493, 179012];['software engineering', 'profession', 'qualia', 'transport', 'risk', 'project management']
Scenarios offer promise as a way to tame requirements analysis;3;[7430723, 1426138, 17641254, 187147];['Scenario', 'future', 'Andrew John Henry Way', 'requirements analysis']
BNR;3;[1142031];['Bulgarian National Radio']
The PSP is a defined family of processes that engineers can use to write module-sized programs. It is introduced with a one-semester graduate-level course where engineers develop ten programs and write five analysis reports. They practice various methods;3;[170325, 8436, 205663, 81096, 40056, 207988, 81096, 40056, 7754, 190686];['PlayStation Portable', 'family', 'process', 'engineer', 'computer program', 'spirit level', 'engineer', 'computer program', 'mathematical analysis', 'subroutine']
The authors survey concurrent logic languages;3;[482980, 315];['author', 'language']
The authors describe how to model the interface between the user interface and the application. Their conceptual modeling system contains constructs and abstraction mechanisms that structure knowledge in a model. They use the interaction semantics of a spreadsheet to illustrate the practical applications of their system.;3;[482980, 23808, 47146, 166142, 58778, 517596, 5164391, 224055, 9081, 486902, 39645, 183197, 166142, 58778];['author', 'interface', 'user interface', 'application', 'system', 'mechanism', 'construct', 'abstraction', 'knowledge', 'mathematical model', 'semantics', 'spreadsheet', 'application', 'system']
Pioneering work in iconic languages is briefly recounted;3;[42213, 315];['work', 'language']
The Web has made it easy for users to download content directly;3;[466, 278368, 1260632];['World Wide Web', 'user', 'content']
Asia boasts a growing software industry spread across several countries. However;3;[48, 880371, 6256];['Asia', 'software industry', 'country']
The author describes how Nokia initiated and used a product line to develop and deliver mobile browser products. He explains in detail how Nokia fine-tuned its organization and ran the operations needed to support the product line approach. The article discusses customers;3;[482980, 1418, 40276, 6368, 15059449, 1418, 43229, 3884033, 40276, 103184, 852835];['author', 'Nokia', 'multiplication', 'web browser', 'Detail', 'Nokia', 'organization', 'operation', 'multiplication', 'article', 'customer']
The large aspiration to place the whole of software development alongside the established branches as one more branch of engineering is misconceived. The author discusses how our aspiration should be to develop specialized branches of software engineering;3;[320433, 17065442, 638608, 813911, 12015335, 11023, 482980, 320433, 813911, 80993];['Aspirated consonant', 'Whole', 'software development', 'branch instruction', 'area of engineering', 'engineering', 'author', 'Aspirated consonant', 'branch instruction', 'software engineering']
In the Fall of 1998;3;[547120];['The Fall']
Software process comprises of all activities such as estimation;3;[7554175, 61788060, 37113960];['Software', 'human activity', 'estimate']
The past;3;[192630];['past']
The software business is tough: it requires not only the right product but also the right development process. This article is about the reengineering of a catastrophic software product and the two different reengineering processes the developers used. The author;3;[7554272, 40276, 1395034, 103184, 7397, 5482740, 482980];['Software business', 'multiplication', 'new product development', 'article', 'software', 'programmer', 'author']
Most everyone in our field acknowledges that software process improvement cannot succeed unless management is committed to implementing it. Fortunately;3;[190109, 7397, 29017603];['field', 'software', 'control']
It is shown how to reduce computer usage significantly by building performance into the code. Compiler performance is first defined;3;[68, 35140, 188889, 47506];['computer', 'performance', 'code', 'compiler']
An experimental information-system environment;3;[58778];['system']
The programming language Nial several styles f supports several styles of programming including imperative;3;[9143, 7023815, 1792644, 9765, 1792644, 80006, 22716];['programming language', 'Nial', 'art style', 'F', 'art style', 'computer programming', 'imperative mood']
A major challenge in software development research today is to come up with low-overhead methods and tools to help developers deliver quality products within tight time and budget constraints. This is particularly true of testing because of its cost and impact on final product reliability. The authors propose a lightweight approach to embedding tests into components;3;[2988681, 7397, 130838, 190686, 39546, 5482740, 40276, 11471, 605095, 1003030, 240673, 4115667, 18748, 482980, 21162272, 27318, 11653];['achievement', 'software', 'Today', 'subroutine', 'tool', 'programmer', 'multiplication', 'time', 'Budget constraint', 'test', 'cost', 'impact', 'reliability', 'author', 'means', 'test', 'electronic component']
Many organizations today are using the Software Engineering Institute's Capability Maturity Model to develop databases;3;[43229, 130838, 929673, 1760963, 8513];['organization', 'Today', 'Capability Maturity Model', 'Software Engineering Institute', 'database']
Software project telemetry is a new approach to software project management in which sensors are attached to development environment tools to unobtrusively monitor the development process and products. This sensor data is abstracted into high-level perspectives on development trends called telemetry reports;3;[209867, 3875179, 947779, 167676, 1395034, 1395034, 40276, 42848, 207988, 1395034, 209867];['telemetry', 'New Approach', 'software project management', 'sensor', 'new product development', 'new product development', 'multiplication', 'data', 'spirit level', 'new product development', 'telemetry']
Project LEAP at the University of Hawaii is investigating tools and methods to support low-cost;3;[80336, 217439, 782, 39546, 190686, 240673];['Microsoft Project', 'University of Hawaii', 'Hawaii', 'tool', 'subroutine', 'cost']
One of the year's biggest buzzwords is service-oriented architecture. An introduction to SOA's concepts can help answer one of its biggest questions-What is a service? When architects;3;[82550, 577, 12271, 305178, 151885, 220644, 189756, 44127, 42973];['buzzword', 'year', 'architecture', 'introduction', 'concept', 'service oriented architecture', 'question', 'server', 'architect']
High initial costs and a slow return on investment can make software reuse a tough sell. The author chronicles the ups and downs of implementing software reuse in a corporation that;3;[240673, 283976, 4290, 7397, 7448566, 482980, 42132, 953515, 771245, 167037];['cost', 'carriage return', 'investment', 'software', 'Sell', 'author', 'eup', 'down feather', 'code reuse', 'corporation']
Simple process changes can lead to more realistic software development effort estimates. Seven easy-to-implement guidelines;3;[205663, 7397, 1630279];['process', 'software', 'guideline']
The authors introduce executable use cases and describe how they were applied in requirements engineering for a new pervasive health care system for hospitals in Denmark. EUCs combine prose;3;[482980, 613417, 1761598, 11000047, 16917, 35, 676];['author', 'use case', 'software requirements specification', 'health system', 'hospital', 'Denmark', 'prose']
A software synthesis method that combines elements of graphical tools;3;[7397, 11344, 39546];['software', 'chemical element', 'tool']
When creating a software system;3;[2429814];['software system']
The international standard ISO/IEC 9126 defines a quality model for software products. The model categorizes software product attributes into six characteristics;3;[193858, 15028, 486902, 7397, 486902, 7397, 937228];['International Electrotechnical Commission', 'International Organization for Standardization', 'mathematical model', 'software', 'mathematical model', 'software', 'property']
One of the limitations of the application of object-oriented approaches to software development is the object-oriented analysis process's immaturity. This article proposes an approach that is based on using linguistic information from informal specifications to be applied during this process. The proposed method helps analyze this information semantically and syntactically and employs a semiformal procedure to extract an object-oriented system's components from such analysis.;3;[7692348, 166142, 21162272, 638608, 7754, 103184, 21162272, 11028, 2101564, 205663, 190686, 11028, 190686, 11653, 58778, 7754];['technical limitation', 'application', 'means', 'software development', 'mathematical analysis', 'article', 'means', 'information', 'specification', 'process', 'subroutine', 'information', 'subroutine', 'electronic component', 'system', 'mathematical analysis']
This article gives an informal overview of the situation of European companies regarding requirements engineering. It reviews what progress the industry has made with respect to the requirements-related problems identified years ago and calls attention to the gap between RE practice and the solutions provided by research. The authors aim to determine whether the same problems still exist today;3;[103184, 2290680, 279014, 1761598, 1963461, 8148, 28510, 759676, 577, 6501338, 4153227, 64590185, 5447188, 42240, 482980, 759676, 130838];['article', 'Situation', 'Societas Europaea', 'software requirements specification', 'OpenEdge Advanced Business Language', 'industry', 'respect', 'task', 'year', 'attention', 'gap', 'Renew Europe', 'solution', 'research', 'author', 'task', 'Today']
This article reports on the first author's experiences using the Personal Software Process for several years in the context of two industrial projects. This firsthand account covers training;3;[103184, 282250, 6508397, 1702721, 577, 196626, 170584, 5190563, 918385];['article', 'qualia', 'lead author', 'Personal software process', 'year', 'context', 'project', 'accountability', 'training']
This paper introduces a programming paradigm known as the principle.The separation principle is a simple and natural way of constructing programs.Its intuitive nature and ease of use make it easy to implement many different software designs. A preliminary study shows that this programming paradigm improves programs' understandability.;3;[11472, 188267, 211364, 2271572, 17641254, 40056, 7860, 216378, 7901733, 857102, 28106657, 188267, 40056];['paper', 'programming paradigm', 'principle', 'Separation principle', 'Andrew John Henry Way', 'computer program', 'nature', 'usability', 'Use', 'software design', 'model sheet', 'programming paradigm', 'computer program']
Product line software engineering is an emerging paradigm that guides organizations toward developing products from core assets instead of developing them one by one from scratch. Requirements are essential inputs to PL asset development;3;[11023, 28643, 43229, 40276, 46737, 204, 1761598, 210947, 9448];['engineering', 'paradigm', 'organization', 'multiplication', 'asset', 'zero', 'software requirements specification', 'factor of production', 'Premier League']
Developers sometimes use design diversity- producing two or more units;3;[5266661, 82604, 199];['Developer', 'design', '1']
Traditional system reliability efforts have failed to focus on software reliability. To remedy this;3;[58778, 7397];['system', 'software']
Incorporating hard data into risk estimates can help make them more accurate. The author developed a method and tool that draw on questionnaires and project history to help calculate project risk contingencies.;3;[42848, 104493, 482980, 190686, 39546, 747810, 309, 170584];['data', 'risk', 'author', 'subroutine', 'tool', 'questionnaire', 'history', 'project']
Y2K showed everyone the importance of systems and software in enterprise success and gave software professionals valuable lessons. The author explains that the IT industry needs to pick itself up from Y2K and exploit the knowledge it gained from upgrading and redesigning its enterprise software systems and practices.;3;[703, 58778, 7397, 4830453, 7397, 379833, 482980, 38, 703, 9081, 4830453, 334600];['potassium', 'system', 'software', 'business', 'software', 'lesson', 'author', 'Italy', 'potassium', 'knowledge', 'business', 'practice']
An icon-based design method that combines a module-oriented Prolog design model;3;[2292993, 163468];['design method', 'Prolog']
Deciding which requirements really matter is a difficult task and one increasingly demanded because of time and budget constraints. The authors developed a cost-value approach for prioritizing requirements and applied it to two commercial projects.;3;[1761598, 759676, 11471, 605095, 482980, 194112, 1761598, 170584];['software requirements specification', 'task', 'time', 'Budget constraint', 'author', 'value', 'software requirements specification', 'project']
Agile methods have received positive attention in the software engineering community. Their focus on simplicity;3;[190686, 6501338, 7397, 190909, 508291];['subroutine', 'attention', 'software', 'focus', 'simplicity']
It is shown that neural network reliability growth models have a significant advantage over analytic models in that they require only failure history as input and not assumptions about either the development environment or external parameters. Using the failure history;3;[141488, 4686406, 486902, 309, 210947, 1395034, 1413083, 309];['graph', 'advantage', 'mathematical model', 'history', 'factor of production', 'new product development', 'parameter', 'history']
The building of a user interface management system (UIMS) is described from the perspective of the development team. This UIMS is a key component of the open-architecture system-integration services (OASIS) project at Electronic Data Systems. While OASIS's application domain is generally CAD/CAM/CAE (computer-aided design/manufacturing/engineering);3;[385378, 58778, 20978643, 1395034, 11653, 44127, 170584, 1455952, 691126, 2047632, 1455952, 1657258, 184793, 1009, 11023, 187939, 82604];['construction', 'system', 'point of view', 'new product development', 'electronic component', 'server', 'project', 'OASIS', 'Electronic Data Systems', 'Application domain', 'OASIS', 'Columbia Metropolitan Airport', 'computer-aided design', 'Cameroon', 'engineering', 'manufacturing', 'design']
Despite advances in clarifying high-level design needs;3;[898429, 207988, 82604];['constantan', 'spirit level', 'design']
This article explores the non-technical aspects of formal architecture reviews-social;3;[103184, 208084, 12271];['article', 'aspect', 'architecture']
Tata Consultancy Services has been benchmarking itself against different quality models since the early '90s. All the TCS centers have been ISO 9001 certified since 1995. Seven of TCS's 17 development centers in India have been assessed at Software CMM Level 5;3;[13227919, 486902, 239346, 13227919, 15028, 6587194, 13227919, 668, 28955954];['Tata Consultancy Services', 'mathematical model', '90', 'Tata Consultancy Services', 'International Organization for Standardization', 'centrism', 'Tata Consultancy Services', 'India', 'Level']
COTS software's growing popularity has dramatically changed how companies acquire enterprise applications;3;[1357284, 7397, 783794, 4830453];['popularity', 'software', 'company', 'business']
The software faults that are particularly significant in a real-time concurrent system are identified;3;[7397, 58778, 11471];['software', 'system', 'time']
The design and implementation of a multikey;3;[82604, 245962];['design', 'implementation']
Part of adopting an industrial process is to go through a learning curve that measures the rate at which the average unit cost of production decreases as the cumulative amount produced increases. It is argued that organizations buy integrated CASE tools only to leave them on the shelf because they misinterpret the learning curve and its effect on productivity. It is shown that learning-curve models can quantitatively document the productivity effect of integrated CASE tools by factoring out the learning costs so that managers can use model results to estimate future projects with greater accuracy. Without this depth of understanding;3;[7401, 205663, 1368723, 1144560, 16897780, 739302, 17281278, 43229, 39546, 45242859, 1368723, 2995644, 2111958, 486902, 2111958, 39546, 133500, 3246315, 486902, 170584, 272035, 3406905, 46744];['part', 'process', 'learning curve', 'rate', 'Unit cost', 'production', 'increase', 'organization', 'tool', 'shelf', 'learning curve', 'result', 'productivity', 'mathematical model', 'productivity', 'tool', 'learning', 'head coach', 'mathematical model', 'project', 'accuracy and precision', 'depth', 'understanding']
It is shown that integrating formal specification and verification with development is faster and more cost-effective than doing the steps separately or in parallel. This case study demonstrates their application in a security context and documents their use in several phases of development;3;[1437424, 7921323, 1395034, 240673, 17525443, 53875, 155207, 166142, 169489, 7901733, 185553, 1395034];['formal specification', 'Verification', 'new product development', 'cost', 'middle', 'parallelism', 'case study', 'application', 'security', 'Use', 'phase', 'new product development']
To satisfy the deadline requirements of hard real-time systems;3;[1761598, 11471];['software requirements specification', 'time']
Christopher Alexander is an architect who invented the term pattern for use in building towns;3;[455076, 42973, 2083958, 7901733, 3957];['Christopher Alexander', 'architect', 'pattern', 'Use', 'town']
This article addresses a key issue in security: how to inspire trust by disclosing security properties of software components to others in a component-based software development environment. The authors introduce a component security characterization framework in this endeavor that characterizes security properties by exposing software security profiles to others. The active interface lets software engineers know up front the impact of security properties of a composition's candidate components.;3;[103184, 86447, 169489, 854022, 7444987, 7397, 1433373, 7397, 482980, 271680, 1340293, 7444987, 7397, 1433373, 23808, 1709010, 4115667, 7444987, 11653, 244761];['article', 'issue', 'security', 'trust', 'Security Properties', 'software', 'other', 'software', 'author', 'software framework', 'Endeavor', 'Security Properties', 'software', 'other', 'interface', 'software engineer', 'impact', 'Security Properties', 'electronic component', 'function composition']
"Predicting the number of faults is not always necessary to guide quality development; it may be enough to identify the most troublesome modules. Predicting the quality of modules lets developers focus on potential problems and make improvements earlier in development";3;[11563, 47089, 1395034, 18848, 185957, 18848, 5482740, 759676, 21255975, 1395034];['number', 'fault', 'new product development', 'module', 'quality', 'module', 'programmer', 'task', 'improvement', 'new product development']
A forum for exchanging ideas;3;[168210, 131841];['Internet forum', 'idea']
Model solutions for implementing a measurement program do not always fit an organization without tailoring. The sizes and maturities of the processes vary from organization to organization. In an organization with mature software processes;3;[5447188, 40056, 43229, 4049983, 3543263, 205663, 43229, 43229, 43229, 7397];['solution', 'computer program', 'organization', 'cardinality', 'maturity', 'process', 'organization', 'organization', 'organization', 'software']
Specification;3;[2101564];['specification']
A realistic model for estimating software project time would account for division of staff time among several competing projects and would model individual productivity. A good model would also adequately address software rework due to errors and changes in requirements identified before or after installation. Specifically it should consider that rework could require effort in any previous phase;3;[486902, 7397, 169534, 11471, 170584, 2111958, 486902, 7397, 29485, 54869047, 1761598, 20437094, 2147046, 14536140, 185553];['mathematical model', 'software', 'division', 'time', 'project', 'productivity', 'mathematical model', 'software', 'error', 'changes', 'software requirements specification', 'installation', 'rework', 'exertion', 'phase']
When objects migrate or are reused;3;[488383];['object']
Three large industrial studies explored how software engineers use and maintain documentation. The studies confirm the widely held belief that most software engineers don't update most software documentation in a timely manner. The only notable exception is documentation types that are highly structured and easy to maintain;3;[28106657, 1709010, 788790, 28106657, 34394, 1709010, 181702, 367293, 2890061, 190087];['model sheet', 'software engineer', 'documentation', 'model sheet', 'belief', 'software engineer', 'Software documentation', 'convention', 'special case', 'data type']
A model that patterns software manufacturing after hardware manufacturing is presented. The model introduces a testing and analysis station between each development phase. At each station;3;[486902, 7397, 187939, 3966, 486902, 789815, 1003030, 7754, 185553, 789815];['mathematical model', 'software', 'manufacturing', 'computer hardware', 'mathematical model', 'hardpoint', 'test', 'mathematical analysis', 'phase', 'hardpoint']
Process control is explained;3;[1649571];['process control']
If you are a software developer;3;[7397];['software']
Research in CASE environments has focused on two kinds of integration: tool and object. A higher level of integration;3;[7315046, 868714, 21146257, 80091, 39546, 16843666, 80091];['Research', 'Computer-aided software engineering', 'type', 'integral', 'tool', 'Higher Level', 'integral']
The last decade has seen explosive growth in the number of software-engineering methods and tools;3;[39911, 191145, 11563, 11023, 39546];['decade', 'scaling', 'number', 'engineering', 'tool']
The software fault-tree analysis technique is explained. It is then extended to allow its use on a more complex language involving such features as concurrency and exception handling. Ada is used as the example language because many safety-critical projects are using or planning to use Ada. It also contains complex;3;[7397, 7901733, 315, 42139305, 620591, 1414548, 2890061, 154755, 315, 170584, 154755];['software', 'Use', 'language', 'feature', 'apotropaic magic', 'concurrency', 'special case', 'Ada', 'language', 'project', 'Ada']
Small and medium-sized enterprises work under heavy constraints: They need to be very flexible and fast in their reaction to customer requests;3;[4830453, 2303305, 36534, 852835];['business', 'constraint', 'chemical reaction', 'customer']
The language-independent Law of Demeter;3;[499585, 40730];['Law of Demeter', 'Demeter']
Drawn by a multitude of programmers and a favorable business environment;3;[1208937, 5482740, 4830453];['multitude', 'programmer', 'business']
The World Wide Web-whether Internet;3;[466, 16502, 75];['World Wide Web', 'world', 'Internet']
Application programs sometimes need to deal with input whose structure and meaning are dictated by complex formal rules. Although compilers;3;[166142, 210947, 6671777, 101072, 104555, 47506];['application', 'factor of production', 'structure', 'definition', 'ruler', 'compiler']
A threefold strategy incorporating formal modeling;3;[185451, 6149367];['strategy', 'modelling']
A method for modular specification and verification using the ideas of subtype and normal type is presented. The method corresponds to informal techniques used by object-oriented programmers. The key idea is that objects of a subtype must behave like objects of that type's supertypes. An example program is used to show the reasoning problems that supertype abstraction may cause and how the method resolves them. Subtype polymorphism is addressed;3;[190686, 2101564, 7921323, 131841, 1582339, 190686, 21162272, 5482740, 131841, 488383, 488383, 190087, 40056, 759676, 224055, 190686, 2713292];['subroutine', 'specification', 'Verification', 'idea', 'Normal type', 'subroutine', 'means', 'programmer', 'idea', 'object', 'object', 'data type', 'computer program', 'task', 'abstraction', 'subroutine', 'subtyping']
A software development organization had problems capturing and reusing important knowledge. Software projects were committed to short-term goals and could neither find knowledge nor provide knowledge to others. The database-driven approach had failed entirely. Knowledge-sharing events between group members had proven to be a better way of sharing knowledge than the database;3;[7397, 759676, 9081, 7554222, 4503831, 9081, 9081, 1433373, 21162272, 10290214, 83478, 4898561, 9081, 8513];['software', 'task', 'knowledge', 'Software Projects', 'goal', 'knowledge', 'knowledge', 'other', 'means', 'event', 'group', 'Better Way', 'knowledge', 'database']
European companies have been involved in cooperative product family development projects;3;[279014, 8436];['Societas Europaea', 'family']
The relational model can serve as the foundation for an extended language that incorporates features of several languages;3;[755662, 191360, 315, 42139305, 315];['relational model', 'foundation', 'language', 'feature', 'language']
At Philips Communications Industry (PKI);3;[170416, 658476];['Philips', 'public-key infrastructure']
With the increasing focus on early development as a major factor in determining overall quality;3;[190909, 1395034, 760170, 185957];['focus', 'new product development', 'enumerated type', 'quality']
The authors conducted an online survey about the defect-handling approaches employed in medium and large open source projects. Here;3;[482980, 7257997, 620591, 128751];['author', 'survey', 'apotropaic magic', 'source code']
"A description is given of an interface that was developed between Loops and Xerox Quintus Prolog. Loops is an extension to the Xerox AI environment to support object-oriented programming; Xerox Quintus Prolog is a version of Prolog that runs on Xerox Lisp machines. Such a bridge enables all the support tools of both environments to be accessed";3;[1200750, 23808, 152433, 184148, 152433, 80006, 152433, 3331189, 163468, 152433, 12280, 39546, 2249676];['description', 'interface', 'Xerox', 'plug-in', 'Xerox', 'computer programming', 'Xerox', 'version, edition, or translation', 'Prolog', 'Xerox', 'bridge', 'tool', 'environment']
Using several simplifications of the vector-space model for text retrieval queries;3;[9289849, 4169, 234460];['simplification', 'outer space', 'text']
Improving the reliability and availability of increasingly complex software is a serious challenge;3;[18748, 384871, 7397, 2988681];['reliability', 'availability', 'software', 'achievement']
A basic problem of software development is how to derive executable software components from requirements;3;[759676, 638608, 7397, 1761598];['task', 'software development', 'software', 'software requirements specification']
Computer use leaves trails of activity that can reveal signatures of misuse as well as of legitimate activity. Depending on the audit method used;3;[7901733, 5157408, 628179, 423220, 188675, 6880639, 423220, 181487];['Use', 'Computer', 'trail', 'activity', 'signature', 'Misuse', 'activity', 'audit']
When designing a component;3;[11653];['electronic component']
The testing and quality assurance of the Motif 1.0 graphical user-interface software are described. The testing goals;3;[1595462, 1003030, 185957, 7397, 1136830, 4503831];['Assurance', 'test', 'quality', 'software', 'Motif', 'goal']
In his essay;3;[35760];['essay']
Cleanroom software engineering is a team-oriented process that makes development more manageable and predictable because it is done under statistical quality control. The philosophy behind cleanroom software engineering is to avoid dependence on costly defect-removal processes by writing code increments right the first time and verifying their correctness before testing. Its process model incorporates the statistical quality certification of code increments as they accumulate into a system.;3;[4036278, 205663, 1395034, 827792, 5891, 4036278, 12029, 205663, 188889, 739330, 360812, 1003030, 7247286, 16023913, 188889, 58778];['Cleanroom software engineering', 'process', 'new product development', 'quality control', 'philosophy', 'Cleanroom software engineering', 'addiction', 'process', 'code', 'First Time', 'correctness', 'test', 'Process model', 'professional certification', 'code', 'system']
The authors present the Abstract-Type and Scheme-Definition Language (ASDL);3;[482980, 60741417, 7860628, 4669920, 187560, 16824568];['author', 'Language', 'Type', 'Abstract', 'Scheme', 'Abstract-Type and Scheme-Definition Language']
The interpretive frame system (IFS);3;[58778, 261375];['system', 'IFS AB']
As information users move increasingly toward distributed systems to supply basic information infrastructure;3;[11028, 3962217, 1047251];['information', 'distributed system', 'information infrastructure']
How does software design compare with design in other disciplines? Using a general design framework--John Gero's Function-Behavior-Structure framework--as a reference;3;[857102, 82604, 11862829, 82604, 271680, 129308, 121769];['software design', 'design', 'academic discipline', 'design', 'software framework', 'John', 'reference']
The 4 + 1 View Model describes software architecture using five concurrent views;3;[925858, 846636, 1329910];['view model', 'software architecture', 'view']
The author categorizes projects into dogs (simple projects with low uncertainty);3;[482980, 170584, 144, 170584, 13649246];['author', 'project', 'dog', 'project', 'uncertainty']
COTS middleware speeds e-business application deployment but can be difficult to select. i-Mate provides a proven;3;[1115443, 3711325, 82435, 2525834];['Commercial off-the-shelf', 'speed', 'e', 'i-mate']
Although China has left India far behind in terms of most economic and technological indicators;3;[148, 668, 1071233, 1167393];"[""People's Republic of China"", 'India', 'terminal emulator', 'economic indicator']"
Some software designers have recently turned to building architecture for inspiration in their efforts to improve professional practice. An attempt to apply the studio method of architectural training to software design education;3;[7397, 12271, 840343, 14536140, 334600, 29142, 190686, 918385, 8434];['software', 'architecture', 'inhalation', 'exertion', 'practice', 'attempt', 'subroutine', 'training', 'education']
MDD has improved productivity;3;[42844, 2111958];['major depressive disorder', 'productivity']
Integrating and coordinating COTS software requires appropriate analysis and architectural design. Most integration architectures use message-oriented middleware for the interaction between COTS applications. However;3;[7397, 7754, 4787022, 80091, 146768, 1665869, 166142];['software', 'mathematical analysis', 'Architectural Design', 'integral', 'middleware', 'interaction', 'application']
Developers typically address dependability concerns in the late phases of system development. However;3;[5266661, 206361, 17031022, 58778];['Developer', 'concern', 'Late Phases', 'system']
An environment that lets system applications be expressed as virtual machines;3;[2249676, 166142, 192726];['environment', 'application', 'virtual machine']
Constructing analysis and modification tools for software assets is laborious because you first need to implement the underlying parser for the software's specific programming language. These implementations are generally not in the public domain. So;3;[39546, 7754, 1087043, 7397, 194152, 9143, 7397, 245962, 19652];['tool', 'mathematical analysis', 'modding', 'software', 'parser', 'programming language', 'software', 'implementation', 'public domain']
Do shoddy project management;3;[179012];['project management']
UML has been around since 1997. To determine how it's being used in current software architecting and design;3;[169411, 7397, 82604];['Unified Modeling Language', 'software', 'design']
Have you ever wondered why some icons don't seem remotely related to their functions;3;[132137, 11348];['icon', 'function']
A system that superimposes the issue-based and truth-maintenance approaches to provide a merged capability for recording design rationale is presented. The system presents the user with issue-based structures that can be annotated with informal information;3;[58778, 21162272, 1347367, 5264368, 58778, 278368, 6671777, 11028];['system', 'means', 'capability', 'Design rationale', 'system', 'user', 'structure', 'information']
Industrial software developers confront a bewildering array of software-engineering techniques;3;[7397, 186152, 11023];['software', 'array data structure', 'engineering']
An alarming trend is appearing in the development of safety-critical systems: Demands for dependability are rising faster than what can currently be achieved;3;[13427002, 1395034, 28130043, 5255021];['fad', 'new product development', 'Critical system', 'Demand']
Although software engineers generally agree that software measurement must be goal oriented;3;[1709010, 7554325, 4503831];['software engineer', 'Software measurement', 'goal']
A case study that shows the feasibility of using computer-aided prototyping to validate a C/sup 3/I system's requirements is presented;3;[155207, 1761598, 1103, 1479937, 623];['case study', 'software requirements specification', 'iodine', 'Stanford University Press', 'carbon']
Many IT systems fail to satisfy business goals or support users efficiently;3;[38, 4830453, 278368];['Italy', 'business', 'user']
Successfully applying formal methods to software development promises to move us closer to a true engineering discipline. The authors offer suggestions for overcoming the problems that have hindered the use of formal methods thus far.;3;[1049183, 1395034, 1426138, 12015335, 482980, 690194, 759676, 7901733, 1049183];['formal methods', 'new product development', 'future', 'area of engineering', 'author', 'suggestion', 'task', 'Use', 'formal methods']
Object orientation has become a popular catchphrase;3;[2748415, 2708515];['orientability', 'catchphrase']
The application of prototyping;3;[166142];['application']
A commercial software team contributed to an open source implementation of the Windows API on X-Windows and Unix. Expecting chaos in the organization and code;3;[7397, 128751, 828191, 28561969, 1406, 11368, 2419662, 43229, 188889];['software', 'source code', 'Windows API', 'XXXTentacion', 'Microsoft Windows', 'Unix', 'chaos terrain', 'organization', 'code']
Finding and fixing software code defects is crucial to product quality. It also;3;[7397, 40276];['software', 'multiplication']
Measurement is a key factor for managing and improving software development. This article illustrates the automation of the most expensive phases of a Goal Question Metrics measurement process. In particular;3;[12453, 760170, 638608, 103184, 184199, 185553, 205663];['measurement', 'enumerated type', 'software development', 'article', 'automation', 'phase', 'process']
Although rigorous measurement has become a necessity in the software industry;3;[12453, 11284009, 880371];['measurement', 'Necessity', 'software industry']
The discovery of new requirements and new requirements knowledge continues throughout the lifetime of many high-integrity embedded systems. Anomaly reports from testing and operations on eight spacecraft at the Jet Propulsion Laboratory revealed four mechanisms for how we discover and resolve requirements. Understanding these mechanisms identifies guidelines to help prevent anomalies found during testing from recurring during operations.;3;[753297, 1761598, 9081, 1319610, 193040, 1329012, 16303778, 1003030, 3884033, 40218, 189325, 517596, 1761598, 517596, 1630279, 567560, 1003030, 3884033];['discovery', 'software requirements specification', 'knowledge', 'Lifetime', 'embedded system', 'integrity', 'The Anomaly', 'test', 'operation', 'spacecraft', 'Jet Propulsion Laboratory', 'mechanism', 'software requirements specification', 'mechanism', 'guideline', 'anomaly', 'test', 'operation']
A set of linear combination software reliability models that combine the results of single;3;[36161, 7397, 2995644];['set', 'software', 'result']
Product-line development seeks to achieve reuse across a domain;3;[1395034, 846574, 146481];['new product development', 'reuse', 'domain']
The authors report detailed data and analyses on productivity and quality from 29 Hewlett-Packard projects. While some software development models' characteristics affect performance negatively when considered alone;3;[482980, 42848, 7754, 2111958, 185957, 40971, 937228, 2904257, 35140];['author', 'data', 'mathematical analysis', 'productivity', 'quality', 'Packard', 'property', 'software development process', 'performance']
When building a relatively complex system that involves multiple computers and multiple users;3;[854457, 68, 278368];['complex system', 'computer', 'user']
The author describes an expert-system tool that can be used to analyze patterns of cost-driver ratings submitted for a Cocomo cost estimate. These results help users determine and rank associated sources of project risk.;3;[482980, 58778, 2083958, 609276, 5174770, 2995644, 278368, 128751, 104493];['author', 'system', 'pattern', 'climbing grade', 'cost estimate', 'result', 'user', 'source code', 'risk']
The decision to use open source components raises a spectrum of issues;3;[732833, 128751, 2961234, 86447];['decision', 'source code', 'Charter Communication', 'issue']
Using sound to complement graphics and to present data is becoming increasingly popular. Sound can potentially reveal patterns and anomalies in data that are difficult to perceive visually. Moreover;3;[11461, 478798, 42848, 17131079, 2083958, 567560, 42848];['sound', 'image', 'data', 'Sound', 'pattern', 'anomaly', 'data']
Most of us never approach a construction project with a software development methodology. However;3;[385378, 7397];['construction', 'software']
Many practitioners don't recognize requirements research's tangible benefits. Neil Maiden discusses how practitioners can exploit requirements research contributions;3;[2383321, 42240, 60755728, 42240];['yield', 'research', 'Maiden', 'research']
Requirements engineering research;3;[5377897];['Engineering research']
The design;3;[82604];['design']
Although requirement s reuse has many potential benefits;3;[846574, 774228, 11574, 2383321];['reuse', 'requirement', 'second', 'yield']
In November 1998;3;[125];['November']
Architecture reviews have evolved over the past decade to become a critical part of continuing efforts to improve the software development process and the systems it produces. The reviews identify project problems before they become costly to fix and provide timely information to upper management so that they can make better-informed decisions. Development managers who want to establish architecture reviews as part of their development methodology will find that the process isn't difficult to implement;3;[265158, 39911, 7401, 14536140, 2904257, 58778, 265158, 170584, 11028, 29017603, 6031304, 3246315, 12271, 7401, 185698, 205663];['review', 'decade', 'part', 'exertion', 'software development process', 'system', 'review', 'project', 'information', 'control', 'Informed Decision', 'head coach', 'architecture', 'part', 'methodology', 'process']
Object-oriented application development is today in a state analogous to that of relational technology in the late '70s. The models are well understood;3;[166142, 130838, 7275, 486902];['application', 'Today', 'state', 'mathematical model']
Intrusion detection systems are an important component of defensive measures protecting computer systems and networks from abuse. This article considers the role of IDSs in an organization's overall defensive posture and provides guidelines for IDS deployment;3;[745881, 11653, 192276, 68, 141488, 2300281, 103184, 214339, 745881, 1243409, 43229, 1630279, 745881];['intrusion detection system', 'electronic component', 'measure', 'computer', 'graph', 'Abuse', 'article', 'role', 'intrusion detection system', 'heraldic attitude', 'organization', 'guideline', 'intrusion detection system']
Agile methods--more specifically;3;[190686];['subroutine']
Discusses how the software crisis can be addressed with a new reuse-intensive process. The disciplined use of fundamental techniques is a steadier;3;[1065938, 205663, 7901733, 21162272];['software crisis', 'process', 'Use', 'means']
When software managers initiate SPI;3;[7397, 849492];['software', 'Serial Peripheral Interface']
The use of context-free grammars to improve functional testing of very-large-scale integrated circuits is described. It is shown that enhanced context-free grammars are effective tools for generating test data. The discussion covers preliminary considerations;3;[7901733, 8091, 4493432, 80831, 179651, 8091, 39546, 7705759, 1344851];['Use', 'grammar', 'Functional testing', 'integrated circuit', 'scale', 'grammar', 'tool', 'Test data', 'consideration']
Collecting comparable benchmarking data is not a straightforward task. In this article;3;[42848, 759676, 103184];['data', 'task', 'article']
When the authors asked users to test an API early in the development life cycle;3;[482980, 278368, 165194, 11442];['author', 'user', 'application programming interface', 'bicycle']
The increased demand for software applications is outpacing our ability to produce them in terms of both their sheer numbers and their sophistication. Software researchers and practitioners;3;[4402708, 166142, 1347367, 1071233, 11563, 991663, 7554175];['demand', 'application', 'capability', 'terminal emulator', 'number', 'Sophistication', 'Software']
Although database migration has not yet been extensively researched;3;[8513];['database']
The author describes how the Agile Alliance began;3;[482980, 30232];['author', 'Agile software development']
The authors argue that;3;[482980];['author']
Old software systems often use simple user interfaces that are consistent with the interface technology available at the time the software was initially developed. With the advent of new interface technologies;3;[2429814, 47146, 11016, 83012, 23808];['software system', 'user interface', 'technology', 'Advent', 'interface']
"Software development is concerned with more than just generation of code; the program must have the desired properties";3;[638608, 213381, 188889, 40056, 6422240];['software development', 'generation', 'code', 'computer program', 'property']
A critique of a natural-language specification;3;[17955, 315];['criticism', 'language']
Simply being more organized will not make the reuse problem go away. The issues are technical;3;[846574, 86447];['reuse', 'issue']
In most of my columns;3;[4817];['column']
In large-scale systems;3;[58778];['system']
Most contemporary software and other engineering methods rely on modeling and automatic translations of models into different forms. The author advocates a UML-based translation specification method that is visual and therefore easier to understand and use.;3;[7397, 11023, 6149367, 7553, 486902, 183252, 482980, 7553];['software', 'engineering', 'modelling', 'translation', 'mathematical model', 'morphology', 'author', 'translation']
Despite the existence of structured methods for software sizing and effort estimation;3;[468777, 190686, 7554363, 14536140, 37113960];['existence', 'subroutine', 'software sizing', 'exertion', 'estimate']
Business needs often require software development to be distributed over many sites;3;[190258, 638608, 35127];['need', 'software development', 'website']
A tree-drawing algorithm that addresses the weaknesses of current approaches to constructing graphical user interfaces is presented. Present algorithms either do not let you draw tree nodes of varying shapes and sizes or they draw such trees in a way that does not produce trees as compact as they could be;3;[8366, 633403, 21162272, 47146, 8366, 1777473, 207961, 4049983, 10884, 17641254, 10884];['algorithm', 'asthenia', 'means', 'user interface', 'algorithm', 'node', 'shape', 'cardinality', 'tree', 'Andrew John Henry Way', 'tree']
Regulatory agencies are requiring companies to systematically demonstrate software safety in their implantable devices;3;[1639780, 783794, 7397, 3966];['regulatory agency', 'company', 'software', 'computer hardware']
The author introduced the PSP in a company and reports that experience. One year after the introduction;3;[482980, 170325, 783794, 10870555, 282250, 577, 305178];['author', 'PlayStation Portable', 'company', 'report', 'qualia', 'year', 'introduction']
The authors present and contrast the processes put in place by four companies to achieve systematic reuse. The companies have different sizes;3;[482980, 205663, 82794, 783794, 846574, 783794, 4049983];['author', 'process', 'geographic region', 'company', 'reuse', 'company', 'cardinality']
Goal-oriented requirements analysis techniques provide ways to refine organizational and technical objectives;3;[1761598, 7754, 17641254, 3880557];['software requirements specification', 'mathematical analysis', 'Andrew John Henry Way', 'objective']
This survey of a homogenous group of project managers revealed a surprising diversity of risk management concerns.;3;[7257997, 83478, 816432, 1230584, 104493];['survey', 'group', 'project manager', 'diversity', 'risk']
A relative complexity technique that combines the features of many complexity metrics to predict performance and reliability of a computer program is presented. Relative complexity aggregates many similar metrics into a linear compound metric that describes a program. Since relative complexity is a static measure;3;[723897, 42139305, 865746, 35140, 18748, 40056, 723897, 865746, 11173, 40056, 723897, 192276];['complexity', 'feature', 'metric function', 'performance', 'reliability', 'computer program', 'complexity', 'metric function', 'chemical compound', 'computer program', 'complexity', 'measure']
You can measure a software system's value by its modularity. The more modular the system;3;[194112, 2429814, 912009, 58778];['value', 'software system', 'modularity', 'system']
Tata Consultancy Services blended Six Sigma concepts with the various SW-CMM Key Process Areas into a quality management system that has helped it to improve its customer focus and sustain the process improvement initiatives by explicitly linking them to business goals. The TCS team implemented the QMS on the lines of Level 2 and 3 requirements of SW-CMM;3;[13227919, 60752083, 929673, 608513, 852835, 205663, 4830453, 13227919, 37105, 28955954, 1761598, 462];['Tata Consultancy Services', 'Six the Musical', 'Capability Maturity Model', 'Quality management system', 'customer', 'process', 'business', 'Tata Consultancy Services', 'line', 'Level', 'software requirements specification', 'Star Wars']
Increasing and diverse pressures;3;[39552];['pressure']
A systematic approach to organizing the process of determining the operational profile for guiding software development is presented. The operational profile is a quantitative characterization of how a system will be used that shows how to increase productivity and reliability and speed development by allocating development resources to function on the basis of use. Using an operational profile to guide testing ensures that if testing is terminated and the software is shipped because of schedule constraints;3;[21162272, 205663, 5117123, 638608, 5117123, 2667413, 58778, 2111958, 18748, 3711325, 1395034, 1395034, 189569, 7901733, 5117123, 1003030, 1003030, 7397, 1123036];['means', 'process', 'profile', 'software development', 'profile', 'characterization', 'system', 'productivity', 'reliability', 'speed', 'new product development', 'new product development', 'basis', 'Use', 'profile', 'test', 'test', 'software', 'scheduler']
The authors explain how to use reliability models to determine how much system testing to do and how to allocate resources among the components to be tested. They begin by discussing the basic concepts of software reliability. They examine the functions;3;[482980, 18748, 1199682, 1554231, 11653, 151885, 7397, 11348];['author', 'reliability', 'System testing', 'resource', 'electronic component', 'concept', 'software', 'function']
The author traces the US history of invention and technology transfer from the 1700s to the present and asks whether software development can stop being a process-centered cottage industry by the application of interchangeable parts technology. He maintains that a revolution is needed to accomplish this and outlines the steps of such a revolution. The author clarifies the meaning of object oriented;3;[482980, 30, 315364, 18119757, 11016, 6813, 184303, 638608, 28451828, 166142, 11016, 10931, 17525443, 10931, 482980, 101072, 488383];['author', 'United States of America', 'transfer', 'invention', 'technology', '1700', 'gift', 'software development', 'Cottage Industry', 'application', 'technology', 'revolution', 'middle', 'revolution', 'author', 'definition', 'object']
An overview is given of user-interface development systems (UIDS). Systems are classified by how they let the programmer specify the interfaces;3;[58778, 45165, 5482740, 23808];['system', 'System of a Down', 'programmer', 'interface']
Estimation of development time for multimillion-line software is addressed. Three methods are discussed. The historical-database approach finds the statistical trend line by regression analysis that relates project development time to size in source lines;3;[37113960, 11471, 7397, 190686, 8513, 6145990, 208042, 11471, 128751];['estimate', 'time', 'software', 'subroutine', 'database', 'Trend line', 'regression analysis', 'time', 'source code']
Drawbacks of current approaches to integrating multiple perspectives in a development environment are discussed. An integrated environment is defined as one in which a dynamic collection of tools can work together on a single system so that changes made to the system by one tool can be seen by other tools;3;[5306008, 21162272, 20978643, 1395034, 2249676, 3052382, 39546, 58778, 54869047, 58778, 39546, 39546];['Drawback', 'means', 'point of view', 'new product development', 'environment', 'fonds', 'tool', 'system', 'changes', 'system', 'tool', 'tool']
The authors describe a unifying;3;[482980];['author']
A willing victim of its own success;3;[2747218, 50000];['Victim', 'victory']
Working in and designing for other cultures can lead to communication breakdowns. The author explores how this happens and suggests ways that we can use potentially problematic situations to our advantage.;3;[11042, 278356, 482980, 17641254, 2290680, 4686406];['culture', 'Communication Breakdown', 'author', 'Andrew John Henry Way', 'Situation', 'advantage']
Researchers have reported varied;3;[16968515];['Researcher']
Little contemporary data exists on the actual practices of software professionals for software requirements elicitation;3;[42848, 334600, 7397, 4462275];['data', 'practice', 'software', 'software requirements']
Extreme Programming has been advocated recently as an appropriate programming method for the high-speed;3;[209711, 80006, 3711325];['extreme programming', 'computer programming', 'speed']
Agile development processes emphasize prioritizing product features;3;[1395034, 40276];['new product development', 'multiplication']
The Capability Maturity Model for Software (CMM);3;[929673, 7554175, 929673];['Capability Maturity Model', 'Software', 'Capability Maturity Model']
Four classifications of artificial intelligence search techniques are discussed: unidirectional uniprocessor;3;[5128386, 83500];['classification', 'intelligence']
A number of prescriptions are in vogue for designing Web user interfaces;3;[11563, 3355478, 1112128, 466];['number', 'medical prescription', 'vogue / voguing', 'World Wide Web']
Nesi reveals that estimation of effort is key to managing OO development projects;3;[6967679, 37113960, 14536140, 1395034];['Nassoi', 'estimate', 'exertion', 'new product development']
Performance tools are a way of making systematic the work needed to carry out performance studies so that several studies can be carried out more easily and be compared in a consistent way. After a brief overview by K. Nichols;3;[39546, 17641254, 42213, 7168264, 28106657, 17641254, 162478];['tool', 'Andrew John Henry Way', 'work', 'Performance studies', 'model sheet', 'Andrew John Henry Way', 'Köchel catalogue']
Software project managers make decisions about many things;3;[3246315, 732833, 387834];['head coach', 'decision', 'thing']
The achievements of the Contel Technology Center's software-metrics project;3;[2532754, 865746, 7692558];['achievement', 'metric function', 'Technology Center']
Many organizations look to reuse for large improvements in quality and productivity. But measuring reuse is difficult;3;[43229, 21255975, 185957, 2111958, 846574];['organization', 'improvement', 'quality', 'productivity', 'reuse']
The most successful measurement programs are ones in which researchers;3;[40056, 199, 1650915];['computer program', '1', 'researcher']
We can learn much from the business community about effective technology transfer. In particular;3;[4830453, 1061910];['business', 'technology transfer']
The authors offer observations from their own experience learning and using Smalltalk. They report that they had trouble learning Smalltalk despite their fairly extensive programming backgrounds. They contend that new users will encounter several problems;3;[482980, 334401, 133500, 235086, 2068118, 235086, 80006, 278368, 759676];['author', 'surveillance', 'learning', 'Smalltalk', 'Trouble', 'Smalltalk', 'computer programming', 'user', 'task']
The author relates experience gained in developing tightly constrained;3;[482980, 282250];['author', 'qualia']
Stakeholder conflicts can be productive in requirements engineering. A requirements-engineering project should ensure that crucial requirements are captured from at least two perspectives;3;[198, 1761598, 11023, 1761598, 20978643];['war', 'software requirements specification', 'engineering', 'software requirements specification', 'point of view']
Building on user familiarity with one-dimensional scroll bars;3;[278368, 180309];['user', 'hyphen']
Using a variety of low-effort;3;[3329375, 14536140];['language variety', 'exertion']
MPD;3;[18657];['dissociative identity disorder']
In response to problems experienced by the Orbix Generation 3 maintenance and enhancement team;3;[7315950, 759676, 327245, 1043452, 1306396, 4045955];['response', 'task', 'team', 'maintenance', 'A Generation', 'Orbix']
Mission operators at NASA's Jet Propulsion Laboratory use Science Activity Planners to analyze data acquired by rovers and direct their activities. In designing the SAP for the Mars Exploration Rovers project;3;[7901733, 302490, 189325, 23548, 336, 42848, 643962, 61788060, 552581, 111];['Use', 'The Mission', 'Jet Propulsion Laboratory', 'National Aeronautics and Space Administration', 'science', 'data', 'rover', 'human activity', 'SAP SE', 'Mars']
An approach to software reliability and certification is presented that is based on the use of three mathematical models: the sampling;3;[21162272, 7397, 16023913, 210868, 7901733, 486902];['means', 'software', 'professional certification', 'sampling', 'Use', 'mathematical model']
Software product lines are rapidly emerging as a viable and important software development paradigm. The Software Engineering Institute defines basic concepts and the activities and practices that ensure success. The author shares how-to's;3;[2111823, 7397, 1760963, 151885, 61788060, 334600, 50000, 482980];['Software product line', 'software', 'Software Engineering Institute', 'concept', 'human activity', 'practice', 'victory', 'author']
The identification of high-risk components early in the life cycle is addressed. A solution that casts this as a classification problem is examined. The proposed approach derives models of problematic components;3;[2493413, 104493, 513359, 5447188, 759676, 21162272, 486902, 11653];['identification', 'risk', 'biological life cycle', 'solution', 'task', 'means', 'mathematical model', 'electronic component']
Wisdom is a new software engineering method addressing the specific needs of small teams that develop and maintain interactive systems. Because Wisdom defines a process;3;[2964382, 7397, 190258, 327245, 58778, 2964382, 205663];['Chokhmah', 'software', 'need', 'team', 'system', 'Chokhmah', 'process']
Rockwell International's Command-and-Control Systems Division;3;[946833, 1348664];['Division', 'Rockwell International']
"This approach emphasizes pinpointing where and when information needs occur; at its core is the inquiry cycle model";3;[21162272, 11028, 839647, 11442];['means', 'information', 'magnetic-core memory', 'bicycle']
The authors describe a decade-long collaboration that both nurtures foundational skills and offers specialized training in real software projects. Such an effort requires flexibility;3;[482980, 1145523, 7535186, 918385, 7554222, 14536140, 852220];['author', 'collaboration', 'professional skill', 'training', 'Software Projects', 'exertion', 'flexibility']
Defect logging and defect data analysis aim to decrease programmers' repetitive errors. DLDA was inspired by Watts Humphrey's Personal Software Process but has a much lower learning cost. A controlled experiment validated the technique.;3;[845249, 831320, 1988917, 29485, 5482740, 1702721, 92848, 133500, 4476430, 21162272];['logging', 'wine fault', 'data analysis', 'error', 'programmer', 'Personal software process', 'Watts Humphrey', 'learning', 'Controlled Experiment', 'means']
The literature of software engineering rarely focuses on time as the dominant factor in software projects. But service velocity -- the rate at which software can be deployed to market or customized -- has a more significant influence on project decisions than quality;3;[8242, 80993, 11471, 760170, 7554222, 44127, 1144560, 7397, 37654, 7741996, 170584, 185957];['literature', 'software engineering', 'time', 'enumerated type', 'Software Projects', 'server', 'rate', 'software', 'market', 'The Influence', 'project', 'quality']
Efforts to build a better mousetrap for bugs in sequential programs are described. The resulting debugger;3;[5347511, 658353, 1390, 40056];['Effort', 'mousetrap', 'insect', 'computer program']
Computer-aided software engineering (CASE) tools are defined;3;[39546, 80993, 868714];['tool', 'software engineering', 'Computer-aided software engineering']
"The authors propose a book paradigm of program formatting that they believe is the most appropriate typographic organization of source-code documents. The authors claim that their approach offers the following advantages: an easily recognized document paradigm; high-level organizational clues about the code; low-level organization chunks and beacons; and multiple access paths by way of the table of contents and indexes. They describe two experiments that confirm these benefits.";3;[482980, 571, 40056, 43229, 188889, 16939392, 482980, 21162272, 4686406, 28643, 176763, 207988, 188889, 43229, 17484395, 817765, 17641254, 496946, 1260632, 873506, 101965, 2383321];['author', 'book', 'computer program', 'organization', 'code', 'Chunk', 'author', 'means', 'advantage', 'paradigm', 'evidence', 'spirit level', 'code', 'organization', 'beacon', 'path', 'Andrew John Henry Way', 'table', 'content', 'index', 'experiment', 'yield']
Mobi-D is a highly interactive environment that represents all relevant aspects of interface design in tightly connected declarative models. It supports user-centered development and allows structured design from abstract objects like user tasks.;3;[336286, 2249676, 208084, 82604, 486902, 1395034, 1187450, 488383, 278368];['defender', 'environment', 'aspect', 'design', 'mathematical model', 'new product development', 'Structured systems analysis and design method', 'object', 'user']
For decades;3;[39911];['decade']
As the use of intrusion detection systems increases;3;[7901733, 745881];['Use', 'intrusion detection system']
XML has become common in Internet-based application domains such as business-to-business and business-to-consumer applications. It has also formed a basis for service-oriented architectures such as Web services and the Semantic Web;3;[2115, 2047632, 166142, 4830453, 4830453, 4830453, 22855, 189569, 12271, 193424, 54837];['Extensible Markup Language', 'Application domain', 'application', 'business', 'business', 'business', 'consumer', 'basis', 'architecture', 'web service', 'Semantic Web']
The separation-of-concerns principle aims to separately modularize the different parts of software that are relevant to a particular concept;3;[211364, 636679, 206361, 7401, 7397, 151885];['principle', 'separation', 'concern', 'part', 'software', 'concept']
The increased adoption of COTS-based systems creates new challenges for managing performance through an application's life cycle. Because the source code of the components involved isn't available;3;[180472, 58778, 9011553, 35140, 513359, 166142, 128751, 11653];['adoption', 'system', 'New Challenge', 'performance', 'biological life cycle', 'application', 'source code', 'electronic component']
In a pilot process improvement program to move from CMM level 3 to level 5;3;[40056, 929673];['computer program', 'Capability Maturity Model']
The inadequacies of conventional parallel languages for programming multicomputers are identified. The C* language is briefly reviewed;3;[2184645, 315, 80006, 623];['deficiency', 'language', 'computer programming', 'carbon']
The use of a restricted class of invariants as part of a language supports both the accurate synthesis of high-level programs and their translation into efficient implementations.;3;[7901733, 4479242, 362031, 7401, 315, 7662706, 40056, 7553, 245962];['Use', 'class', 'variance', 'part', 'language', 'synthesis', 'computer program', 'translation', 'implementation']
Safety-critical systems;3;[28130043];['Critical system']
An integrated environment for requirements engineering that supports participatory development activities is described. The environment helps ensure quality by supporting and encouraging group participation and interaction. The computer-supported cooperative-work environment supports the development and analysis of system-and-software-level requirements for large;3;[2249676, 1761598, 1395034, 2249676, 185957, 83478, 1665869, 628858, 1395034, 7754, 1761598];['environment', 'software requirements specification', 'new product development', 'environment', 'quality', 'group', 'interaction', 'workplace', 'new product development', 'mathematical analysis', 'software requirements specification']
While formal methods are gaining acceptance in the software industry;3;[1049183, 1193004, 880371];['formal methods', 'offer and acceptance', 'software industry']
To process high-volume input dataýsuch as the scanned images of publisher's book and journal collectionsýcontent understanding systems should run automatically;3;[210947, 478798, 2608849, 571, 737498, 58778];['factor of production', 'image', 'imprint', 'book', 'academic journal', 'system']
The problems that surround software technology transfer are examined. It is suggested that for software engineers to understand these problems;3;[759676, 7397, 1709010, 759676];['task', 'software', 'software engineer', 'task']
Incremental changes add new functionality and new properties to software. They are the basis of software maintenance;3;[54869047, 6422240, 189569, 940053];['changes', 'property', 'basis', 'Software maintenance']
Many software-development environments capture and structure all project information in one or more databases. As these data-gathering techniques become more effective;3;[1395034, 11028, 8513, 2991771];['new product development', 'information', 'database', 'gathering']
Distributed software development is pervasive in the software industry today as companies vie to leverage global resources. However;3;[638608, 880371, 130838, 783794, 1554231];['software development', 'software industry', 'Today', 'company', 'resource']
A maintenance project's team size depends on the rate at which maintenance requests arrive and the importance of servicing each request quickly. The author presents a five-step method for staffing maintenance projects based on this idea. The method uses results from a queuing model that are presented as a lookup table for ease of use. This result is then refined using experiential and qualitative inputs to yield a useful and practical staffing estimate. The author illustrates the method using data from an actual project.;3;[4049983, 1043452, 1144560, 1043452, 216601, 482980, 190686, 1043452, 131841, 190686, 2995644, 486902, 690265, 216378, 7901733, 2995644, 210947, 965330, 482980, 190686, 42848, 170584];['cardinality', 'maintenance', 'rate', 'maintenance', 'object', 'author', 'subroutine', 'maintenance', 'idea', 'subroutine', 'result', 'mathematical model', 'lookup table', 'usability', 'Use', 'result', 'factor of production', 'project management estimation', 'author', 'subroutine', 'data', 'project']
Mentors are crucial for an organization that is learning object orientation;3;[2343923, 43229, 488383];['T-34 Mentor', 'organization', 'object']
As the glue that links fragmented sources of knowledge;3;[17629108, 128751, 9081];['Glue', 'source code', 'knowledge']
Literate programming tools let you arrange the parts of a program in any order and extract documentation and code from the same source file. The author argues that language-dependence and feature complexity have hampered acceptance of these tools;3;[1077784, 7401, 40056, 1473607, 788790, 188889, 128751, 482980, 723897, 12029, 315, 42139305, 1193004, 39546];['programming tool', 'part', 'computer program', 'degree of a polynomial', 'documentation', 'code', 'source code', 'author', 'complexity', 'addiction', 'language', 'feature', 'offer and acceptance', 'tool']
Nonblocking atomic commitment is a well-known agreement problem of practical interest to distributed-systems engineers and designers. The authors present this problem as a case study in the context of synchronous and asynchronous distributed systems to survey recent notions about failure detection. They also show how systems engineers can use these findings to gain deeper insight into the challenges they encounter.;3;[5152897, 93288, 170924, 81096, 5322166, 482980, 759676, 155207, 196626, 3962217, 7063059, 1121708, 81096, 639907, 1553259, 2988681];['Commitment', 'contract', 'interest', 'engineer', 'designer', 'author', 'task', 'case study', 'context', 'distributed system', 'notions', 'failure', 'engineer', 'medical finding', 'insight', 'achievement']
Two Unix environments developed for programming parallel computers to handle image-processing and vision applications are described. Visx is a portable environment for the development of vision applications that has been used for many years on serial computers in research. Visx was adapted to run on a multiprocessor with modest parallelism by using functional decomposition and standard operating-system capabilities to exploit the parallel hardware. Paragon is a high-level environment for multiprocessor systems that has facilities for both functional decomposition and data partitioning. It provides primitives that will work efficiently on several parallel-processing systems. Paragon's primitives can be used to build special image-processing operations;3;[11368, 68, 166142, 1053535, 478798, 162668, 2249676, 1395034, 166142, 577, 2501344, 42240, 3822650, 232661, 5215396, 58778, 3966, 23804986, 207988, 58778, 4688921, 5215396, 42848, 866399, 7243545, 58778, 7243545, 23804986, 3884033];['Unix', 'computer', 'application', 'Processing', 'image', 'visual perception', 'environment', 'new product development', 'application', 'year', 'Serial computer', 'research', 'multiprocessor system', 'parallel computing', 'functional decomposition', 'system', 'computer hardware', 'Paragon', 'spirit level', 'system', 'Affiliated institution', 'functional decomposition', 'data', 'liquid–liquid extraction', 'primitive', 'system', 'primitive', 'Paragon', 'operation']
How do the state of the art and the state of the practice of software engineering differ?Having surveyed them using current frameworks;3;[329338, 735, 7275, 334600, 7397, 271680];['state of the art', 'art', 'state', 'practice', 'software', 'software framework']
An overview is given of the Field environment;3;[39071317];['The Field']
How well are component-based approaches suited for the rapid design and implementation of interactive applications by distributed teams? A large geographically distributed testbed consisting of domain experts;3;[21162272, 82604, 245962, 166142, 327245, 4833645];['means', 'design', 'implementation', 'application', 'team', 'Subject-matter expert']
Psychological experiments have shown that programmers tend to use the same structure over and over. The authors call these commonly used programming structures 'cliches'. They describe a prototype;3;[101965, 5482740, 6671777, 482980, 156351, 80006, 207977];['experiment', 'programmer', 'structure', 'author', 'cliché', 'computer programming', 'prototype']
In today's software development environment;3;[7397, 130838];['software', 'Today']
Object View Interaction Design is a structured design methodology that helps the design team create a good;3;[7928745, 185698, 82604, 28877];['View', 'methodology', 'design', 'goods']
Requirements Analysts Must Also Be Inventors;3;[969812, 7742409];['Analyst', 'The Inventor']
Software development is a complex;3;[638608, 238156];['software development', 'coordination complex']
Software analysts create many artifacts;3;[2058241, 220659];['software analyst', 'archaeological artifact']
Predicting the user's navigational behavior in the exploration process of a hypermedia device is a quite difficult task due to the high number of cognitive and technical factors involved. To measure the quality of a navigational model;3;[9332, 278368, 205663, 3966, 759676, 11563, 760170, 185957, 486902];['behavior', 'user', 'process', 'computer hardware', 'task', 'number', 'enumerated type', 'quality', 'mathematical model']
Accelerated stress testing reduces the calendar time required to test a system;3;[1936882, 11471, 58778];['stress testing', 'time', 'system']
"The author extracts from several measurement projects some of the important lessons he has learned about measurement in general and design measurement in particular. He synthesizes from these lessons a design-measurement framework in an attempt to communicate his personal measurement experience to other software engineers. The lessons he has learned fall into three areas: (1) how measurement must be applied in individual experiments or case studies; (2) how measurement can help continuously improve an organization's state of the practice; and (3) why measurement requires automated support.";3;[482980, 12453, 379833, 12453, 12453, 379833, 271680, 29142, 282250, 1709010, 379833, 11500, 12453, 101965, 155207, 12453, 7275, 43229, 334600, 12453, 1136376];['author', 'measurement', 'lesson', 'measurement', 'measurement', 'lesson', 'software framework', 'attempt', 'qualia', 'software engineer', 'lesson', 'area', 'measurement', 'experiment', 'case study', 'measurement', 'state', 'organization', 'practice', 'measurement', 'support']
The software content in consumer electronics products has increased significantly in recent years. In the late 1980s;3;[7397, 40276, 577, 34644];['software', 'multiplication', 'year', '1980s']
The Task Sequencing Language (TSL);3;[60741417, 7687449];['Language', 'Tasmanian State League']
Multithreading provides a popular mechanism for achieving concurrency;3;[517596, 1414548];['mechanism', 'concurrency']
"The authors present a characterization of design decisions that is based on the analysis of programming constructs. The characterization underlies a framework for documenting and manipulating design information to facilitate maintenance and reuse activities. They identify and describe the following categories of design decisions: composition and decomposition; encapsulation and interleaving; generalization and specialization; representation; data and procedures; and function and relation. The authors discuss how to recognize and represent design decisions.";3;[482980, 2667413, 82604, 7754, 80006, 2667413, 271680, 11028, 61788060, 1043452, 846574, 719395, 82604, 244761, 339062, 1305241, 17092530, 170084, 13405460, 853614, 42848, 190686, 11348, 277521, 482980, 82604];['author', 'characterization', 'design', 'mathematical analysis', 'computer programming', 'characterization', 'software framework', 'information', 'human activity', 'maintenance', 'reuse', 'category', 'design', 'function composition', 'decomposition', 'encapsulation', 'interleaving', 'generalization', 'specialization', 'identifier', 'data', 'subroutine', 'function', 'relation', 'author', 'design']
Managing software maintenance projects is difficult;3;[7397];['software']
Release planning is an important and integral part of any incremental product development. It addresses decisions related to selecting and assigning features to a consecutive product releases such that the plan meets important technical;3;[309100, 7401, 40276, 732833, 42139305, 40276, 1371819];['planning', 'part', 'multiplication', 'decision', 'feature', 'multiplication', 'plan']
Software organizations' main assets are not plants;3;[46737, 43229, 756];['asset', 'organization', 'plant']
The authors' development process integrates portions of an iterative;3;[1395034, 482980, 15989253];['new product development', 'author', 'part']
The use of code inspection to detect errors in ultralarge software projects is discussed. In particular;3;[7901733, 188889, 29485, 170584];['Use', 'code', 'error', 'project']
New software engineering programs are popular but controversial. Offering such degrees has been the subject of hype by some who believe a new SE program will address industrial software development problems (failing to realize exactly what a new program should offer and when it is most appropriate to be offered). New programs have also received deep criticism and subjective evaluation by many traditional computer scientists who see them merely as an opportunity to provide industrial training in programming (but who fail to understand the complexities of software). In many ways;3;[7397, 189533, 164573, 5957298, 34, 1395034, 40056, 40056, 17955, 27318, 82594, 193538, 918385, 80006, 723897, 7397, 17641254];['software', 'academic degree', 'subject', 'Hype', 'Sweden', 'new product development', 'computer program', 'computer program', 'criticism', 'test', 'computer scientist', 'Opportunity', 'training', 'computer programming', 'complexity', 'software', 'Andrew John Henry Way']
Object-oriented development identifies classes and relationships in the problem domain and carries them seamlessly into design and implementation. Entity-life modeling extends this modeling idea into the time domain. ELM identifies sequences of event occurrences in the problem space called event threads;3;[1395034, 4479242, 223642, 613373, 82604, 245962, 3, 131841, 185889, 4242688, 133250, 10290214, 4169, 213092];['new product development', 'class', 'interpersonal relationship', 'Problem domain', 'design', 'implementation', 'life', 'idea', 'time domain', 'Elmira Corning Regional Airport', 'sequence', 'event', 'outer space', 'thread']
The author proposes a disciplined multitasking method;3;[482980, 190686];['author', 'subroutine']
Empirical studies of four distinct free and open source software development communities find at least five common types of development processes. These communities;3;[28106657, 177634, 190087, 1395034, 177634];['model sheet', 'community', 'data type', 'new product development', 'community']
The author discovered;3;[482980];['author']
The manufacturing-application framework described here lets you develop software from components without programming. The framework's design generalizes the class structure which models a fixed domain application through a sequence of transformations.;3;[756637, 7397, 11653, 80006, 82604, 271680, 4479242, 166142, 133250, 461499];['application framework', 'software', 'electronic component', 'computer programming', 'design', 'software framework', 'class', 'application', 'sequence', 'transformation']
An organization faces many challenging decisions when transitioning to product line development: What's the best way to adopt a product line approach? How can we avoid disrupting regular product development? Once adopted;3;[43229, 732833, 40276, 2383221, 40276, 40276];['organization', 'decision', 'multiplication', 'Best Way', 'multiplication', 'multiplication']
In an effort to improve software development and acquisition processes and explicitly reuse knowledge from previous software projects;3;[14536140, 638608, 205663, 9081, 7554222];['exertion', 'software development', 'process', 'knowledge', 'Software Projects']
Considers how dynamic queries allow users to fly through databases by adjusting widgets and viewing the animated results. In studies;3;[11169, 278368, 8513, 2467478, 2995644, 28106657];['question mark', 'user', 'database', 'widget', 'result', 'model sheet']
Drawing on extensive data from the NASA Space Shuttle's guidance software;3;[42848, 5615400, 48806];['data', 'Guidance Software', 'Space Shuttle']
The experience of a team that evaluated many reliability models and tried to validate them for the on-board system software of the National Aeronautics and Space Administration's (NASA's) space shuttle is presented. It is shown that three separate but related functions comprise an integrated reliability program: prediction;3;[282250, 327245, 18748, 676202, 188628, 474341, 6970077, 259471, 1457764, 600142, 23548, 11348, 40056, 748250];['qualia', 'team', 'reliability', 'system software', 'board of directors', 'receivership', 'National', 'Aeronautics', 'CTV Sci-Fi Channel', 'Shuttlecraft', 'National Aeronautics and Space Administration', 'function', 'computer program', 'prediction']
Networking software;3;[7397];['software']
The potential benefits of using models are significantly greater in software than in other engineering disciplines because of the potential for a seamless link between models and the systems they represent. Unfortunately;3;[2383321, 486902, 7397, 12015335, 1202245, 102014, 486902, 58778];['yield', 'mathematical model', 'software', 'area of engineering', 'potential', 'hyperlink', 'mathematical model', 'system']
The model-driven approach can increase development productivity and quality by describing important aspects of a solution with human-friendly abstractions and by generating common application fragments with templates. This article examines different approaches to model transformations and recommends desirable language characteristics for describing them.;3;[21162272, 1395034, 185957, 208084, 5447188, 224055, 166142, 2083958, 103184, 4656436, 258040, 315];['means', 'new product development', 'quality', 'aspect', 'solution', 'abstraction', 'application', 'pattern', 'article', 'A Different Approach', 'Model transformation', 'language']
For applications such as management information systems;3;[166142, 61905];['application', 'management information system']
Over the past decade;3;[39911];['decade']
Design principles are one of the most advocated ideas in software construction;3;[211364, 131841, 3398377];['principle', 'idea', 'Software construction']
Ideas and techniques from the social sciences can improve the theory and practice of the software engineering discipline. To illustrate the contributions this cross-pollination has made;3;[1656673, 21162272, 34749, 17737, 334600, 7397, 25096743, 134624];['Idea Cellular', 'means', 'social science', 'theory', 'practice', 'software', 'Contribution', 'pollination']
Although software engineering is not yet a true engineering discipline;3;[80993, 12015335];['software engineering', 'area of engineering']
One of the more difficult decisions designers face in this area is selecting an appropriate architectural style.In this article;3;[5322166, 11500, 32880, 103184];['designer', 'area', 'architectural style', 'article']
This retrospective on nearly two decades of software architecture research examines the software architecture field's maturation by tracing the evolution of research questions and results. Early qualitative results set the stage for later precision;3;[1399118, 39911, 7397, 7397, 1063, 1438033, 2995644, 2995644, 339249, 19352408];['retrospective', 'decade', 'software', 'software', 'evolution', 'research question', 'result', 'result', 'stagecoach', 'precision']
The gap between theory and practice of reliability measurement in software design is discussed;3;[4153227, 17737, 334600, 18748, 857102];['gap', 'theory', 'practice', 'reliability', 'software design']
A method for assessing the differential risk of failure among a system's modules is proposed. The procedure has three components: external-risk assessment;3;[190686, 104493, 1121708, 18848, 58778, 190686, 11653, 1058438];['subroutine', 'risk', 'failure', 'module', 'system', 'subroutine', 'electronic component', 'risk assessment']
The US Army first attempted to improve these processes using Cleanroom methods at its Life Cycle Software Engineering Center at Picatinny Arsenal;3;[9212, 205663, 190686, 5377814, 5620894];['United States Army', 'process', 'subroutine', 'Engineering Center', 'Picatinny Arsenal']
Recent extensions to the VIPS debugger are described. In the original version of VIPS;3;[184148, 61100464, 17152495, 61100464];['plug-in', 'VIP', 'artwork original version', 'VIP']
The authors describe a knowledge-based design support system;3;[482980, 82604];['author', 'design']
This article defines a software architecture as a virtual machine that underlies a system. The authors use an object-oriented analysis method to model both the application and the architecture;3;[103184, 846636, 192726, 58778, 482980, 7754, 166142, 12271];['article', 'software architecture', 'virtual machine', 'system', 'author', 'mathematical analysis', 'application', 'architecture']
The use of the objects and actions computational model to develop Arjuna is discussed;3;[7901733, 1122506, 488383, 188473, 185790];['Use', 'computational model', 'object', 'action film', 'Arjuna']
Requirements engineering is likely to be a major issue in this decade. The author examines two widely held beliefs: requirements describe a system's what;3;[376937, 86447, 39911, 482980, 34394, 1761598, 58778];['requirements engineering', 'issue', 'decade', 'author', 'belief', 'software requirements specification', 'system']
Developments in requirements engineering;3;[3025404, 1761598];['Development', 'software requirements specification']
Although user interfaces represent an essential part of software systems;3;[47146, 7401, 2429814];['user interface', 'part', 'software system']
Discussions of software quality typically focus on the development process or the characteristics of the software product. The third level of quality - the outcome of software development - is usually neglected;3;[1412670, 1395034, 937228, 7397, 207988, 185957, 17104930, 638608];['software quality', 'new product development', 'property', 'software', 'spirit level', 'quality', 'outcome', 'software development']
As the manager of a small software-reengineering company;3;[3246315, 783794];['head coach', 'company']
Core concepts in object-oriented technology are defined. The concepts are the basis for characterizing and contrasting various object-oriented technologies. The core concepts are: all objects embody an abstraction;3;[151885, 11016, 151885, 189569, 11016, 151885, 488383, 224055];['concept', 'technology', 'concept', 'basis', 'technology', 'concept', 'object', 'abstraction']
Software practitioners often hear;3;[7554175];['Software']
Software developers traditionally use data repositories for record keeping. A statistical process control method for mining software repositories with uncertainty in a model-driven development environment creates a new;3;[5482740, 5227240, 178588, 190686, 17103945, 13649246, 1395034];['programmer', 'data library', 'gramophone record', 'subroutine', 'Mining Software Repositories', 'uncertainty', 'new product development']
Personal software process quality helps determine the success of software projects and orga-nizations. The authors dig deeper into the factors affecting personal processes.;3;[205663, 50000, 7554222, 7101742, 482980, 760170, 205663];['process', 'victory', 'Software Projects', 'Orga', 'author', 'enumerated type', 'process']
In a real-time system;3;[11471];['time']
Open source development is often regarded as a chaotic environment where new initiatives' success or failure just happens by chance. However;3;[128751, 2249676, 50000, 660064, 1121708, 12470060];['source code', 'environment', 'victory', 'ballot initiative', 'failure', 'Chance the Rapper']
The authors describe their multiprocessing extensions to Common Lisp. They have added a few simple;3;[482980, 184148, 849146, 48428626];['author', 'plug-in', 'Common Lisp', 'Alexander Kostyliev']
Requirements elicitation and documentation are complex activities. The quality of their products can improve through stakeholders' participation;3;[838667, 788790, 61788060, 185957, 40276, 1773152, 852998];['Requirements elicitation', 'documentation', 'human activity', 'quality', 'multiplication', 'participation', 'stakeholder']
The availability of testing infrastructure is a major factor in product development projectcosts. Software virtualization is a powerful mechanism for simulating a test setup on a few desktopsthat would otherwise require real equipment. It has shown a savings of about 30 percent of overallproduct development costs by executing 80 percent of unit testing and 25 percent of grey- andblack-box testing in the desktop environment. Both open source and commercial products are availableto support it.;3;[384871, 121359, 760170, 40276, 270471, 517596, 27318, 25206207, 319622, 11229, 1395034, 11229, 907375, 11229, 3975, 205020, 1130645, 40276];['availability', 'infrastructure', 'enumerated type', 'multiplication', 'virtualization', 'mechanism', 'test', 'Equipment', 'saving', 'percent', 'new product development', 'percent', 'unit testing', 'percent', 'computer case', 'desktop environment', 'open-source software', 'multiplication']
Eclipse is a leading development environment that provides a rich set of features supporting Java development. However;3;[150901, 1395034, 36161, 42139305, 251];['The Dark Side of the Moon', 'new product development', 'set', 'feature', 'Java']
Leveraging offshore staff for software development is rapidly becoming the norm in the Corporate Legal Services division at Wolters Kluwer;3;[6813432, 638608, 956437, 169534, 249798];['staff', 'software development', 'norm', 'division', 'Wolters Kluwer']
Many software development professionals and managers aren't fully convinced that programs to raise their organizations' CMM level will provide a good return on investment. Unfortunately;3;[7397, 3246315, 40056, 929673, 43229, 283976, 4290];['software', 'head coach', 'computer program', 'Capability Maturity Model', 'organization', 'carriage return', 'investment']
In recent years;3;[577];['year']
User-centered design influences product differentiation;3;[82604];['design']
Requirements engineers often use interviews to discover users' needs. However;3;[81096, 178651, 190258, 278368];['engineer', 'interview', 'need', 'user']
The knowledge-intensive nature of current global software development efforts poses interesting challenges. Organizations must manage knowledge in all stages of software development effortsfrom encapsulating design requirements to creating and testing programs;3;[7860, 1395034, 2988681, 1986084, 9081, 339249, 638608, 82604, 1003030, 40056];['nature', 'new product development', 'achievement', 'The Organization', 'knowledge', 'stagecoach', 'software development', 'design', 'test', 'computer program']
Mobile computing devices are ubiquitous;3;[3966];['computer hardware']
Successful technology transfer requires close cooperation and collaboration between researchers and practitioners. Researchers need to observe the challenges facing industry firsthand and tailor their work accordingly. Practitioners can help shape technology development on the basis of tangible issues identified on site. This article presents a seven-step technology transfer model that reflects collaborations between university researchers and practitioners at two Swedish companies. The authors discuss key lessons learned for each of these seven steps.;3;[1061910, 380962, 1145523, 1650915, 16968515, 2988681, 8148, 42213, 11016, 189569, 86447, 35127, 103184, 486902, 1145523, 3918, 783794, 482980, 379833, 17525443];['technology transfer', 'cooperation', 'collaboration', 'researcher', 'Researcher', 'achievement', 'industry', 'work', 'technology', 'basis', 'issue', 'website', 'article', 'mathematical model', 'collaboration', 'university', 'company', 'author', 'lesson', 'middle']
Static code checkers are usually deployed after compilation and before testing. The success of Lint;3;[188889, 1020767, 1003030, 50000, 503710];['code', 'product bundling', 'test', 'victory', 'Tim Armstrong']
Software engineering is a relatively young field and experimental software engineering is even younger;3;[80993, 190109, 80993];['software engineering', 'field', 'software engineering']
Requirements are the initial and basic building blocks combining processes in a product's life-cycle. The article describes a field study with data from 246 industry projects in the domains of software platforms;3;[1761598, 28457661, 205663, 11442, 40276, 103184, 1402508, 42848, 8148, 146481, 271680];['software requirements specification', 'Building block', 'process', 'bicycle', 'multiplication', 'article', 'field research', 'data', 'industry', 'domain', 'software framework']
Open source software offers a unique opportunity for improving learning outcomes for software engineering and computer science education. This article describes experiences exploiting OSS to enhance the practical aspects of such programs. To date;3;[7397, 193538, 17104930, 8434, 11023, 7397, 21198, 103184, 282250, 1130645, 208084, 40056, 654810];['software', 'Opportunity', 'outcome', 'education', 'engineering', 'software', 'computer science', 'article', 'qualia', 'open-source software', 'aspect', 'computer program', 'dating']
System integrators considering software components depend on component suppliers to adequately describe their components. A component description must be trustworthy and contain sufficient detail for integrators to understand its real abilities. In response to this dilemma;3;[1149029, 7397, 11653, 11653, 11653, 15059449, 2081431, 1347367, 7315950, 254128];['systems integrator', 'software', 'electronic component', 'electronic component', 'electronic component', 'Detail', 'Integrator', 'capability', 'response', 'dilemma']
Distribution in software development projects is a complex phenomenon with many dimensions. In addition to the obvious physical dimension entailed by geographically dispersed project personnel and resources;3;[1781748, 63437139, 483247, 4440864, 32043, 4440864, 170584, 1554231];['Distribution', 'software project', 'phenomenon', 'dimension', 'addition', 'dimension', 'project', 'resource']
An interesting issue facing software engineering relates to the evidence for adopting new techniques;3;[86447, 80993, 1347572, 21162272];['issue', 'software engineering', 'evidence', 'means']
The authors demonstrate that the recommendations for analyzing productivity in the appendix to the ISO/IEC 15939 standard are inappropriate. They also show that problems with the ISO/IEC advice can be compounded if software engineers attempt to apply statistical process-control techniques to software productivity metrics. They recommend using small meaningful data sets as the basis for productivity analysis and using effort-estimation models to assess productivity rather than productivity metrics.This article is part of a special focus section on software metrics.;3;[482980, 1120221, 2111958, 9656, 399495, 193858, 15028, 759676, 193858, 1709010, 11175, 865746, 36161, 189569, 7754, 486902, 2111958, 865746, 103184, 7401, 190909, 657339];['author', 'recommendation', 'productivity', 'appendix', 'standard language', 'International Electrotechnical Commission', 'International Organization for Standardization', 'task', 'International Electrotechnical Commission', 'software engineer', 'circumflex', 'metric function', 'set', 'basis', 'mathematical analysis', 'mathematical model', 'productivity', 'metric function', 'article', 'part', 'focus', 'software metric']
Development of today's information systems must take a service-centric approach. The drive is toward designing service-centric systems involving well-defined;3;[3025404, 121182, 130838, 21162272, 999646, 58778];['Development', 'information system', 'Today', 'means', 'driving', 'system']
The authors propose an infrastructure for rapidly prototyping applications from open source software components. The Adaptable Multi-Interface Communicator infrastructure (AMICO) is based on ideas of middleware platforms for component integration;3;[482980, 121359, 166142, 7397, 121359, 38170529, 131841, 146768, 80091];['author', 'infrastructure', 'application', 'software', 'infrastructure', 'Amico', 'idea', 'middleware', 'integral']
Engineers using free and open source software created many of today's most innovative products and solutions. FOSS also changed the way we develop software. IEEE Software's Open Source column first appeared in this magazine in July 2004. In this last column;3;[3725354, 7397, 40276, 130838, 5447188, 62093643, 17641254, 7397, 4817, 845647, 41298, 121, 4817];['Engineers', 'software', 'multiplication', 'Today', 'solution', 'Foss', 'Andrew John Henry Way', 'software', 'column', 'IEEE Software', 'magazine', 'July', 'column']
Many studies have analyzed general software development practices and how organizations can better support them. However;3;[28106657, 7397, 43229];['model sheet', 'software', 'organization']
Requirements engineering must manage the risks arising from project stakeholders. The Outcome-Based Stakeholder Risk Assessment Model (Obsram) provides guidance in stakeholder identification;3;[376937, 104493, 852998, 12541, 25096748, 852998];['requirements engineering', 'risk', 'stakeholder', 'Risk', 'Guidance', 'stakeholder']
Performance design and performance testing are necessarily different from functional test case design. A rigorous test-driven design methodology isn't practical for all performance measurement. A test-first approach to performance provides some advantages in a TDD environment. Experience with applying early performance testing in a TDD framework for a device-driver development project provides insight into the test-first approach. The results show a trend of performance improvement throughout the development life cycle;3;[733968, 82604, 35140, 82604, 185698, 1771949, 21162272, 35140, 4686406, 950250, 1070883, 35140, 950250, 1395034, 1553259, 21162272, 2995644, 13427002, 3643177, 11442];['Performance', 'design', 'performance', 'design', 'methodology', 'performance measurement', 'means', 'performance', 'advantage', 'test-driven development', 'Experience', 'performance', 'test-driven development', 'new product development', 'insight', 'means', 'result', 'fad', 'Performance improvement', 'bicycle']
Software inspection is a rigorous process for validating software work products that's both efficient and cost effective. However;3;[929972, 205663, 7397, 240673];['Software inspection', 'process', 'software', 'cost']
Copy-pasting code is a source of bugs. By employing in our programs abstraction mechanisms such as functions;3;[188889, 128751, 1390, 40056, 224055, 11348];['code', 'source code', 'insect', 'computer program', 'abstraction', 'function']
The emergence of the model-driven development paradigm has revitalized interest in domain-specific languages. Embedding a DSL in a dynamic language facilitates rapid development. This article illustrates dynamic-language features and techniques that the authors found useful while developing embedded DSLs in Ruby for a model-driven development tool. For this domain;3;[215772, 28643, 170924, 315, 691358, 315, 1395034, 103184, 315, 21162272, 482980, 691358, 3942185, 1077784, 146481];['emergence', 'paradigm', 'interest', 'language', 'domain-specific language', 'language', 'new product development', 'article', 'language', 'means', 'author', 'domain-specific language', 'Ruby Rose', 'programming tool', 'domain']
An enhanced wiki-centered framework acts as a knowledge-sharing platform for software development teams in small and medium-sized software enterprises.;3;[271680, 241317, 7397, 7397];['software framework', 'computing platform', 'software', 'software']
Composing software services requires solving both low-level technical problems and high-level semantic issues. Two complementary tools allow service composition within domains. The first lets users develop general service-oriented applications. It relies on the notions of abstract and concrete services and uses a generative approach to obtain executable applications. The second tool lets users define domain-specific knowledge and specialize the first tool for a given domain. The resulting domain-centric environment allows for abstract specifications of service-oriented applications. The authors have successfully used this environment to develop Internet gateways in the power-distribution field. This article is part of a special issue on service-centric software systems.;3;[7397, 759676, 207988, 86447, 207988, 39546, 44127, 146481, 278368, 166142, 7063059, 44127, 21162272, 166142, 39546, 278368, 9081, 39546, 146481, 2249676, 2101564, 166142, 482980, 2249676, 75, 200726, 103184, 7401, 86447, 2429814];['software', 'task', 'spirit level', 'issue', 'spirit level', 'tool', 'server', 'domain', 'user', 'application', 'notions', 'server', 'means', 'application', 'tool', 'user', 'knowledge', 'tool', 'domain', 'environment', 'specification', 'application', 'author', 'environment', 'Internet', 'probability distribution', 'article', 'part', 'issue', 'software system']
Recent advances in mobile computing technologies mean that mobile tools have the potential to determine stakeholder needs in the workplace;3;[898429, 179310, 39546, 1202245, 852998, 628858];['constantan', 'computing', 'tool', 'potential', 'stakeholder', 'workplace']
In this column;3;[4817];['column']
Developing component-based systems supports reuse and modularity but introduces new compatibility problems. Testing and analysis are usually based on the availability of either the source code or the specifications;3;[58778, 846574, 912009, 1319773, 54204812, 7754, 384871, 128751, 2101564];['system', 'reuse', 'modularity', 'consistency', 'Testing', 'mathematical analysis', 'availability', 'source code', 'specification']
An explanation of test-driven development often begins by describing the red-green-refactor cycle. This slogan is so catchy and the description so simple that practitioners and tool developers tend to focus only on this localized cycle. Experience has shown that a successful functional test-driven development strategy must span the entire application life cycle and must be supported by effective tools. This article is a call to improve the state of the art of functional test-driven development by reflecting on the state of the art;3;[7958, 1395034, 11442, 30515, 1200750, 1070883, 185451, 11442, 39546, 103184, 353659, 7275, 735, 1395034, 329338, 735];['explanation', 'new product development', 'bicycle', 'slogan', 'description', 'Experience', 'strategy', 'bicycle', 'tool', 'article', 'call sign', 'state', 'art', 'new product development', 'state of the art', 'art']
Many complex applications use a Web browser as their main user interface. However;3;[166142, 6368, 47146];['application', 'web browser', 'user interface']
Employing version control and separating test and production systems from each other are well-known software engineering practices. However;3;[189439, 581319, 27318, 7397];['version control', 'production system', 'test', 'software']
Mash-ups are an emerging paradigm for online applications that combine functionality from various sources. The Semantic Web;3;[3350076, 28643, 166142, 128751, 54837];['Mashrafe Mortaza', 'paradigm', 'application', 'source code', 'Semantic Web']
Researchers used four software reliability growth models in the final test phases of three embedded software projects to predict the software's remaining faults. They compared the models' predictions to expert predictions and the actual results. The models outperformed the experts in predicting the total number of faults at 25 percent of the elapsed test-time. The researchers concluded that software reliability growth models are useful for supporting management decisions during a software product's final test phases;3;[16968515, 7397, 185553, 7554222, 47089, 7397, 748250, 486902, 748250, 2995644, 486902, 381160, 11563, 47089, 11229, 11471, 1650915, 7397, 732833, 185553, 7397];['Researcher', 'software', 'phase', 'Software Projects', 'fault', 'software', 'prediction', 'mathematical model', 'prediction', 'result', 'mathematical model', 'expert', 'number', 'fault', 'percent', 'time', 'researcher', 'software', 'decision', 'phase', 'software']
The PAWS (Processes with Adaptive Web Services) framework facilitates flexible and adaptive execution of managed Web-service-based business processes. The framework coherently integrates several service-adaptation modules and uniquely couples design-time and runtime mechanisms for process specification and global framework execution. During design;3;[3188001, 30597847, 193424, 271680, 245962, 851587, 271680, 18848, 517596, 191290, 11471, 288510, 7247301, 271680, 82604];['plasma arc welding', 'Process', 'web service', 'software framework', 'implementation', 'business process', 'software framework', 'module', 'mechanism', 'ordered pair', 'time', 'run time', 'Process specification', 'software framework', 'design']
Using scenarios can help you quantify your requirements. Scenarios make requirements quantification easier by describing and restricting the context necessary for quantification.;3;[103076, 1761598, 7430723, 1761598, 196626, 592911];['screenplay', 'software requirements specification', 'Scenario', 'software requirements specification', 'context', 'quantification']
Incorporating dimensional-analysis facilities in a language lets an environment detect an additional class of errors;3;[7754, 315, 2249676, 4479242, 29485];['mathematical analysis', 'language', 'environment', 'class', 'error']
An expert-system planner is presented to automate the clerical and routine activities associated with software development using present-day environments such as Unix. The three functions of such a planner-coordination of tools;3;[58778, 61788060, 638608, 573, 11368, 11348, 2463100, 39546];['system', 'human activity', 'software development', 'day', 'Unix', 'function', 'motor coordination', 'tool']
